title,item_id,model_id,site,link_online_date,sku_online_date,l2,l3,l4,img,link,price_calc,price_front,ado_61_90,ado_31_60,ado_30,ado_7_14,ado_7
买一送一！户外防水IP67 150000W太阳能泛光灯LED灯带遥控器,27084731745,326243600251,PH,2025-04-24,2026-07-21,灯具,太阳能灯,太阳能投光灯,https://cf.shopee.ph/file/ph-11134207-820ld-mq4ic6sx44ct58,http://shopee.ph/product/704726832/27084731745,9.18,6.59,43.31,19.74,42.08,50.17,84.74
5/10/20/50 个 24 英寸（60 厘米）水晶泡泡气球套装，适用于派对和活动装饰,58214118463,199191666001,BR,2026-07-13,2026-07-13,派对用品,气球,,https://cf.shopee.com.br/file/br-11134207-820lc-mqkwg1ltimm87e,http://shopee.com.br/product/481485318/58214118463,-0.79,4.15,,,7.18,10.83,16.71
六月节日的彩色塑料彩旗 (200m、300m、400m、500m) - 耐用装饰绳 - Arraiá São João（圣约翰节）,58263460320,189623668751,BR,2026-07-01,2026-07-01,派对用品,背景幕布和横幅,,https://cf.shopee.com.br/file/br-11134207-820l6-mq3ymy363ri9ec,http://shopee.com.br/product/1716691932/58263460320,31.55,14.02,,0.22,5.66,1.83,2.29
TBF 2026年独立日背景幕布 | 高级帆布背景幕布 | 防水活动横幅 | 4种尺寸 | 4种设计,54163899638,381258187063,MY,2026-07-13,2026-07-23,派对用品,背景幕布和横幅,,https://cf.shopee.com.my/file/my-11134207-820l9-mqzuiednxh5841,http://shopee.com.my/product/344284946/54163899638,15.5,5.84,,,5.36,1.89,19.82
圆形桌布，奶牛图案，热升华印花弹力布，50厘米,19299896387,297819656342,BR,2025-10-08,2026-07-24,派对用品,背景幕布和横幅,,https://cf.shopee.com.br/file/br-11134207-820ls-mr1pwg9bhbly14,http://shopee.com.br/product/823626901/19299896387,-15.72,3.95,2.89,1.82,3.91,3.17,5.43
生日快乐横幅、白色旗帜套装、带LED灯的串灯、派对装饰、摆件,58212128489,199624145313,BR,2026-06-09,2026-07-14,派对用品,腰带,,https://cf.shopee.com.br/file/br-11134201-820lu-mqm9uw6hi8eaa4,http://shopee.com.br/product/346271558/58212128489,3.94,4.53,,2.09,4.88,4.25,5.5
可爱熊猫卡通动物发光夜暖灯卧室床头桌面装饰灯,58064993453,287830165912,PH,2026-07-28,2026-07-28,灯具,装饰氛围灯,灯串/灯带/窗帘灯/装饰灯/舞台灯,https://cf.shopee.ph/file/sg-11134201-8260i-mm1qgiel2dxc9e,http://shopee.ph/product/1749339138/58064993453,-3.5,0.47,,,2.79,1.5,9.86
生日快乐横幅旗帜，带灯光墙背景幕布，适用于生日派对装饰,18890639825,282838351735,PH,2023-07-11,2026-07-31,派对用品,背景幕布和横幅,,https://cf.shopee.ph/file/ph-11134207-820l6-mrbcf9znxh5852,http://shopee.ph/product/681154582/18890639825,-7.42,1.13,2.31,2.12,3.33,2.69,5.11
LED灯箱装饰灯，带电影院字母标志。,22493980995,179729224703,BR,2025-05-14,2026-07-07,灯具,应急及标识照明,指示牌/灯箱招牌/标识,https://cf.shopee.com.br/file/br-11134207-820lx-mqdegjmisoaqa3,http://shopee.com.br/product/1537789406/22493980995,-53.08,3.76,,,3.08,3.83,6.57
100条一次性防水纸质腕带，彩色手环，身份识别腕带，适用于派对、活动,44703596369,366301783944,MY,2025-12-24,2026-07-31,派对用品,其他的,,https://cf.shopee.com.my/file/my-11134207-820lh-mrba7ay65ret68,http://shopee.com.my/product/1529285799/44703596369,14.92,5.43,3.5,3.07,3.99,2.25,5.71
5个金属蜘蛛侠星星气球套装（蓝色或红色）+ 1或2个蓝色数字,51914109029,361218141624,BR,2026-07-16,2026-07-16,派对用品,气球,,https://cf.shopee.com.br/file/br-11134207-820lr-mqqaa50p222p31,http://shopee.com.br/product/457402009/51914109029,-0.1,5.24,,,3.07,3.33,8.43
一套 25 毫升的杯子（20/50/100/200 个），内装亚克力 brigadeiro（巴西巧克力软糖）+ 100 个迷你勺子。,58214688528,219192110552,BR,2026-07-22,2026-07-22,派对用品,一次性餐具,,https://cf.shopee.com.br/file/sg-11134201-825ak-mqxkpkcko935d7,http://shopee.com.br/product/1734862186/58214688528,-34.2,2.96,,,9.89,5.17,35.14
Agar.Shop 高品质皇冠+绶带套装生日装饰,24033139448,341281459054,PH,2024-07-06,2026-07-27,派对用品,腰带,,https://cf.shopee.ph/file/ph-11134207-820l7-mr5p2aktt91ob1,http://shopee.ph/product/35340243/24033139448,0.48,1.45,5.78,4.96,7.92,9.4,9.42
派对装饰套装：1 个圆形蛋糕架（22 厘米）+ 2 个迷你蛋糕 + 2 个托盘/糖果盘,23297738084,277752849945,BR,2024-08-28,2026-07-03,派对用品,其他的,,https://cf.shopee.com.br/file/br-11134207-820m7-mq7opuo6t43n96,http://shopee.com.br/product/329436183/23297738084,5.84,7.29,21.77,28.26,18.21,12.17,27.0
亚克力礼品管 13厘米 - 用于装饰、儿童派对、调料罐 - 10个、20个、30个、40个和50个装,22294882115,238810873917,BR,2026-02-24,2026-07-29,派对用品,其他的,,https://cf.shopee.com.br/file/sg-11134201-825aw-mr7v30m59w5g7f,http://shopee.com.br/product/820641225/22294882115,-14.69,3.41,0.96,,8.82,,35.29
LED筒灯吸顶灯针形灯三色表面安装圆形筒灯室内照明3色220V适用于客厅家居照明房间卧室,22714295101,361291110243,PH,2022-12-26,2026-07-29,灯具,室内固定照明-天花板灯,吊灯/吸顶灯/面板灯/风扇灯,https://cf.shopee.ph/file/cn-11134207-820l4-mr8evzojjcas94,http://shopee.ph/product/923290499/22714295101,0.27,2.92,0.76,3.49,3.35,1.5,4.0
创阳射灯吸顶灯 LED嵌入式筒灯 三色可折叠筒灯 220V电源 适用于客厅卧室,21759788760,311212568764,VN,2022-11-03,2026-07-15,灯具,室内固定照明-天花板灯,吊灯/吸顶灯/面板灯/风扇灯,https://cf.shopee.vn/file/cn-11134207-820l4-mqoinoxce6fh1c,http://shopee.vn/product/399316061/21759788760,5.58,4.95,2.64,2.39,3.15,3.0,3.14
T8 LED 游乐场灯，18 瓦，彩色霓虹灯，防水，适用于店面装饰、市场摊位和商店招牌。,53813013152,346128616077,TH,2026-06-29,2026-06-29,灯具,应急及标识照明,指示牌/灯箱招牌/标识,https://cf.shopee.co.th/file/sg-11134201-824jh-mq1etmw9zgn41a,http://shopee.co.th/product/1820921733/53813013152,-9.19,1.35,,0.04,2.18,0.83,4.14
12W 20W 30W COB轨道灯，经典圆形LED灯管，高亮度，适用于服装店、餐厅、咖啡馆和家庭。,56412770979,376133774651,VN,2026-06-25,2026-06-30,灯具,室内固定照明-其他,筒灯/射灯/嵌灯/轨道灯/壁灯/镜前灯/橱窗灯,https://cf.shopee.vn/file/vn-11134207-81ztc-mpvo6bzcm96p0b,http://shopee.vn/product/1581486452/56412770979,-9.43,2.38,,0.69,9.96,11.5,12.5
2个装饰性LED球形灯，月球银河太阳系宇航员水晶球,23893729095,189624787947,BR,2025-09-01,2026-07-27,灯具,装饰氛围灯,灯串/灯带/窗帘灯/装饰灯/舞台灯,https://cf.shopee.com.br/file/br-11134207-820l6-mr5d7t2y134508,http://shopee.com.br/product/1220163366/23893729095,-44.7,5.86,3.79,7.23,26.48,31.33,38.79
100/50气球套装，适用于派对、生日、装饰和拱门 - 7英寸,49213215421,262746208292,BR,2026-07-01,2026-07-01,派对用品,气球,,https://cf.shopee.com.br/file/br-11134207-820lj-mq4x5j8kmark71,http://shopee.com.br/product/369669985/49213215421,-8.04,3.54,,0.04,14.74,17.5,18.96
海洋动物气球：鱼、章鱼、河豚——是可爱派对装饰的完美之选 (F),5277439691,254278049139,TH,2021-01-21,2026-07-03,派对用品,气球,,https://cf.shopee.co.th/file/sg-11134201-825ab-mqyxde6m330h8b,http://shopee.co.th/product/54031427/5277439691,-1.79,0.63,0.12,0.45,2.43,1.89,3.26
户外太阳能泛光灯 IP67 防水 LED 运动传感器 遥控 高亮度,24008371736,356281396241,PH,2024-01-13,2026-07-27,灯具,太阳能灯,太阳能投光灯,https://cf.shopee.ph/file/ph-11134207-820l7-mr5pegeodatg39,http://shopee.ph/product/794577330/24008371736,62.38,18.72,12.65,29.81,50.02,61.12,80.43
PP塑料杯（50个）800/900/1000毫升/1300毫升，带盖（直径120毫米）,50662193445,341206741532,VN,2026-06-14,2026-07-14,派对用品,一次性餐具,,https://cf.shopee.vn/file/vn-11134207-81ztc-mqn37pb11gqo55,http://shopee.vn/product/1839950630/50662193445,1.62,4.0,,0.98,3.24,1.58,4.43
饮品菜单标牌套装#1（带白色圆圈）。适用于商店和咖啡馆的覆膜海报标牌。,53906550819,326204559355,TH,2026-02-28,2026-07-14,派对用品,背景幕布和横幅,,https://cf.shopee.co.th/file/th-11134207-81ztm-mqmitxv0gnpd93,http://shopee.co.th/product/28701341/53906550819,1.64,2.37,3.83,8.56,5.57,4.07,5.51
20至70盒+印有趣味快乐短语的口香糖 - 送给FantasyArts客户的礼物,22197642615,179417527544,BR,2024-07-10,2026-06-28,派对用品,其他的,,https://cf.shopee.com.br/file/br-11134207-7r98o-ly1m26l02dvj4c,http://shopee.com.br/product/378872136/22197642615,0.49,6.52,0.07,0.77,3.66,3.75,4.0
5英寸、10英寸、12英寸加厚乳胶气球，生日婚礼派对装饰氦气球，马来西亚,11349261655,396255905143,MY,2021-09-16,2026-07-23,派对用品,气球,,https://cf.shopee.com.my/file/my-11134207-820l5-mqzhjzkb8w7a86,http://shopee.com.my/product/77409795/11349261655,-3.35,0.49,3.56,6.4,4.46,3.14,6.43
OOKAS 床头灯，自动感应灯，带 USB 充电功能的 LED 壁灯，适用于卧室、走廊、楼梯和浴室。,42667330302,441243173233,TH,2025-09-03,2026-07-21,灯具,室内移动照明,感应灯/磁吸灯/粘贴灯/橱柜灯/衣柜灯/走廊灯,https://cf.shopee.co.th/file/th-11134207-81ztq-mqx1i4iefbwj74,http://shopee.co.th/product/1091876779/42667330302,17.39,8.67,2.97,6.58,5.63,3.01,7.4
30-50个圆形微波炉适用容器，带盖，塑料盒，一次性容器，容量300-3500毫升,50864166620,411220793299,PH,2026-07-17,2026-07-17,派对用品,一次性餐具,,https://cf.shopee.ph/file/ph-11134207-820lh-mrdxhpqimtc50c,http://shopee.ph/product/1873289073/50864166620,-6.45,2.77,,,2.99,1.18,10.9
30 个带边框的椭圆形软木塞，尺寸为 13x18 毫米,19943912419,228809513903,BR,2022-09-09,2026-07-25,派对用品,其他的,,https://cf.shopee.com.br/file/br-11134207-820ld-mr36pv5c5q84b9,http://shopee.com.br/product/284446187/19943912419,-18.57,2.15,3.43,6.1,9.2,8.08,10.69
TBF 2026年独立日海报 | 高级PVC防水教育海报 | 马来西亚爱国主义墙饰,28488329751,341206422411,MY,2025-07-04,2026-07-14,派对用品,背景幕布和横幅,,https://cf.shopee.com.my/file/my-11134207-820l6-mqn1kgeddude6b,http://shopee.com.my/product/344284946/28488329751,0.85,1.18,,0.02,3.25,4.15,8.94
打火机 - 5个装和10个装两种规格，有带点火器和不带点火器的两种。,55513731463,426187339285,PH,2026-07-10,2026-07-10,其他,,,https://cf.shopee.ph/file/ph-11134207-820l7-mqg23echthqn70,http://shopee.ph/product/1774967603/55513731463,-11.46,1.31,,,3.32,5.08,7.84
12W 20W 30W COB轨道灯，经典圆形LED灯管，高亮度，适用于服装店、餐厅、咖啡馆和家庭。,56412770979,376133774638,VN,2026-06-25,2026-06-30,灯具,室内固定照明-其他,筒灯/射灯/嵌灯/轨道灯/壁灯/镜前灯/橱窗灯,https://cf.shopee.vn/file/vn-11134207-81ztc-mpvo664jyknj4c,http://shopee.vn/product/1581486452/56412770979,-7.33,2.95,,0.69,9.96,11.5,12.5
3D LED数字装饰灯，电池供电，白色，16厘米/21厘米/22厘米,22894244215,209623915718,BR,2025-07-22,2026-07-07,派对用品,其他的,,https://cf.shopee.com.br/file/br-11134207-820me-mqdk630wqz289f,http://shopee.com.br/product/424781291/22894244215,-3.03,5.91,5.05,6.61,9.98,6.42,13.43
10/20/30/40/50支装PET管（1号），带透明盖（R28），适用于派对礼品和糖果,17804585440,431307837470,BR,2022-02-17,2026-08-01,派对用品,其他的,,https://cf.shopee.com.br/file/br-11134207-820m4-mrcy818jgnwld3,http://shopee.com.br/product/395155703/17804585440,-10.45,4.31,26.17,40.31,48.84,44.64,62.08
（快速货到付款）E27 LED灯泡座 E27底座吊灯底座圆形灯座,25059745216,234719776782,PH,2024-01-21,2026-07-16,灯具,灯具配件,灯带配件/控制器,https://cf.shopee.ph/file/ph-11134207-820lg-mqpkzzylfk0bcb,http://shopee.ph/product/341793153/25059745216,-17.96,0.41,3.91,5.27,3.81,3.57,5.21
【50个装】TIDY U型杯 95mm 带盖 12/16/22盎司 一次性奶茶咖啡塑料杯,45363265958,302748236331,PH,2026-07-02,2026-07-02,派对用品,一次性餐具,,https://cf.shopee.ph/file/cn-11134207-820l4-mq5wsp2vc7i96c,http://shopee.ph/product/1440935454/45363265958,-64.91,2.91,,0.02,20.96,30.33,46.29
YOWXII 太阳能壁灯，柔和黄光，多色，防水防雨，适用于花园装饰。,41362706876,411234961647,TH,2025-08-14,2026-07-20,灯具,太阳能灯,太阳能壁灯,https://cf.shopee.co.th/file/th-11134207-81ztc-mqvnequgvs3kc5,http://shopee.co.th/product/1485619524/41362706876,8.99,6.27,14.65,15.68,16.29,9.08,17.17
金属心形气球，蓝色，24厘米，父亲节，“爸爸，我爱你，我的英雄”，派对装饰,58213787805,229446002661,BR,2026-07-07,2026-07-07,派对用品,气球,,https://cf.shopee.com.br/file/sg-11134201-8259l-mqc8bqx87nri3d,http://shopee.com.br/product/1696392283/58213787805,-1.43,4.74,,,8.21,6.67,22.86
个性化松木戒指盒，激光雕刻姓名和日期，适用于婚礼和订婚,19364865902,199624302431,BR,2022-11-25,2026-07-16,派对用品,其他的,,https://cf.shopee.com.br/file/br-11134207-820lq-mqq5dlq7d69vb6,http://shopee.com.br/product/395239123/19364865902,6.37,7.89,2.04,1.78,2.11,1.67,2.29
瓢虫主题派对礼品套装，含80/160件物品（不含姓名） - 24小时送达,42856938877,262787336111,BR,2025-07-02,2026-07-16,派对用品,其他的,,https://cf.shopee.com.br/file/br-11134207-7r98o-mbnzq4o6l93tab,http://shopee.com.br/product/578785010/42856938877,-5.85,5.35,2.79,1.63,2.43,1.17,4.14
【每包25个】一次性勺子/叉子/勺叉餐具，可重复使用勺子 kutsara 勺子和叉子,52863620552,321222574580,PH,2026-07-08,2026-07-17,派对用品,一次性餐具,,https://cf.shopee.ph/file/ph-11134207-820la-mqen7ugzh24if5,http://shopee.ph/product/1302321365/52863620552,-15.83,0.64,,,6.83,7.0,10.33
30 个带边框的椭圆形软木塞，尺寸为 13x18 毫米,19943912419,228809513904,BR,2022-09-09,2026-07-25,派对用品,其他的,,https://cf.shopee.com.br/file/br-11134207-820lq-mr36pv5c4bnof6,http://shopee.com.br/product/284446187/19943912419,-18.98,2.15,3.43,6.1,9.2,8.08,10.69
5个封装气球套装 - 1个18英寸泡泡气球 + 1个16英寸气球,22594819679,149793399094,BR,2026-01-15,2026-07-06,派对用品,气球,,https://cf.shopee.com.br/file/br-11134207-820ld-mqaza0gynoxvbf,http://shopee.com.br/product/1032217049/22594819679,8.69,6.3,9.52,15.85,44.42,40.83,54.95
100个豪华花形纸糖果杯，适用于婚礼和周年纪念日,21299572641,228809624368,BR,2025-01-06,2026-07-28,派对用品,其他的,,https://cf.shopee.com.br/file/br-11134207-820m5-mr6s9yswq3gmff,http://shopee.com.br/product/1429158050/21299572641,14.58,9.47,3.46,3.52,4.39,4.33,5.43
1 x 2 Meter Rain Foil Curtain for Party Wall Decoration Backdrops Banners Hiasan Belon Tirai Hiasan Dinding 派对布置背景 背景设计,40132116718,311130195509,MY,2026-06-29,2026-06-29,派对用品,背景幕布和横幅,,https://cf.shopee.com.my/file/my-11134207-820lg-mq1l1usn93bf2d,http://shopee.com.my/product/1063909647/40132116718,-5.12,0.57,,0.19,4.47,2.9,7.78
"SCE 20W 30W 40W 50W LED灯泡，超亮LED灯泡，30,000小时寿命，正品SCG-BT",28855195275,421189145519,VN,2024-07-12,2026-07-10,灯具,灯泡/灯管,灯泡/灯管,https://cf.shopee.vn/file/vn-11134207-7ra0g-m9gv5dv0h11e22,http://shopee.vn/product/1306011292/28855195275,-0.22,4.91,2.47,4.24,4.5,4.78,5.17
太阳能泛光灯 太阳能灯 户外防水 IP67 室内 LED 灯泡泛光灯 带遥控器,19285656603,406216311695,PH,2023-10-25,2026-07-16,灯具,太阳能灯,太阳能灯泡/灯管,https://cf.shopee.ph/file/ph-11134207-820lc-mqygdwhzgn4243,http://shopee.ph/product/823861135/19285656603,58.36,18.41,,0.14,7.41,11.67,13.8
5/10/20/50 个 24 英寸（60 厘米）水晶泡泡气球套装，适用于派对和活动装饰,58214118463,199191665999,BR,2026-07-13,2026-07-13,派对用品,气球,,https://cf.shopee.com.br/file/br-11134207-820l4-mqkwg1lth81s28,http://shopee.com.br/product/481485318/58214118463,-6.76,2.96,,,7.18,10.83,16.71
（1个）SL-508 黄色灯光，装饰灯，太阳能花园灯，太阳能草坪灯，1个LED灯，路径灯,29961566911,441223722940,TH,2024-09-17,2026-07-18,灯具,太阳能灯,太阳能装饰灯,https://cf.shopee.co.th/file/th-11134207-81zti-mqruhgh3w9ojf6,http://shopee.co.th/product/90305/29961566911,16.64,8.4,0.92,1.97,3.19,4.36,4.69
TBF 2026年独立日海报 | 高级PVC防水教育海报 | 马来西亚爱国主义墙饰,28488329751,341206422426,MY,2025-07-04,2026-07-14,派对用品,背景幕布和横幅,,https://cf.shopee.com.my/file/my-11134207-820la-mqn1kxql03rie7,http://shopee.com.my/product/344284946/28488329751,-1.12,1.58,,0.02,3.25,4.15,8.94
生日派对装饰套装（117 件）：气球、金属帘,58213665602,239445875534,BR,2026-07-04,2026-07-04,派对用品,气球,,https://cf.shopee.com.br/file/br-11134207-820mb-mq81mw0f7477c1,http://shopee.com.br/product/1384480317/58213665602,10.51,7.31,,,3.37,2.33,10.19
LED表面安装式筒灯吸顶灯射灯E27可更换灯泡220V圆形筒灯射灯适用于卧室、客厅、厨房、商店等场所的照明,23114295280,441230946138,PH,2022-12-26,2026-07-19,灯具,室内固定照明-天花板灯,吊灯/吸顶灯/面板灯/风扇灯,https://cf.shopee.ph/file/cn-11134207-820l4-mqumf4y2l0jmb7,http://shopee.ph/product/923290499/23114295280,15.63,9.61,10.27,10.86,11.14,9.97,10.86
桌面派对背景幕布 - 父亲节快乐 - 升华印花面料，带松紧带包边 - 50x50厘米,58214232381,238809923031,BR,2026-07-14,2026-07-14,派对用品,背景幕布和横幅,,https://cf.shopee.com.br/file/sg-11134201-8258w-mqnj5bmbmjnnf2,http://shopee.com.br/product/1724395837/58214232381,-16.18,3.85,,,13.43,22.25,28.71
8盎司/12盎司/16盎司纸杯/带盖单层/双层波纹一次性咖啡/热甜玉米纸杯/加厚,5045028308,249286593349,MY,2020-08-05,2026-07-12,派对用品,一次性餐具,,https://cf.shopee.com.my/file/my-11134207-820l6-mqkcaolbx8ge7d,http://shopee.com.my/product/121532636/5045028308,-5.73,1.3,1.89,1.65,2.33,2.02,2.21
现成的烤虾串图案乙烯基横幅。多种尺寸可选。可自由折叠边缘并带有金属孔眼。即插即用！❗️（仅含日本国旗横幅，不含支架）,54712502198,411188964999,TH,2026-06-19,2026-07-10,派对用品,背景幕布和横幅,,https://cf.shopee.co.th/file/th-11134207-81ztn-mpnst80px3bf7e,http://shopee.co.th/product/395006922/54712502198,7.73,4.29,,1.04,2.54,2.0,2.14
[50 个] 冷饮纸杯，6.5 盎司、8 盎司、12 盎司、16 盎司、22 盎司，咖啡杯，带把手和不带把手，白色。,25672405624,326235028006,TH,2024-04-04,2026-07-20,派对用品,一次性餐具,,https://cf.shopee.co.th/file/th-11134207-81ztq-mqvnbc9woqh493,http://shopee.co.th/product/1020888983/25672405624,-0.11,2.4,21.04,21.83,23.21,23.21,28.93
一套40只3D蝴蝶，魔法花园主题，3x3厘米，适用于儿童派对装饰、生日背景、派对礼品，色彩鲜艳，轻巧便携,25548102554,139513418241,BR,2026-04-16,2026-08-02,派对用品,其他的,,https://cf.shopee.com.br/file/br-11134207-820lx-mn3n2o0z8fluab,http://shopee.com.br/product/445215136/25548102554,-14.01,3.36,3.12,2.3,4.12,3.5,6.57
【批量购买可享折扣】1厘米宽，1.9米长的仿毛皮绳，用于制作中秋节灯笼。,45557684585,406166048460,VN,2026-03-25,2026-07-06,其他,,,https://cf.shopee.vn/file/vn-11134207-81ztc-mqbia9lm7xn234,http://shopee.vn/product/602502085/45557684585,-11.12,0.35,0.29,2.51,4.38,5.0,5.06
桌面派对背景幕布 - 父亲节快乐 - 升华印花面料，带松紧带包边 - 50x50厘米,58214232381,238809923030,BR,2026-07-14,2026-07-14,派对用品,背景幕布和横幅,,https://cf.shopee.com.br/file/sg-11134201-8258r-mqnj5bm1ws976e,http://shopee.com.br/product/1724395837/58214232381,-16.19,3.85,,,13.43,22.25,28.71
完整活动套装 - 7 件套 - 适用于生日派对、婚礼、性别揭晓派对、甜品桌,23899016019,396142413813,BR,2025-10-16,2026-07-01,派对用品,其他的,,https://cf.shopee.com.br/file/br-11134207-820m3-mq4swfaxrz7kf7,http://shopee.com.br/product/1229735225/23899016019,15.71,9.8,20.83,21.81,28.08,25.73,37.83
[50个装] 白色纸杯 2.5/4/6/8/10/12/16盎司 家庭饮水杯/一次性肯杜里派对生日纸杯,56153139326,346291317821,MY,2025-12-16,2026-07-29,派对用品,一次性餐具,,https://cf.shopee.com.my/file/my-11134207-820l7-mijlzf4h1hjb1e,http://shopee.com.my/product/1633961637/56153139326,-3.18,1.91,5.23,7.8,9.49,7.92,11.64
一套 25 毫升的杯子（20/50/100/200 个），内装亚克力 brigadeiro（巴西巧克力软糖）+ 100 个迷你勺子。,58214688528,219192110530,BR,2026-07-22,2026-07-22,派对用品,一次性餐具,,https://cf.shopee.com.br/file/sg-11134201-8258x-mqxkpkl7t1j58f,http://shopee.com.br/product/1734862186/58214688528,-31.56,3.56,,,9.89,5.17,35.14
OOKAS IP67 防水 3000W 3500W LED 路灯,24353950531,391146714076,VN,2023-12-19,2026-07-02,灯具,公共照明,路灯,https://cf.shopee.vn/file/vn-11134207-81ztc-mq1ml7x7dq1741,http://shopee.vn/product/1133556019/24353950531,27.66,14.04,11.21,10.85,18.41,11.83,13.57
Savage Club 💥曼谷现货，立即发货💥 Savage 斧头、长矛、骨头,5147255244,376154315801,TH,2020-08-17,2026-07-03,派对用品,其他的,,https://cf.shopee.co.th/file/th-11134207-81ztj-mq7kscofpwjl47,http://shopee.co.th/product/92353442/5147255244,-0.52,1.47,0.26,4.79,2.68,1.33,2.17
30串红星旗帜风车装饰（10米）适用于9月2日咖啡馆和商店的户外装饰,41811479002,366315644478,VN,2025-08-04,2026-08-03,派对用品,背景幕布和横幅,,https://cf.shopee.vn/file/vn-11134207-81ztc-mr061ms7ib5t18,http://shopee.vn/product/1399575144/41811479002,16.75,7.17,0.07,0.04,2.84,2.0,8.5
10/20/30 和 50 个亚克力管套装，8 厘米，适用于派对礼品。,58264665951,229446890846,BR,2026-07-21,2026-07-21,派对用品,其他的,,https://cf.shopee.com.br/file/br-11134207-820mb-mqwnnv8hx0xx4c,http://shopee.com.br/product/1690147505/58264665951,-15.21,3.23,,,9.93,8.5,31.8
饮品菜单标牌套装#1（带白色圆圈）。适用于商店和咖啡馆的覆膜海报标牌。,53906550819,326204559369,TH,2026-02-28,2026-07-14,派对用品,背景幕布和横幅,,https://cf.shopee.co.th/file/th-11134207-81ztj-mqmiudocks980b,http://shopee.co.th/product/28701341/53906550819,1.4,2.25,3.83,8.56,5.57,4.07,5.51
TBF 2026年独立日背景幕布 | 高级帆布背景幕布 | 防水活动横幅 | 4种尺寸 | 4种设计,54163899638,381258187059,MY,2026-07-13,2026-07-23,派对用品,背景幕布和横幅,,https://cf.shopee.com.my/file/my-11134207-820lc-mqzuicdyl4hx68,http://shopee.com.my/product/344284946/54163899638,15.34,5.84,,,5.36,1.89,19.82
迷你画架套装，3毫米原色中密度纤维板，LorenMix，照片架，标牌，派对装饰，工艺品,58263312945,229445521373,BR,2026-06-28,2026-06-28,派对用品,背景幕布和横幅,,https://cf.shopee.com.br/file/br-11134207-820lc-mp2ru5149wch57,http://shopee.com.br/product/604832144/58263312945,-20.43,2.95,,0.11,2.21,2.83,3.14
彩色塑料六月节横幅套装（10/50/100米）,47810129554,277743287454,BR,2026-05-07,2026-07-01,派对用品,其他的,,https://cf.shopee.com.br/file/sg-11134201-820n5-mnydtjinvp5465,http://shopee.com.br/product/504894896/47810129554,11.89,8.9,52.86,110.43,30.75,1.5,3.29
自动感应LED灯带，3种颜色，USB充电，自带背胶，安装简便，非常适合衣柜、厨房和卧室使用。,49660742190,346265445344,TH,2026-05-18,2026-07-24,灯具,装饰氛围灯,灯串/灯带/窗帘灯/装饰灯/舞台灯,https://cf.shopee.co.th/file/th-11134207-81ztn-mr11mhidawhw0b,http://shopee.co.th/product/1684561845/49660742190,7.06,5.73,,0.19,4.24,5.08,7.94
42张贴纸，无重复，西班牙+阿根廷。24小时内发货。,58214117124,109874550397,BR,2026-07-13,2026-07-16,派对用品,背景幕布和横幅,,https://cf.shopee.com.br/file/br-11134207-820lb-mqpfws4jhwxt77,http://shopee.com.br/product/1718626894/58214117124,-13.15,4.35,,,2.0,1.33,6.57
EVE LED MR16 MASTER 灯泡，220V，4W，6W（直连式）GU5.3,7696381077,351179798799,TH,2021-08-02,2026-07-08,灯具,灯泡/灯管,灯泡/灯管,https://cf.shopee.co.th/file/th-11134207-81ztm-mqevapx8hz4b99,http://shopee.co.th/product/47054265/7696381077,-2.99,1.11,6.25,7.01,5.62,4.97,8.26
这款LED灯条可随音乐闪烁，拥有1600万种颜色和声音传感器，非常适合装饰电脑、办公桌或汽车。,53756333561,406243603832,VN,2026-02-23,2026-07-21,灯具,车灯&车库灯,车灯/车库灯,https://cf.shopee.vn/file/vn-11134207-81ztc-ml20kjgf1l3985,http://shopee.vn/product/1703772268/53756333561,-9.41,2.4,1.64,4.3,3.11,3.5,3.57
5个封装气球套装 - 1个18英寸泡泡气球 + 1个16英寸气球,22594819679,149793399102,BR,2026-01-15,2026-07-06,派对用品,气球,,https://cf.shopee.com.br/file/br-11134207-820lj-mqax79icvs3m0b,http://shopee.com.br/product/1032217049/22594819679,3.85,5.12,9.52,15.85,44.42,40.83,54.95
10个装黑色塑料蒸笼，适用于炒面、糕点、烧烤、外卖，耐用可重复使用，尺寸：10、12、14、15、16、18,55613089296,436135472022,PH,2026-06-30,2026-06-30,派对用品,一次性餐具,,https://cf.shopee.ph/file/ph-11134207-820l4-mq8qsw130nwvbe,http://shopee.ph/product/1440270378/55613089296,2.27,5.12,,,2.54,,10.14
这款趣味表情口罩采用弹性、透气、舒适的网状面料制成。,57413165691,401140936901,VN,2026-07-01,2026-07-01,派对用品,派对帽和面具,,https://cf.shopee.vn/file/sg-11134201-8258l-mq4jannnur6482,http://shopee.vn/product/1193016035/57413165691,-4.81,1.03,,0.04,6.64,0.33,2.0
一次性塑料餐具派对长款 6.5 英寸勺叉 [50 个±] Sudu Garpu Panjang 白色/黑色/透明,13726051248,361232651140,MY,2021-10-11,2026-07-20,派对用品,一次性餐具,,https://cf.shopee.com.my/file/my-11134207-820le-mqwcelc41ds290,http://shopee.com.my/product/202332340/13726051248,-8.6,0.58,5.86,6.05,6.61,6.17,6.56
TBF 2026年独立日背景幕布 | 高级帆布背景幕布 | 防水活动横幅 | 4种尺寸 | 4种设计,54163899638,381258187056,MY,2026-07-13,2026-07-23,派对用品,背景幕布和横幅,,https://cf.shopee.com.my/file/my-11134207-820lf-mqzuia3b2uwx8e,http://shopee.com.my/product/344284946/54163899638,22.09,7.49,,,5.36,1.89,19.82
生日派对装饰套装（117 件）：气球、金属帘,58213665602,239445875536,BR,2026-07-04,2026-07-04,派对用品,气球,,https://cf.shopee.com.br/file/br-11134207-820m3-mq81mw0f9xc31b,http://shopee.com.br/product/1384480317/58213665602,11.47,7.51,,,3.37,2.33,10.19
5/10/20/50 个 24 英寸（60 厘米）水晶泡泡气球套装，适用于派对和活动装饰,58214118463,199191665995,BR,2026-07-13,2026-07-13,派对用品,气球,,https://cf.shopee.com.br/file/br-11134207-820lq-mqkwg1lteeww69,http://shopee.com.br/product/481485318/58214118463,-7.95,3.36,,,7.18,10.83,16.71
应急LED灯泡防水太阳能灯泡带面板USB吊灯，适用于夜间室内外照明,27473943915,351202180597,PH,2025-01-19,2026-07-13,灯具,太阳能灯,太阳能灯泡/灯管,https://cf.shopee.ph/file/ph-11134207-820l5-mrcwkfz6kvswc5,http://shopee.ph/product/607877600/27473943915,10.49,6.84,32.12,11.67,14.14,15.5,22.71
太阳能泛光灯 太阳能灯 户外防水 IP67 室内 LED 灯泡泛光灯 带遥控器,19285656603,406216311687,PH,2023-10-25,2026-07-16,灯具,太阳能灯,太阳能灯泡/灯管,https://cf.shopee.ph/file/ph-11134207-820la-mr8k5t97oykkf3,http://shopee.ph/product/823861135/19285656603,25.12,10.74,,0.14,7.41,11.67,13.8
5/10/20/50 个 24 英寸（60 厘米）水晶泡泡气球套装，适用于派对和活动装饰,58214118463,199191666004,BR,2026-07-13,2026-07-13,派对用品,气球,,https://cf.shopee.com.br/file/br-11134207-820lq-mqkwg1lteeww69,http://shopee.com.br/product/481485318/58214118463,-13.03,1.97,,,7.18,10.83,16.71
生日背景装饰 - 为您心爱的孩子准备的生日装饰,40768188154,381157220129,VN,2025-09-09,2026-07-04,派对用品,背景幕布和横幅,,https://cf.shopee.vn/file/vn-11134207-81ztc-mq8lhfivf5dt2f,http://shopee.vn/product/32324147/40768188154,-2.44,1.9,1.39,2.91,7.07,5.63,10.45
【新加坡现货】生日快乐横幅花环 生日派对彩旗 生日快乐箔纸横幅,1632563096,326256805208,SG,2018-11-05,2026-07-23,派对用品,背景幕布和横幅,,https://cf.shopee.sg/file/sg-11134207-8259b-mqzmrro63e30ad,http://shopee.sg/product/91223175/1632563096,11.57,7.72,3.38,3.45,5.15,4.4,7.32
父亲节派对装饰、纪念品或礼物用小圆形升华印花布片，50x50厘米,58214129642,189624127468,BR,2026-07-13,2026-07-13,派对用品,背景幕布和横幅,,https://cf.shopee.com.br/file/br-11134207-820lt-mqlchrzjdm2r9d,http://shopee.com.br/product/538325882/58214129642,-20.36,2.96,,,2.82,4.0,7.71
生日快乐蛋糕装饰纸（10厘米）,23899232663,159793526310,BR,2025-12-22,2026-07-12,派对用品,其他的,,https://cf.shopee.com.br/file/br-11134207-81z1k-mijl0jwlct8m25,http://shopee.com.br/product/1707289807/23899232663,-20.45,2.17,3.43,2.81,4.89,4.42,4.71
50-400 个侏罗纪恐龙宝宝纸杯蛋糕衬垫，4 片花瓣，个性化派对礼品，生日礼品，巴西巧克力软糖球 (Brigadeiros)。,4654231702,302819508691,BR,2020-09-24,2026-07-24,派对用品,其他的,,https://cf.shopee.com.br/file/br-11134207-7r98o-lr4zkanj0zs4de,http://shopee.com.br/product/290461822/4654231702,-20.67,2.17,0.89,0.81,3.75,4.67,8.57
4/8/12 灯太阳能 LED 灯套装，适用于楼梯、墙壁和花园 - IP65 自动户外灯,58263470463,199191248042,BR,2026-07-01,2026-07-01,灯具,太阳能灯,太阳能庭院灯,https://cf.shopee.com.br/file/br-11134207-820l7-mr73pw2ex9fp45,http://shopee.com.br/product/1797330630/58263470463,-52.74,4.51,,,5.02,4.0,15.07
光感应夜灯，可自动开关。MiKaKo 夜灯,16820989908,441154750462,VN,2022-03-09,2026-07-03,灯具,装饰氛围灯,灯串/灯带/窗帘灯/装饰灯/舞台灯,https://cf.shopee.vn/file/vn-11134207-81ztc-mq7qcnxvusr314,http://shopee.vn/product/23960869/16820989908,-12.94,1.45,1.14,8.28,14.2,14.67,15.29
牛皮纸碗，配透明PET盖（50个/包），容量分别为500毫升、750毫升、1000毫升、1100毫升、1300毫升。食品配送盒。,21032235075,326208750274,TH,2022-08-08,2026-07-14,派对用品,一次性餐具,,https://cf.shopee.co.th/file/th-11134207-81zto-mqni8s3w5wjk03,http://shopee.co.th/product/181323248/21032235075,14.83,7.53,7.85,8.35,9.4,6.88,12.56
可充电三合一LED台灯，带可调节灯光、护眼功能等。,22697744840,239447026896,BR,2024-08-24,2026-07-23,灯具,室内移动照明,台灯/落地灯/夹子灯/学习灯/小夜灯,https://cf.shopee.com.br/file/br-11134207-820l4-mqznpmtfsmis2a,http://shopee.com.br/product/1130732424/22697744840,-55.61,3.56,0.39,2.41,3.07,1.67,6.0
一套20只双面3D蝴蝶，可用于墙面装饰、卧室装饰、派对装饰、生日装饰、蛋糕装饰，色彩缤纷，美观精致，适合DIY。,23098924502,436308853291,BR,2025-09-23,2026-08-02,派对用品,背景幕布和横幅,,https://cf.shopee.com.br/file/br-11134207-81z1k-meyg13t7x5ae7e,http://shopee.com.br/product/445215136/23098924502,-20.85,2.77,4.4,5.87,6.14,3.33,12.64
派对金属帘，装饰帘，生日派对装饰帘，1米 x 2米，带流苏和装饰丝带，多种颜色可选,48913675073,401180829159,BR,2026-07-09,2026-07-09,派对用品,背景幕布和横幅,,https://cf.shopee.com.br/file/br-11134207-820ly-mqdgo7e944ch53,http://shopee.com.br/product/911966033/48913675073,-19.65,2.86,,,4.59,0.58,17.57
雨水收集桶防雨落叶网罩,46053280832,426135792857,PH,2025-12-18,2026-06-30,其他,,,https://cf.shopee.ph/file/ph-11134207-820lf-mpj0yes2hgjy4d,http://shopee.ph/product/1082886070/46053280832,-8.21,1.99,1.51,4.81,3.17,2.53,4.37
E27 LED灯泡 120W UFO 冷白灯泡 220V 适用于家庭厨房卧室车库天花板照明,46354291778,406145549545,MY,2026-01-07,2026-07-02,灯具,灯泡/灯管,灯泡/灯管,https://cf.shopee.com.my/file/my-11134207-820l7-mqfogy904d8tb9,http://shopee.com.my/product/1627291089/46354291778,-3.09,3.39,1.62,1.83,2.34,1.08,4.9
包含 59 件物品的完整生日装饰套装，黑色和金色，啤酒主题。,23599553249,189624496799,BR,2026-07-07,2026-07-20,派对用品,气球,,https://cf.shopee.com.br/file/br-11134207-820lx-mqvywsrindvp83,http://shopee.com.br/product/1692493049/23599553249,14.28,8.28,,,7.98,10.67,13.93
【货到付款】太阳能帘幕冰柱灯，IP65防水LED瀑布灯，适用于婚礼、庭院和装饰,43882221753,366146879243,PH,2026-07-02,2026-07-02,灯具,太阳能灯,太阳能装饰灯,https://cf.shopee.ph/file/ph-11134207-820l9-mq30za0w7q4v0f,http://shopee.ph/product/1871249164/43882221753,-8.49,2.55,,,3.67,3.5,8.55
迷你画架套装，3毫米原色中密度纤维板，LorenMix，照片架，标牌，派对装饰，工艺品,58263312945,229445521370,BR,2026-06-28,2026-06-28,派对用品,背景幕布和横幅,,https://cf.shopee.com.br/file/br-11134207-820ma-mp2ru514cphd1f,http://shopee.com.br/product/604832144/58263312945,-11.57,5.52,,0.11,2.21,2.83,3.14
10个封装气球套装 - 18英寸泡泡气球 + 16英寸空气气球,58253267701,149555358044,BR,2026-01-15,2026-07-06,派对用品,气球,,https://cf.shopee.com.br/file/br-11134207-820ll-mqascdleutqa7c,http://shopee.com.br/product/1032217049/58253267701,16.85,7.89,19.44,31.0,33.03,31.92,40.45
个性化卡片/迷你邀请函 - 10x7厘米（可印制您的设计稿）,58256178851,239445577026,BR,2026-03-04,2026-06-29,派对用品,其他的,,https://cf.shopee.com.br/file/br-11134207-820lf-mqw1w3bfk5j820,http://shopee.com.br/product/390891249/58256178851,-4.76,5.52,0.21,1.24,2.11,2.33,2.71
金星牌防水太阳能壁灯户外暖光花园装饰LED壁灯围栏灯,42305011523,386167866463,PH,2025-06-18,2026-07-06,灯具,太阳能灯,太阳能壁灯,https://cf.shopee.ph/file/ph-11134207-820lc-mqbtfjeq6pe3b9,http://shopee.ph/product/502074461/42305011523,5.44,5.7,43.03,17.3,23.07,19.33,23.04
草莓蛋糕主题婴儿派对标牌套装 + 中心装饰品 - 生日装饰 - （DIY）,58212496309,119874773227,BR,2026-06-15,2026-07-27,派对用品,其他的,,https://cf.shopee.com.br/file/br-11134207-820me-mpkv848sz4zla6,http://shopee.com.br/product/531761826/58212496309,-4.76,5.52,,0.15,2.11,2.17,3.0
【每包25个】一次性勺子/叉子/勺叉餐具，可重复使用勺子 kutsara 勺子和叉子,52863620552,406178455429,PH,2026-07-08,2026-07-08,派对用品,一次性餐具,,https://cf.shopee.ph/file/ph-11134207-820lc-mqen7raowfsw7d,http://shopee.ph/product/1302321365/52863620552,-17.12,0.34,,,6.83,7.0,10.33
适用于楼梯和扶手的4/8/12个太阳能LED灯套装，IP65防护等级，无线设计，自动户外照明,22595040011,179417860376,BR,2026-07-10,2026-07-10,灯具,太阳能灯,太阳能庭院灯,https://cf.shopee.com.br/file/br-11134207-820lt-mr70yollabyc42,http://shopee.com.br/product/1737160008/22595040011,-51.78,4.51,,,5.61,3.92,17.21
Agar.Shop 激光方形箔帘生日派对背景装饰大亮片墙面背景装饰,19664166915,426136836186,PH,2022-11-22,2026-06-30,派对用品,背景幕布和横幅,,https://cf.shopee.ph/file/ph-11134207-820lc-mq3cr4pcsphdb0,http://shopee.ph/product/35340243/19664166915,-10.43,0.42,2.7,4.05,5.84,4.76,6.7
Bendera Malaysia Flag Malaysia 3x6ft 2x8ft 2x4ft Classroom / Office Assembly/ 马来西亚国旗,46163886291,401197657930,MY,2026-07-12,2026-07-12,派对用品,背景幕布和横幅,,https://cf.shopee.com.my/file/sg-11134201-8259e-mqk863hqjt3567,http://shopee.com.my/product/369427716/46163886291,-4.69,0.86,,,6.37,3.64,20.07
20至70盒+印有趣味快乐短语的口香糖 - 送给FantasyArts客户的礼物,22197642615,179728972200,BR,2024-07-10,2026-06-28,派对用品,其他的,,https://cf.shopee.com.br/file/br-11134207-7r98o-ly1m26l02dvj4c,http://shopee.com.br/product/378872136/22197642615,11.36,8.9,0.07,0.77,3.66,3.75,4.0
100/50气球套装，适用于派对、生日、装饰和拱门 - 7英寸,58213519307,228808073186,BR,2026-07-02,2026-07-02,派对用品,气球,,https://cf.shopee.com.br/file/br-11134207-820mb-mq4x7lz62gw275,http://shopee.com.br/product/339631962/58213519307,-3.57,3.54,,0.17,5.18,6.08,7.07
矩形LED壁灯 24W 3000K/6000K IP65防水 110/220伏,58264073291,159793503579,BR,2026-07-11,2026-07-11,灯具,室内固定照明-其他,筒灯/射灯/嵌灯/轨道灯/壁灯/镜前灯/橱窗灯,https://cf.shopee.com.br/file/sg-11134201-8258k-mqireni2r2mkf7,http://shopee.com.br/product/1733949816/58264073291,-24.09,9.69,,,2.18,3.5,4.43
TBF 2026年独立日海报 | 高级PVC防水教育海报 | 马来西亚爱国主义墙饰,28488329751,341206422418,MY,2025-07-04,2026-07-14,派对用品,背景幕布和横幅,,https://cf.shopee.com.my/file/my-11134207-820l7-mqn1kpexc8oxfb,http://shopee.com.my/product/344284946/28488329751,-1.12,1.58,,0.02,3.25,4.15,8.94
[50个装] 白色纸杯 2.5/4/6/8/10/12/16盎司 家庭饮水杯/一次性肯杜里派对生日纸杯,56153139326,446291326487,MY,2025-12-16,2026-07-29,派对用品,一次性餐具,,https://cf.shopee.com.my/file/my-11134207-820l9-mijlz6bz864hcd,http://shopee.com.my/product/1633961637/56153139326,-5.02,1.47,5.23,7.8,9.49,7.92,11.64
木制手工衣夹 | 传统尺寸 | 最多120个,58213429362,159555268811,BR,2026-07-01,2026-07-01,派对用品,木制夹子,,https://cf.shopee.com.br/file/sg-11134201-825bd-mq3no884b30g0a,http://shopee.com.br/product/1234965907/58213429362,-13.43,2.37,,2.11,8.21,3.5,7.71
TBF 2026年独立日海报 | 高级PVC防水教育海报 | 马来西亚爱国主义墙饰,28488329751,341206422417,MY,2025-07-04,2026-07-14,派对用品,背景幕布和横幅,,https://cf.shopee.com.my/file/my-11134207-820l7-mqn1knpv73epd8,http://shopee.com.my/product/344284946/28488329751,0.85,1.18,,0.02,3.25,4.15,8.94
横幅印刷 RM1.30/平方英尺 | 工厂直销 | 可定制尺寸 | 户外横幅 | 低价横幅印刷,48506658709,282750829545,MY,2026-03-02,2026-07-03,派对用品,背景幕布和横幅,,https://cf.shopee.com.my/file/my-11134207-820l6-mq71h239mkua73,http://shopee.com.my/product/175366036/48506658709,-6.23,0.29,2.86,4.87,2.98,2.42,3.36
500支一次性透明塑料水果叉，非独立包装，商用,52953940397,421200338871,PH,2025-12-30,2026-07-13,派对用品,一次性餐具,,https://cf.shopee.ph/file/ph-11134207-820l7-mqlbqajg3pjja7,http://shopee.ph/product/1077675926/52953940397,-3.96,0.69,4.4,3.34,74.85,9.12,32.0
UORRIS 太阳能路灯 60倍高亮度太阳能灯 户外防水 LED感应壁灯,54361908988,336206103965,PH,2026-06-09,2026-07-14,灯具,太阳能灯,太阳能路灯,https://cf.shopee.ph/file/ph-11134207-820lh-mqmudbntzabzac,http://shopee.ph/product/1809380131/54361908988,1.13,5.86,,0.37,3.04,4.5,5.14
20条装仙女灯，买10送10，1米/2米LED灯串，派对装饰，暖白光/混色,50863495046,436167811927,PH,2026-07-06,2026-07-06,派对用品,其他的,,https://cf.shopee.ph/file/sg-11134201-8259n-mqbt5vku5szve6,http://shopee.ph/product/1836175650/50863495046,-6.65,0.96,,,3.18,3.5,9.57
32厘米气球支架套装 - 10/20/50/100个装,10118353984,302787270144,BR,2021-07-15,2026-07-16,派对用品,背景幕布和横幅,,https://cf.shopee.com.br/file/br-11134207-820md-mqp71cwe2eiq88,http://shopee.com.br/product/404937529/10118353984,-21.08,2.72,0.05,0.11,4.57,7.08,7.21
适用于楼梯和扶手的4/8/12个太阳能LED灯套装，IP65防护等级，无线设计，自动户外照明,22595040011,179417860377,BR,2026-07-10,2026-07-10,灯具,太阳能灯,太阳能庭院灯,https://cf.shopee.com.br/file/br-11134207-820lt-mr70yollabyc42,http://shopee.com.br/product/1737160008/22595040011,-32.46,8.86,,,5.61,3.92,17.21
LED太阳能花园灯 IP65路径灯 防水户外适用于庭院草坪走道景观,40768160143,267807793368,PH,2025-09-09,2026-07-22,灯具,太阳能灯,太阳能装饰灯,https://cf.shopee.ph/file/ph-11134207-820la-mqyfb20adte461,http://shopee.ph/product/1036303351/40768160143,23.53,9.86,1.41,1.41,3.01,2.56,3.76
T8 LED 游乐场灯，18 瓦，彩色霓虹灯，防水，适用于店面装饰、市场摊位和商店招牌。,53813013152,346128616088,TH,2026-06-29,2026-06-29,灯具,应急及标识照明,指示牌/灯箱招牌/标识,https://cf.shopee.co.th/file/sg-11134201-824ij-mq1etr0h3bwhc1,http://shopee.co.th/product/1820921733/53813013152,-9.98,0.96,,0.04,2.18,0.83,4.14
打火机 - 5个装和10个装两种规格，有带点火器和不带点火器的两种。,55513731463,426187339309,PH,2026-07-10,2026-07-10,其他,,,https://cf.shopee.ph/file/ph-11134207-820ld-mqg2b21e9fcy6e,http://shopee.ph/product/1774967603/55513731463,-14.56,0.6,,,3.32,5.08,7.84
巨型乳胶气球 36 英寸,58254470678,239446981353,BR,2026-02-02,2026-07-22,派对用品,气球,,https://cf.shopee.com.br/file/br-11134207-820lk-mqyz5l1a95vq7d,http://shopee.com.br/product/425929392/58254470678,-6.92,2.81,0.43,0.96,2.86,1.17,4.0
个性化婚礼喜极而泣套装，含手帕和标签（请选择数量）,58210517810,159793420808,BR,2026-05-12,2026-07-07,派对用品,其他的,,https://cf.shopee.com.br/file/br-11134207-820m2-mqciqvbxkr9cf3,http://shopee.com.br/product/319739494/58210517810,25.43,11.84,2.88,13.38,21.41,19.25,22.9
折叠式圆形纸质蛋糕架甜点桌，适用于婴儿派对、生日派对、橱窗展示装饰,22562072068,351128316846,PH,2023-12-03,2026-06-29,派对用品,其他的,,https://cf.shopee.ph/file/ph-11134207-820l9-mq1cv5a7mp6p65,http://shopee.ph/product/1124299433/22562072068,1.29,2.76,6.46,1.2,4.07,1.17,2.43
30-50个圆形微波炉适用容器，带盖，塑料盒，一次性容器，容量300-3500毫升,50864166620,411220793301,PH,2026-07-17,2026-07-17,派对用品,一次性餐具,,https://cf.shopee.ph/file/ph-11134207-820l8-mqrir6za1mvf37,http://shopee.ph/product/1873289073/50864166620,3.14,4.96,,,2.99,1.18,10.9
中秋节灯笼有各种形状和设计（35-45 种不同款式），包括动物形状的纸灯笼、圆柱形纸灯笼、星形灯笼和动物形状的笼形灯笼。,21829691341,401237423130,VN,2022-07-31,2026-07-20,派对用品,其他的,,https://cf.shopee.vn/file/vn-11134207-81ztc-mqvxqgru7jese6,http://shopee.vn/product/13443652/21829691341,6.18,5.14,,0.04,3.28,5.14,8.14
生日快乐蛋糕装饰纸（10厘米）,23899232663,159793526294,BR,2025-12-22,2026-07-12,派对用品,其他的,,https://cf.shopee.com.br/file/br-11134207-81z1k-mijl0jwle7t25e,http://shopee.com.br/product/1707289807/23899232663,-20.45,2.17,3.43,2.81,4.89,4.42,4.71
TBF 2026 独立日雨伞和棋盘格装饰 | 高级艺术卡片装饰 | 40+ 款设计,42713196920,421215392484,MY,2025-08-15,2026-07-16,派对用品,其他的,,https://cf.shopee.com.my/file/my-11134207-820lf-mqvntyrmss8xe0,http://shopee.com.my/product/344284946/42713196920,10.32,4.27,,0.2,8.57,5.76,26.19
个性化松木戒指盒，激光雕刻姓名和日期，适用于婚礼和订婚,19364865902,199624302425,BR,2022-11-25,2026-07-16,派对用品,其他的,,https://cf.shopee.com.br/file/br-11134207-820lp-mqq5dlq7n08z37,http://shopee.com.br/product/395239123/19364865902,6.37,7.89,2.04,1.78,2.11,1.67,2.29
塑料搅拌棒，100个,23660702540,366177553095,PH,2023-11-11,2026-07-08,派对用品,一次性餐具,,https://cf.shopee.ph/file/ph-11134207-820lh-mqeiskbgdl3i3e,http://shopee.ph/product/122866812/23660702540,-4.17,0.44,2.5,3.48,8.81,8.49,8.88
语言月绶带，适合儿童、成人、菲律宾文化、联合国服装配饰、学校活动,48613175004,272744532686,PH,2026-07-01,2026-07-01,派对用品,腰带,,https://cf.shopee.ph/file/sg-11134201-8259i-mq4g7lurrrpq8a,http://shopee.ph/product/556033689/48613175004,-1.94,0.88,,,3.64,1.83,12.29
太阳能栀子花灯，户外防水LED景观灯，适用于圣诞节、草坪、万圣节、墓地等场合。,25688176939,346230412173,PH,2024-11-10,2026-07-19,灯具,太阳能灯,太阳能装饰灯,https://cf.shopee.ph/file/cn-11134207-820l4-mqued23wx5vy98,http://shopee.ph/product/1090679263/25688176939,20.11,8.65,14.95,25.74,14.32,13.26,14.32
10/20/30 和 50 个亚克力管套装，8 厘米，适用于派对礼品。,58264665951,229446890807,BR,2026-07-21,2026-07-21,派对用品,其他的,,https://cf.shopee.com.br/file/br-11134207-820lq-mqwnnv8i2n7pd1,http://shopee.com.br/product/1690147505/58264665951,-5.36,4.99,,,9.93,8.5,31.8
个性化礼品袋，可印姓名和年龄 - 汽车总动员麦昆主题 - 生日派对礼物 - DIY,58264123639,159793528982,BR,2026-07-13,2026-07-13,派对用品,其他的,,https://cf.shopee.com.br/file/sg-11134201-824i0-mpiqurerkvlu14,http://shopee.com.br/product/1577308592/58264123639,23.77,15.51,,,3.21,4.5,7.43
TBF 2026年独立日海报 | 高级PVC防水教育海报 | 马来西亚爱国主义墙饰,28488329751,341206422413,MY,2025-07-04,2026-07-14,派对用品,背景幕布和横幅,,https://cf.shopee.com.my/file/my-11134207-820ld-mqn1kit507pfab,http://shopee.com.my/product/344284946/28488329751,0.85,1.18,,0.02,3.25,4.15,8.94
KKSKY【30年免费更换】80000W太阳能板，暖光太阳能聚光灯，IP68 LED太阳能灯,42771841449,381219984877,TH,2025-09-27,2026-07-17,灯具,太阳能灯,太阳能投光灯,https://cf.shopee.co.th/file/th-11134207-81ztp-mqr4r701se8e85,http://shopee.co.th/product/1050385833/42771841449,20.74,9.53,1.2,1.61,3.73,3.58,4.29
E27 LED灯泡 120W UFO 冷白灯泡 220V 适用于家庭厨房卧室车库天花板照明,46354291778,406145549546,MY,2026-01-07,2026-07-02,灯具,灯泡/灯管,灯泡/灯管,https://cf.shopee.com.my/file/my-11134207-820l8-mqfoigetmvwh64,http://shopee.com.my/product/1627291089/46354291778,3.72,5.11,1.62,1.83,2.34,1.08,4.9
父亲节装饰套装：2 个窗帘 + 2 个气球（45 厘米）+ 4 个星星气球，或包含 8 个气球、背景幕布和主题装饰的套装。,58263694008,219623832613,BR,2026-07-05,2026-07-05,派对用品,背景幕布和横幅,,https://cf.shopee.com.br/file/br-11134207-820m7-mrhrs8b16sqv98,http://shopee.com.br/product/1612632321/58263694008,-1.16,6.52,,,6.5,8.17,11.43
完整版内衣主题淋浴宾果游戏，包含 52/80/100/120 张卡片 + 60 个用于抽奖的词语,58200155504,431191453980,BR,2025-10-30,2026-07-11,派对用品,牌,,https://cf.shopee.com.br/file/br-11134207-820lu-mqhoxijsnojna8,http://shopee.com.br/product/470724721/58200155504,4.17,5.14,1.18,1.31,4.62,5.17,7.64
父亲节装饰套装：2 个窗帘 + 2 个气球（45 厘米）+ 4 个星星气球，或包含 8 个气球、背景幕布和主题装饰的套装。,58263694008,238810572789,BR,2026-07-05,2026-07-24,派对用品,背景幕布和横幅,,https://cf.shopee.com.br/file/br-11134207-820mc-mrhrs8b19lvrd9,http://shopee.com.br/product/1612632321/58263694008,-3.1,6.52,,,6.5,8.17,11.43
太阳能灯 买一送一 太阳能户外LED灯 太阳能泛光灯 路灯,50163168970,336165088013,PH,2026-07-01,2026-07-06,灯具,太阳能灯,太阳能路灯,https://cf.shopee.ph/file/ph-11134207-820l6-mqb9u2xl9vcybb,http://shopee.ph/product/1834475468/50163168970,4.66,5.57,,0.07,2.12,1.08,1.21
粉色和金色数字年龄气球，多色，彩虹色，70厘米尺寸，生日和派对装饰,20246273354,346219932206,VN,2022-09-16,2026-07-17,派对用品,气球,,https://cf.shopee.vn/file/vn-11134207-7qukw-ljjfqee6dw5eb9,http://shopee.vn/product/807475139/20246273354,-6.28,0.34,2.55,2.82,3.73,3.73,4.14
生日背景装饰 - 为您心爱的孩子准备的生日装饰,40768188154,341245440108,VN,2025-09-09,2026-07-21,派对用品,背景幕布和横幅,,https://cf.shopee.vn/file/vn-11134207-81ztc-mqxjijxowglh0d,http://shopee.vn/product/32324147/40768188154,-3.97,1.52,1.39,2.91,7.07,5.63,10.45
EVE 吸顶灯，带 LED 星形面板，18-24W，白光（如果您不需要包装盒，可减 10%）,6359572732,361250440527,TH,2020-10-28,2026-07-22,灯具,室内固定照明-天花板灯,吊灯/吸顶灯/面板灯/风扇灯,https://cf.shopee.co.th/file/th-11134207-81ztf-mqyleo4wr66k1d,http://shopee.co.th/product/43533927/6359572732,4.69,5.07,1.75,4.33,3.61,1.81,3.81
GeeParty 30*30cm DIY A-Z字母透明气球盒 性别揭晓派对 新娘送礼会 男孩女孩生日派对装饰背景气球,19033772689,79956183529,MY,2022-08-12,2026-06-29,派对用品,其他的,,https://cf.shopee.com.my/file/cn-11134207-820l4-mq1rw63yd3b5cd,http://shopee.com.my/product/833679123/19033772689,-1.65,1.17,1.98,2.43,5.13,2.75,6.09
✔【🇹🇭现货🎁】LED水晶台灯，可调光，护眼，USB充电，婚礼和酒店的理想之选 8899 09,43451895880,351130118305,TH,2025-05-23,2026-06-29,灯具,室内移动照明,台灯/落地灯/夹子灯/学习灯/小夜灯,https://cf.shopee.co.th/file/th-11134207-81ztc-mpx0xsizwy6916,http://shopee.co.th/product/235896386/43451895880,4.69,5.07,0.73,1.74,2.06,1.97,3.19
5/10/25个金属心形气球套装，5英寸（12厘米）蛋糕装饰，派对装饰，中心摆件,58213680087,169417706743,BR,2026-07-04,2026-07-04,派对用品,气球,,https://cf.shopee.com.br/file/br-11134207-820lc-mq80smkwrociff,http://shopee.com.br/product/1800875490/58213680087,-7.28,2.75,,0.04,14.64,20.68,25.4
迷你LED台灯，带电池、夹式支架、阅读灯、内置电池。,23294927493,228810018711,BR,2026-03-27,2026-08-04,灯具,室内移动照明,台灯/落地灯/夹子灯/学习灯/小夜灯,https://cf.shopee.com.br/file/sg-11134201-8262q-mmaqxeoipkw104,http://shopee.com.br/product/333052627/23294927493,-56.41,3.75,43.79,93.23,119.45,101.92,117.21
粉色和金色数字年龄气球，多色，彩虹色，70厘米尺寸，生日和派对装饰,20246273354,346219932212,VN,2022-09-16,2026-07-17,派对用品,气球,,https://cf.shopee.vn/file/vn-11134207-7qukw-ljjfqee65gqq89,http://shopee.vn/product/807475139/20246273354,-6.28,0.34,2.55,2.82,3.73,3.73,4.14
Bendera Malaysia Flag Malaysia 3x6ft 2x8ft 2x4ft Classroom / Office Assembly/ 马来西亚国旗,46163886291,371197653041,MY,2026-07-12,2026-07-12,派对用品,背景幕布和横幅,,https://cf.shopee.com.my/file/sg-11134201-825am-mqk86b4oe9l757,http://shopee.com.my/product/369427716/46163886291,-1.08,1.59,,,6.37,3.64,20.07
Zippo打火机外壳及类似物品的燃料。,53513277635,297749963407,VN,2026-07-03,2026-07-03,其他,,,https://cf.shopee.vn/file/vn-11134207-81ztc-mq6hga2yqbrj8e,http://shopee.vn/product/1332458291/53513277635,-0.27,3.23,,0.07,4.62,3.81,6.26
马来西亚国旗（涤纶）手持旗批发，价格实惠,26401830796,371280308530,MY,2024-06-05,2026-07-27,派对用品,背景幕布和横幅,,https://cf.shopee.com.my/file/sg-11134201-8257t-mr5gz6jkzaip1c,http://shopee.com.my/product/363829740/26401830796,-6.43,0.24,,0.04,2.61,4.14,6.62
T8 LED 游乐场灯，18 瓦，彩色霓虹灯，防水，适用于店面装饰、市场摊位和商店招牌。,53813013152,346128616090,TH,2026-06-29,2026-06-29,灯具,应急及标识照明,指示牌/灯箱招牌/标识,https://cf.shopee.co.th/file/sg-11134201-824hj-mpekdkl23ymm5a,http://shopee.co.th/product/1820921733/53813013152,-9.43,1.35,,0.04,2.18,0.83,4.14
TBF 2026年独立日背景幕布 | 高级帆布背景幕布 | 防水活动横幅 | 4种尺寸 | 4种设计,54163899638,381258187064,MY,2026-07-13,2026-07-23,派对用品,背景幕布和横幅,,https://cf.shopee.com.my/file/my-11134207-820l9-mqzuiednxh5841,http://shopee.com.my/product/344284946/54163899638,22.13,7.49,,,5.36,1.89,19.82
立即发货 - 刮刮乐式婴儿派对验孕游戏，揭晓宝宝性别（男孩或女孩），尿布派对礼物,22399384693,179729695345,BR,2026-03-09,2026-07-22,派对用品,其他的,,https://cf.shopee.com.br/file/br-11134207-820lt-mqxzqtbm5d6u3c,http://shopee.com.br/product/1739808439/22399384693,25.41,11.64,8.09,7.24,8.59,8.83,14.14
5/10/25个心形气球套装，10英寸（22厘米），适用于派对装饰、生日，多种颜色可选,58263700091,239446909743,BR,2026-07-04,2026-07-22,派对用品,气球,,https://cf.shopee.com.br/file/br-11134207-820lq-mq98lwuiwmio9d,http://shopee.com.br/product/1800875490/58263700091,-7.28,2.75,,0.04,22.93,17.15,25.37
磁吸式床头灯，遥控聚光灯，壁灯，无线台灯，360°旋转，带遥控器，房间装饰。,43527078510,297780294961,TH,2025-12-08,2026-07-13,灯具,装饰氛围灯,灯串/灯带/窗帘灯/装饰灯/舞台灯,https://cf.shopee.co.th/file/th-11134207-81ztg-mqlqgww4ffgi7c,http://shopee.co.th/product/868343249/43527078510,-0.2,4.11,3.12,2.18,3.24,2.75,5.88
Stray Kids 粉丝套装 [团体及个人] | 小卡 • 拍立得 • 贴纸及更多,58212668362,109729655295,BR,2026-06-17,2026-07-14,派对用品,其他的,,https://cf.shopee.com.br/file/br-11134201-820m3-mqx4mdt88k5i1d,http://shopee.com.br/product/415090926/58212668362,-2.41,5.91,,0.43,2.64,2.83,6.0
1 x 2 Meter Rain Foil Curtain for Party Wall Decoration Backdrops Banners Hiasan Belon Tirai Hiasan Dinding 派对布置背景 背景设计,40132116718,311130195505,MY,2026-06-29,2026-06-29,派对用品,背景幕布和横幅,,https://cf.shopee.com.my/file/my-11134207-820lb-mq1l1j5bpwjz58,http://shopee.com.my/product/1063909647/40132116718,-5.48,0.48,,0.19,4.47,2.9,7.78
TBF 2026年独立日海报 | 高级PVC防水教育海报 | 马来西亚爱国主义墙饰,28488329751,341206422424,MY,2025-07-04,2026-07-14,派对用品,背景幕布和横幅,,https://cf.shopee.com.my/file/my-11134207-820lc-mqn1kvnv2kn60c,http://shopee.com.my/product/344284946/28488329751,-1.12,1.58,,0.02,3.25,4.15,8.94
格子牛奶盒派对礼品，快速发货，六月节,58211787466,179729853537,BR,2026-06-02,2026-07-27,派对用品,其他的,,https://cf.shopee.com.br/file/br-11134207-820lr-movyhn6b7thcd9,http://shopee.com.br/product/410677534/58211787466,-6.65,4.72,0.04,2.76,9.59,9.0,11.43
金色迷你一次性塑料叉勺套装，适用于派对、布丁、冰淇淋和开胃菜。,58263358216,199623599263,BR,2026-06-29,2026-06-29,派对用品,一次性餐具,,https://cf.shopee.com.br/file/br-11134207-820lo-mq1ez1fne7er0d,http://shopee.com.br/product/1761634886/58263358216,10.1,12.65,,0.04,3.0,3.67,4.0
纸皇冠、生日帽、儿童生日配饰,18793268156,186414511378,VN,2023-09-19,2026-07-21,派对用品,派对帽和面具,,https://cf.shopee.vn/file/vn-11134207-81ztc-mqx6wwiyqt4ze9,http://shopee.vn/product/807475139/18793268156,-3.35,1.33,4.08,2.3,6.28,8.78,10.5
豪华亚克力蛋糕装饰摆件，适用于50岁生日、装饰鞋主题、派对、周年纪念、金婚纪念日等场合。,23198766795,238811245680,BR,2025-07-30,2026-08-05,派对用品,其他的,,https://cf.shopee.com.br/file/br-11134207-7r98o-md6fl5ptse0xf8,http://shopee.com.br/product/571422621/23198766795,-12.1,3.95,10.41,9.2,13.2,15.58,18.0
☘️现货 | 价格实惠☘️【母亲节贺卡，10张装】,52263370294,406157133448,TH,2026-07-04,2026-07-04,派对用品,牌,,https://cf.shopee.co.th/file/th-11134207-81ztq-mq8koov1s3yk4b,http://shopee.co.th/product/32334343/52263370294,-1.13,0.3,,0.11,3.14,1.58,10.41
亚克力礼品管 13厘米 - 用于装饰、儿童派对、调料罐 - 10个、20个、30个、40个和50个装,22294882115,238810873908,BR,2026-02-24,2026-07-29,派对用品,其他的,,https://cf.shopee.com.br/file/sg-11134201-82590-mr7v320bwn4670,http://shopee.com.br/product/820641225/22294882115,-20.54,2.17,0.96,,8.82,,35.29
派对金属帘，装饰帘，生日派对装饰帘，1米 x 2米，带流苏和装饰丝带，多种颜色可选,48913675073,401180829155,BR,2026-07-09,2026-07-09,派对用品,背景幕布和横幅,,https://cf.shopee.com.br/file/br-11134207-820lx-mqdgo7e8zwn5f8,http://shopee.com.br/product/911966033/48913675073,-20.55,2.86,,,4.59,0.58,17.57
Meiwa 一次性泡沫塑料餐盘 23厘米 白色 耐用 | 25个、50个、75个、100个或125个装，适用于派对和烧烤,56113576454,244282268736,BR,2026-07-08,2026-07-08,派对用品,一次性餐具,,https://cf.shopee.com.br/file/br-11134207-820m5-mqdklvsisw76c3,http://shopee.com.br/product/1514468195/56113576454,8.66,11.61,,,3.95,1.85,5.05
10/20/30/40/50支装PET管（1号），带透明盖（R28），适用于派对礼品和糖果,17804585440,431307837469,BR,2022-02-17,2026-08-01,派对用品,其他的,,https://cf.shopee.com.br/file/br-11134207-820m4-mrcy818jgnwld3,http://shopee.com.br/product/395155703/17804585440,-17.54,2.55,26.17,40.31,48.84,44.64,62.08
Agar.Shop 闪光生日绶带派对装饰生日绶带,12756436939,341287683615,PH,2021-12-01,2026-07-28,派对用品,腰带,,https://cf.shopee.ph/file/ph-11134207-820li-mr7aeje1roxy76,http://shopee.ph/product/35340243/12756436939,-3.06,0.64,7.15,9.05,9.77,8.84,12.13
东姑阿都拉曼旗帜 / 独立日装饰 / 学校独立日装饰 / 国庆日 / 历史 / 爱国主义 BBM,52662740832,331126486098,MY,2026-06-24,2026-06-28,派对用品,背景幕布和横幅,,https://cf.shopee.com.my/file/sg-11134201-824j2-mpux5fsx5tzf82,http://shopee.com.my/product/1075588944/52662740832,8.71,4.13,,0.15,6.51,7.92,14.1
Meiwa 一次性泡沫塑料餐盘 23厘米 白色 耐用 | 25个、50个、75个、100个或125个装，适用于派对和烧烤,56113576454,244282268733,BR,2026-07-08,2026-07-08,派对用品,一次性餐具,,https://cf.shopee.com.br/file/br-11134207-820m5-mqdklvsisw76c3,http://shopee.com.br/product/1514468195/56113576454,-22.99,5.38,,,3.95,1.85,5.05
8、10、12、16、20盎司圆形一次性塑料食品容器，带圆顶盖（50套±）圆形盖 Ais Kacang 容器,4653487041,411237052220,MY,2020-09-21,2026-07-20,派对用品,一次性餐具,,https://cf.shopee.com.my/file/sg-11134201-8258g-mqx1wcj499fm28,http://shopee.com.my/product/121532636/4653487041,8.37,4.84,5.54,6.82,9.37,6.82,9.75
5/10/25个心形气球套装，10英寸（22厘米），适用于派对装饰、生日，多种颜色可选,58263700091,239446909740,BR,2026-07-04,2026-07-22,派对用品,气球,,https://cf.shopee.com.br/file/br-11134207-820lq-mq98lwuiwmio9d,http://shopee.com.br/product/1800875490/58263700091,-6.61,3.34,,0.04,22.93,17.15,25.37
装饰横幅/横幅“生日快乐” | 我们可以制作任何主题。,58261167476,179417917662,BR,2026-05-22,2026-07-13,派对用品,腰带,,https://cf.shopee.com.br/file/br-11134207-820l6-mqlxd5mnp43l68,http://shopee.com.br/product/540759411/58261167476,-0.62,3.75,0.07,10.26,21.21,16.33,29.43
樱桃主题礼品套装（含80/160件物品，可选带/不带姓名） - 快速发货,22898408457,366204075196,BR,2025-04-17,2026-07-14,派对用品,其他的,,https://cf.shopee.com.br/file/br-11134207-7r98o-m8ovktmyox3lf9,http://shopee.com.br/product/578785010/22898408457,-6.1,5.36,8.11,5.44,6.63,6.42,9.43
（五折优惠）100片装水龙头滤芯棉质净水器一次性通用防溅水龙头滤芯，用于去除自来水和泉水中的沙垢和沉淀物,52063039291,297738872910,MY,2026-06-29,2026-06-29,其他,,,https://cf.shopee.com.my/file/cn-11134207-820l4-mq1rx7w4sjylac,http://shopee.com.my/product/1032444488/52063039291,0.57,1.61,,,2.52,2.0,6.07
Stray Kids 粉丝套装 [团体及个人] | 小卡 • 拍立得 • 贴纸及更多,58212668362,109729655296,BR,2026-06-17,2026-07-14,派对用品,其他的,,https://cf.shopee.com.br/file/br-11134201-820m3-mqx4mdt88k5i1d,http://shopee.com.br/product/415090926/58212668362,-2.9,5.91,,0.43,2.64,2.83,6.0
LED表面安装式筒灯吸顶灯射灯E27可更换灯泡220V圆形筒灯射灯适用于卧室、客厅、厨房、商店等场所的照明,23114295280,446230919792,PH,2022-12-26,2026-07-19,灯具,室内固定照明-天花板灯,吊灯/吸顶灯/面板灯/风扇灯,https://cf.shopee.ph/file/cn-11134207-820l4-mqum8fvtgt1n7c,http://shopee.ph/product/923290499/23114295280,-7.4,3.57,10.27,10.86,11.14,9.97,10.86
TBF 2026年独立日海报 | 高级PVC防水教育海报 | 马来西亚爱国主义墙饰,28488329751,341206422429,MY,2025-07-04,2026-07-14,派对用品,背景幕布和横幅,,https://cf.shopee.com.my/file/my-11134207-820l5-mqn1kztov3lu28,http://shopee.com.my/product/344284946/28488329751,0.85,1.18,,0.02,3.25,4.15,8.94
金星太阳能灯，3500瓦，铝制材质，超亮，防眩光，IP67防水,42105400743,316260998248,VN,2025-06-21,2026-07-23,灯具,太阳能灯,太阳能庭院灯,https://cf.shopee.vn/file/vn-11134207-81ztc-mr03zwwjxh527b,http://shopee.vn/product/1133531707/42105400743,18.03,9.86,2.36,4.19,2.69,2.17,4.36
Agar.Shop 高品质皇冠+绶带套装生日装饰,24033139448,341281459056,PH,2024-07-06,2026-07-27,派对用品,腰带,,https://cf.shopee.ph/file/ph-11134207-820lf-mr5p2pf9q807ef,http://shopee.ph/product/35340243/24033139448,0.66,1.45,5.78,4.96,7.92,9.4,9.42
生日气球套装，生日快乐气球套装，用于派对装饰。,3554623894,406178441257,TH,2020-09-26,2026-07-08,派对用品,气球,,https://cf.shopee.co.th/file/th-11134207-81ztf-mqenit8fl91q2c,http://shopee.co.th/product/54031427/3554623894,-2.44,0.45,0.17,1.48,2.52,2.67,2.87
大型布艺横幅 100x150cm 墙挂背景，生日装饰背景 - Miu Party,42529178168,356240923635,VN,2026-03-11,2026-07-21,派对用品,背景幕布和横幅,,https://cf.shopee.vn/file/vn-11134207-81ztc-mqwpchxorpxcc8,http://shopee.vn/product/807475139/42529178168,4.18,3.73,3.16,3.0,5.38,5.55,6.31
14束金属气球花束套装，含五彩纸屑——生日派对装饰,9168174556,219623641798,BR,2021-06-18,2026-06-30,派对用品,气球,,https://cf.shopee.com.br/file/sg-11134201-8259j-mrgdn44o3aiqf8,http://shopee.com.br/product/376739049/9168174556,-5.82,3.54,0.65,0.54,2.55,2.0,3.57
彩色塑料六月节横幅套装（10/50/100米）,47810129554,277743287453,BR,2026-05-07,2026-07-01,派对用品,其他的,,https://cf.shopee.com.br/file/sg-11134201-820n5-mnydtjinvp5465,http://shopee.com.br/product/504894896/47810129554,-5.59,5.34,52.86,110.43,30.75,1.5,3.29
100/50PCS Dessert Cup with Lid Disposable 150/250ML Round Pudding Cup Cake Fruits Mousse Plastic Cup一次性塑料蛋糕杯,56662606789,321279985188,MY,2026-06-22,2026-07-27,派对用品,一次性餐具,,https://cf.shopee.com.my/file/my-11134207-820lf-mr5dlk1d6kuddf,http://shopee.com.my/product/1810532673/56662606789,10.64,5.44,,0.15,2.6,2.39,2.57
[10/20个装] 1/2/3米 LED灯串 派对装饰灯 防水户外灯串 节日装饰,53110546773,431242485628,PH,2026-05-15,2026-07-21,灯具,装饰氛围灯,灯串/灯带/窗帘灯/装饰灯/舞台灯,https://cf.shopee.ph/file/sg-11134201-822za-mo9din1702kmcd,http://shopee.ph/product/1516873881/53110546773,-0.56,4.37,0.13,0.17,6.19,2.89,5.48
250000W太阳能吸顶灯，户外防水，室内外通用，带太阳能电池板,15849774419,206410089995,PH,2022-02-07,2026-07-09,灯具,太阳能灯,太阳能吸顶灯/高棚灯,https://cf.shopee.ph/file/ph-11134207-820l7-mqft0mxicvf185,http://shopee.ph/product/564129704/15849774419,-1.42,4.18,3.12,3.57,3.87,2.67,3.18
Evora 太阳能 LED 灯：太阳能壁灯、楼梯灯，可安装在房屋墙壁、栅栏和庭院墙壁上，以增强户外空间的美观和装饰。,56103895632,386241092031,TH,2025-12-29,2026-07-21,灯具,太阳能灯,太阳能壁灯,https://cf.shopee.co.th/file/th-11134207-81ztp-mqwq7ro8zdoje2,http://shopee.co.th/product/1689038851/56103895632,-4.97,2.37,5.96,4.15,6.3,4.03,7.76
10个封装气球套装 - 18英寸泡泡气球 + 16英寸空气气球,58253267701,239445934547,BR,2026-01-15,2026-07-06,派对用品,气球,,https://cf.shopee.com.br/file/br-11134207-820lc-mqazcspg79j7e5,http://shopee.com.br/product/1032217049/58253267701,36.55,12.63,19.44,31.0,33.03,31.92,40.45
【货到付款】24个装 10英寸 加厚纸盘架 铝箔盘架 防油纸托盘架 #018,51813683861,321184221766,PH,2026-07-09,2026-07-09,派对用品,一次性餐具,,https://cf.shopee.ph/file/ph-11134207-820l4-mqg3xtowojd748,http://shopee.ph/product/1724399062/51813683861,-12.25,1.62,,,3.04,2.94,8.1
【货到付款】24个装 10英寸 加厚纸盘架 铝箔盘架 防油纸托盘架 #018,51813683861,321184221757,PH,2026-07-09,2026-07-09,派对用品,一次性餐具,,https://cf.shopee.ph/file/ph-11134207-820lg-mqg3y0g49i4u1c,http://shopee.ph/product/1724399062/51813683861,-5.56,3.08,,,3.04,2.94,8.1
个性化婚礼喜极而泣套装，含手帕和标签（请选择数量）,58210517810,159793420809,BR,2026-05-12,2026-07-07,派对用品,其他的,,https://cf.shopee.com.br/file/br-11134207-820m2-mqciqvbxkr9cf3,http://shopee.com.br/product/319739494/58210517810,6.62,7.89,2.88,13.38,21.41,19.25,22.9
10/20/30 和 50 个亚克力管套装，8 厘米，适用于派对礼品。,58264665951,229446890826,BR,2026-07-21,2026-07-21,派对用品,其他的,,https://cf.shopee.com.br/file/br-11134207-820mb-mqwnnv8hx0xx4c,http://shopee.com.br/product/1690147505/58264665951,-19.93,2.35,,,9.93,8.5,31.8
Bendera Malaysia Flag Malaysia 3x6ft 2x8ft 2x4ft Classroom / Office Assembly/ 马来西亚国旗,46163886291,401197657937,MY,2026-07-12,2026-07-12,派对用品,背景幕布和横幅,,https://cf.shopee.com.my/file/sg-11134201-8258x-mqk8652nsr9p6a,http://shopee.com.my/product/369427716/46163886291,-4.3,1.35,,,6.37,3.64,20.07
GeeParty 7件套巨型粉色蝴蝶结铝箔气球套装，粉色数字32英寸，适合女孩生日派对装饰,52454589700,411157109842,MY,2026-01-13,2026-07-04,派对用品,气球,,https://cf.shopee.com.my/file/cn-11134207-820l4-mq4mnxc5slc172,http://shopee.com.my/product/833679123/52454589700,-0.99,0.93,1.91,3.84,4.89,3.83,5.68
【50个装】TIDY U型杯 95mm 带盖 12/16/22盎司 一次性奶茶咖啡塑料杯,45363265958,302748236328,PH,2026-07-02,2026-07-02,派对用品,一次性餐具,,https://cf.shopee.ph/file/cn-11134207-820l4-mq5wsf0uv7yma5,http://shopee.ph/product/1440935454/45363265958,-65.46,2.74,,0.02,20.96,30.33,46.29
一次性水晶甜点叉（50支装）,49863240601,446144463546,BR,2026-07-02,2026-07-02,派对用品,一次性餐具,,https://cf.shopee.com.br/file/br-11134207-820md-mpsq35zl62o015,http://shopee.com.br/product/1157402308/49863240601,-18.42,5.87,,0.11,2.84,1.83,7.64
1 | 5 | 10 父亲节气球 22厘米 + 金属棒气球 10英寸 父亲节礼物气球套装,45663145018,346136756097,BR,2026-06-30,2026-06-30,派对用品,气球,,https://cf.shopee.com.br/file/br-11134207-820la-mq2rsdko4mpvc0,http://shopee.com.br/product/714130951/45663145018,-8.11,3.52,,0.22,7.37,11.0,11.86
大型布艺横幅 100x150cm 墙挂背景，生日装饰背景 - Miu Party,42529178168,356240923637,VN,2026-03-11,2026-07-21,派对用品,背景幕布和横幅,,https://cf.shopee.vn/file/vn-11134207-81ztc-mqwpdgualgcq92,http://shopee.vn/product/807475139/42529178168,4.18,3.73,3.16,3.0,5.38,5.55,6.31
3D立体音乐弹出式生日快乐贺卡，带LED灯 - 惊喜礼物 - 装饰性,22995028065,239447446339,BR,2026-06-09,2026-07-29,派对用品,牌,,https://cf.shopee.com.br/file/sg-11134201-825b6-mr8ye6sbbm6eb6,http://shopee.com.br/product/414447070/22995028065,0.2,4.13,,2.63,9.48,7.42,11.5
【批量购买可享折扣】1厘米宽，1.9米长的仿毛皮绳，用于制作中秋节灯笼。,45557684585,406166048467,VN,2026-03-25,2026-07-06,其他,,,https://cf.shopee.vn/file/vn-11134207-81ztc-mrgwkiauudxi03,http://shopee.vn/product/602502085/45557684585,-11.1,0.34,0.29,2.51,4.38,5.0,5.06
【热销】纽扣电池LED串灯 1米/2米/3米 铜线灯串 圣诞派对房间装饰,40005324256,431130365903,PH,2025-06-20,2026-06-29,灯具,装饰氛围灯,灯串/灯带/窗帘灯/装饰灯/舞台灯,https://cf.shopee.ph/file/ph-11134207-7ras8-manl96zsproxb7,http://shopee.ph/product/535402461/40005324256,-17.62,0.46,1.31,0.65,3.56,1.53,7.57
LED触控台灯，无线设计，可调光，是阅读和装饰的理想之选。,23994534623,199624827142,BR,2025-10-21,2026-07-28,灯具,装饰氛围灯,灯串/灯带/窗帘灯/装饰灯/舞台灯,https://cf.shopee.com.br/file/br-11134207-820lp-mr6l7d9kpeyue1,http://shopee.com.br/product/1643127302/23994534623,-31.01,8.68,12.11,0.85,3.45,1.67,12.21
金属可调节臂工作台灯书房灯办公室LED阅读台灯（含灯泡）,43365132867,391206168424,PH,2025-08-26,2026-07-14,灯具,室内移动照明,台灯/落地灯/夹子灯/学习灯/小夜灯,https://cf.shopee.ph/file/ph-11134207-820la-mqmzso0qa329cd,http://shopee.ph/product/1179260154/43365132867,29.61,11.25,0.68,1.33,2.43,2.67,2.71
Bendera Malaysia Flag Malaysia 3x6ft 2x8ft 2x4ft Classroom / Office Assembly/ 马来西亚国旗,46163886291,401197657950,MY,2026-07-12,2026-07-12,派对用品,背景幕布和横幅,,https://cf.shopee.com.my/file/sg-11134201-8259s-mqk868erfite85,http://shopee.com.my/product/369427716/46163886291,-4.87,0.86,,,6.37,3.64,20.07
5/10/25个心形气球套装，10英寸（22厘米），适用于派对装饰、生日，多种颜色可选,58263700091,239446909730,BR,2026-07-04,2026-07-22,派对用品,气球,,https://cf.shopee.com.br/file/br-11134207-820lx-mq98edd159fk2f,http://shopee.com.br/product/1800875490/58263700091,-10.32,2.75,,0.04,22.93,17.15,25.37
Luna LED E27 壁灯，现代风格，适用于卧室、床头柜、客厅等场所，装饰性强。,28345323707,311229351161,BR,2026-07-19,2026-07-19,灯具,装饰氛围灯,灯串/灯带/窗帘灯/装饰灯/舞台灯,https://cf.shopee.com.br/file/br-11134207-820lq-mqtsn4te9beo04,http://shopee.com.br/product/224459040/28345323707,-33.23,7.93,,,4.14,5.5,11.86
☘️现货 | 价格实惠☘️【母亲节贺卡，10张装】,52263370294,406157133449,TH,2026-07-04,2026-07-04,派对用品,牌,,https://cf.shopee.co.th/file/th-11134207-81ztf-mq8koskt5wcu88,http://shopee.co.th/product/32334343/52263370294,-1.13,0.3,,0.11,3.14,1.58,10.41
派对金属帘，装饰帘，生日派对装饰帘，1米 x 2米，带流苏和装饰丝带，多种颜色可选,48913675073,401180829162,BR,2026-07-09,2026-07-09,派对用品,背景幕布和横幅,,https://cf.shopee.com.br/file/br-11134207-820lq-mqdgo7e8uadd76,http://shopee.com.br/product/911966033/48913675073,-24.96,1.18,,,4.59,0.58,17.57
农场主题生日蜡烛，适合男孩或女孩，牛仔或女牛仔主题。,22698091518,351305901802,BR,2024-12-17,2026-08-01,派对用品,其他的,,https://cf.shopee.com.br/file/br-11134207-820l7-mrchkc3qz3t176,http://shopee.com.br/product/490340444/22698091518,-4.4,5.67,5.61,4.67,5.68,4.33,6.43
5英寸、10英寸、12英寸加厚乳胶气球，生日婚礼派对装饰氦气球，马来西亚,11349261655,396255905144,MY,2021-09-16,2026-07-23,派对用品,气球,,https://cf.shopee.com.my/file/my-11134207-820l5-mqzhjzkb8w7a86,http://shopee.com.my/product/77409795/11349261655,0.32,0.68,3.56,6.4,4.46,3.14,6.43
☘️现货 | 价格实惠☘️【母亲节贺卡，10张装】,52263370294,406157133451,TH,2026-07-04,2026-07-04,派对用品,牌,,https://cf.shopee.co.th/file/th-11134207-81ztk-mq8koxavtjprae,http://shopee.co.th/product/32334343/52263370294,-1.13,0.3,,0.11,3.14,1.58,10.41
快速发货 婴儿派对回礼香薰套装 米色泰迪熊 个性化中性婴儿香薰套装,42727199287,446299473526,BR,2025-12-13,2026-07-31,派对用品,其他的,,https://cf.shopee.com.br/file/br-11134201-820lo-mqy784uwzoqud3,http://shopee.com.br/product/979151062/42727199287,45.02,15.57,4.79,5.25,5.6,4.67,4.71
Bendera Malaysia Flag Malaysia 3x6ft 2x8ft 2x4ft Classroom / Office Assembly/ 马来西亚国旗,46163886291,401197657941,MY,2026-07-12,2026-07-12,派对用品,背景幕布和横幅,,https://cf.shopee.com.my/file/sg-11134201-825a4-mqk865w36sch92,http://shopee.com.my/product/369427716/46163886291,-4.3,1.35,,,6.37,3.64,20.07
粉色气球套装，包含数字、蝴蝶结和星星，适合女孩生日派对装饰,58214001274,239446198962,BR,2026-07-10,2026-07-10,派对用品,气球,,https://cf.shopee.com.br/file/sg-11134201-8259m-mqgsazrqvvnv1e,http://shopee.com.br/product/1276615576/58214001274,1.56,5.75,,,5.36,6.17,14.71
金属质感生日快乐横幅/派对装饰标准横幅,58214128139,149793533462,BR,2026-07-13,2026-07-13,派对用品,腰带,,https://cf.shopee.com.br/file/br-11134207-820la-mql5m891sxz502,http://shopee.com.br/product/1468035717/58214128139,-1.95,3.16,,,4.61,7.17,7.43
饮品菜单标牌套装#1（带白色圆圈）。适用于商店和咖啡馆的覆膜海报标牌。,53906550819,267781963991,TH,2026-02-28,2026-07-14,派对用品,背景幕布和横幅,,https://cf.shopee.co.th/file/th-11134207-81zti-mqmivdsasflue5,http://shopee.co.th/product/28701341/53906550819,1.5,2.37,3.83,8.56,5.57,4.07,5.51
迷你纽扣电池串灯，铜线微型LED灯串，适用于礼盒、蛋糕等DIY工艺品,50364765237,426268377252,PH,2026-07-24,2026-07-24,灯具,装饰氛围灯,灯串/灯带/窗帘灯/装饰灯/舞台灯,https://cf.shopee.ph/file/ph-11134207-820ld-mr1fttigpt6s5e,http://shopee.ph/product/1888842298/50364765237,-19.75,0.13,,,2.25,,9.0
5英寸、10英寸、12英寸加厚乳胶气球，生日婚礼派对装饰氦气球，马来西亚,11349261655,396255905142,MY,2021-09-16,2026-07-23,派对用品,气球,,https://cf.shopee.com.my/file/my-11134207-820l5-mqzhjzkb8w7a86,http://shopee.com.my/product/77409795/11349261655,-4.23,0.27,3.56,6.4,4.46,3.14,6.43
【货到付款】太阳能帘幕冰柱灯，IP65防水LED瀑布灯，适用于婚礼、庭院和装饰,43882221753,366146879244,PH,2026-07-02,2026-07-02,灯具,太阳能灯,太阳能装饰灯,https://cf.shopee.ph/file/ph-11134207-820l9-mq30za0w7q4v0f,http://shopee.ph/product/1871249164/43882221753,0.68,3.66,,,3.67,3.5,8.55
父亲节圆形背景布，1.50米，采用升华印花面料，带松紧带，适合派对装饰,41757332287,262743284680,BR,2025-07-04,2026-07-01,派对用品,背景幕布和横幅,,https://cf.shopee.com.br/file/br-11134207-7r98o-mbs59h6ot6qh1a,http://shopee.com.br/product/776725570/41757332287,2.78,17.77,,0.07,3.93,5.04,8.64
4/8/12 灯太阳能 LED 灯套装，适用于楼梯、墙壁和花园 - IP65 自动户外灯,58263470463,199191248048,BR,2026-07-01,2026-07-01,灯具,太阳能灯,太阳能庭院灯,https://cf.shopee.com.br/file/br-11134207-820l7-mr73pw2ex9fp45,http://shopee.com.br/product/1797330630/58263470463,-10.16,13.01,,,5.02,4.0,15.07
简约美式水晶吊灯，创意个性，家居照明，卧室，客厅，餐厅,27081166992,277825780280,BR,2025-03-28,2026-07-27,灯具,室内固定照明-水晶灯,水晶灯,https://cf.shopee.com.br/file/cn-11134207-820l4-mqolf7yrfitp51,http://shopee.com.br/product/1489642243/27081166992,-16.89,11.28,6.54,6.76,10.32,12.67,12.86
名人同款口罩✨风靡各行各业💥曼谷地区立即发货💥48种款式可供选择。,42180270816,287767424369,TH,2026-04-21,2026-07-08,派对用品,派对帽和面具,,https://cf.shopee.co.th/file/th-11134207-81ztf-mqew3s8zherycc,http://shopee.co.th/product/92353442/42180270816,-0.75,1.17,10.07,18.94,20.11,17.87,18.27
100/50气球套装，适用于派对、生日、装饰和拱门 - 7英寸,58213519307,228808073164,BR,2026-07-02,2026-07-02,派对用品,气球,,https://cf.shopee.com.br/file/br-11134207-820lk-mq58hsuxcpa8ec,http://shopee.com.br/product/339631962/58213519307,-4.32,3.54,,0.17,5.18,6.08,7.07
派对装饰套装：1 个蛋糕架（22 厘米）+ 3 个迷你糖果架 + 2 个甜点桌托盘。,22694662371,208850993750,BR,2025-11-10,2026-07-03,派对用品,其他的,,https://cf.shopee.com.br/file/br-11134207-820mg-mq7u6fvv0b9fc5,http://shopee.com.br/product/329436183/22694662371,6.69,7.89,42.86,46.96,38.38,35.72,42.0
粉色和金色数字年龄气球，多色，彩虹色，70厘米尺寸，生日和派对装饰,20246273354,346219932210,VN,2022-09-16,2026-07-17,派对用品,气球,,https://cf.shopee.vn/file/vn-11134207-7qukw-ljjfqee69og270,http://shopee.vn/product/807475139/20246273354,-6.28,0.34,2.55,2.82,3.73,3.73,4.14
定制横幅，请发送您的设计稿或照片（通过消息发送）,58213814966,238809516004,BR,2026-07-07,2026-07-07,派对用品,背景幕布和横幅,,https://cf.shopee.com.br/file/br-11134207-820m3-mr0oib4kj85g79,http://shopee.com.br/product/1462180064/58213814966,-6.92,5.82,,,6.21,9.83,16.0
【货到付款】LullaSpace 木质宝宝每月里程碑卡片 双面花朵 新生儿拍照道具,48112877050,351145679037,PH,2026-06-26,2026-07-02,派对用品,牌,,https://cf.shopee.ph/file/ph-11134207-820l5-mq5pca84f2tode,http://shopee.ph/product/1827499218/48112877050,3.29,1.73,,0.27,12.08,16.98,21.04
亚克力礼品管 13厘米 - 用于装饰、儿童派对、调料罐 - 10个、20个、30个、40个和50个装,22294882115,109874796285,BR,2026-02-24,2026-07-29,派对用品,其他的,,https://cf.shopee.com.br/file/sg-11134201-825aw-mr7v30m59w5g7f,http://shopee.com.br/product/820641225/22294882115,4.91,7.33,0.96,,8.82,,35.29
亚克力纸杯蛋糕甜点展示架 化妆品香水玩具模型人偶展示架 派对生日,53214644298,331259912367,PH,2026-07-23,2026-07-23,派对用品,其他的,,https://cf.shopee.ph/file/ph-11134207-820l8-mq8vsxumyzv089,http://shopee.ph/product/544474964/53214644298,1.21,2.71,,,2.23,3.53,5.89
Bendera Malaysia Flag Malaysia 3x6ft 2x8ft 2x4ft Classroom / Office Assembly/ 马来西亚国旗,46163886291,401197657945,MY,2026-07-12,2026-07-12,派对用品,背景幕布和横幅,,https://cf.shopee.com.my/file/sg-11134201-825ah-mqk866zyd4wb14,http://shopee.com.my/product/369427716/46163886291,-1.77,1.52,,,6.37,3.64,20.07
粉色气球套装，包含数字、蝴蝶结和星星，适合女孩生日派对装饰,58214001274,239446198969,BR,2026-07-10,2026-07-10,派对用品,气球,,https://cf.shopee.com.br/file/sg-11134201-825ab-mqgsbb6nk0sh18,http://shopee.com.br/product/1276615576/58214001274,0.35,5.75,,,5.36,6.17,14.71
GeeParty 123件紫色蝴蝶气球花环紫金气球拱门，适用于婚礼生日装饰,27800909067,351158430558,MY,2024-05-25,2026-07-04,派对用品,气球,,https://cf.shopee.com.my/file/cn-11134207-820l4-mq8vvma92jgh6b,http://shopee.com.my/product/833679123/27800909067,-3.35,1.71,1.12,0.97,2.31,2.12,2.56
迷你无线LED台灯 + 含LED蜡烛 - 卧室、客厅、办公室,58213449421,239445656205,BR,2026-07-01,2026-07-01,灯具,装饰氛围灯,灯串/灯带/窗帘灯/装饰灯/舞台灯,https://cf.shopee.com.br/file/br-11134207-820l9-mqfjjex2xp8ieb,http://shopee.com.br/product/770940934/58213449421,-54.61,4.14,,0.15,6.96,8.0,10.0
【100张/盒】祝愿卡 祝早日康复/感谢/周年纪念/生日快乐 100张/1盒,50661045330,416258456673,MY,2026-05-24,2026-07-23,派对用品,牌,,https://cf.shopee.com.my/file/my-11134207-820lb-mqzvumgkbp53dc,http://shopee.com.my/product/793759981/50661045330,8.08,3.18,,0.11,2.16,2.58,2.79
Agar.Shop 生日女王绶带和闪亮皇冠套装 21岁 30岁生日礼物 女士绶带,14867199548,148028712817,PH,2022-03-26,2026-07-28,派对用品,腰带,,https://cf.shopee.ph/file/ph-11134207-820l8-mr7b001jbta879,http://shopee.ph/product/35340243/14867199548,1.18,1.62,20.88,22.05,30.98,29.16,43.21
饮品菜单标牌套装#1（带白色圆圈）。适用于商店和咖啡馆的覆膜海报标牌。,53906550819,326204559351,TH,2026-02-28,2026-07-14,派对用品,背景幕布和横幅,,https://cf.shopee.co.th/file/th-11134207-81ztl-mqmitsyqnqj1f4,http://shopee.co.th/product/28701341/53906550819,1.44,2.25,3.83,8.56,5.57,4.07,5.51
TBF 2026年独立日海报 | 高级PVC防水教育海报 | 马来西亚爱国主义墙饰,28488329751,341206422410,MY,2025-07-04,2026-07-14,派对用品,背景幕布和横幅,,https://cf.shopee.com.my/file/my-11134207-820l6-mqn1kgeddude6b,http://shopee.com.my/product/344284946/28488329751,-1.12,1.58,,0.02,3.25,4.15,8.94
迷你纽扣电池串灯，铜线微型LED灯串，适用于礼盒、蛋糕等DIY工艺品,50364765237,426268377255,PH,2026-07-24,2026-07-24,灯具,装饰氛围灯,灯串/灯带/窗帘灯/装饰灯/舞台灯,https://cf.shopee.ph/file/ph-11134207-820l8-mr1ftthwp7us27,http://shopee.ph/product/1888842298/50364765237,-9.6,0.13,,,2.25,,9.0
一套20只双面3D蝴蝶，可用于墙面装饰、卧室装饰、派对装饰、生日装饰、蛋糕装饰，色彩缤纷，美观精致，适合DIY。,23098924502,436308853290,BR,2025-09-23,2026-08-02,派对用品,背景幕布和横幅,,https://cf.shopee.com.br/file/br-11134207-81z1k-meyg13t7vqpy81,http://shopee.com.br/product/445215136/23098924502,-20.73,2.77,4.4,5.87,6.14,3.33,12.64
TBF 2026年独立日海报 | 高级PVC防水教育海报 | 马来西亚爱国主义墙饰,28488329751,341206422430,MY,2025-07-04,2026-07-14,派对用品,背景幕布和横幅,,https://cf.shopee.com.my/file/my-11134207-820l4-mqn1l1y6pgxv83,http://shopee.com.my/product/344284946/28488329751,-1.12,1.58,,0.02,3.25,4.15,8.94
【买一送一】350000W 太阳能户外防水运动灯路灯户外灯 IP69 防水带遥控器,48413559822,441172680414,MY,2026-07-07,2026-07-07,灯具,太阳能灯,太阳能路灯,https://cf.shopee.com.my/file/my-11134207-820l5-mqd56da3yb63c1,http://shopee.com.my/product/1855603281/48413559822,34.06,12.7,,,15.18,11.83,16.57
婚礼蛋糕装饰摆件、周年纪念蛋糕装饰摆件、派对蛋糕装饰摆件、装饰蛋糕装饰摆件,21799827112,109874876129,BR,2025-06-12,2026-08-05,派对用品,其他的,,https://cf.shopee.com.br/file/br-11134207-7r98o-md6f53p3q8zl1a,http://shopee.com.br/product/571422621/21799827112,-12.14,3.94,9.88,6.67,7.84,5.67,8.86
V2 为各种电商海报广告图片定制设计 **任何风格**,44181886157,148028701248,PH,2026-06-21,2026-07-28,其他,,,https://cf.shopee.ph/file/ph-11134207-820lg-mr7675fw1qfa80,http://shopee.ph/product/1786660399/44181886157,4.01,4.88,,1.33,6.82,0.17,15.57
金属心形气球，蓝色，24厘米，父亲节，“爸爸，我爱你，我的英雄”，派对装饰,58213787805,229446002666,BR,2026-07-07,2026-07-07,派对用品,气球,,https://cf.shopee.com.br/file/sg-11134201-8258s-mqc8br4u77k2ad,http://shopee.com.br/product/1696392283/58213787805,2.08,4.74,,,8.21,6.67,22.86
50个透明布丁杯迷你甜点塑料容器带盖甜点杯,47913062119,326130703315,PH,2026-06-29,2026-06-29,派对用品,一次性餐具,,https://cf.shopee.ph/file/sg-11134201-824is-mq1sak7108i6da,http://shopee.ph/product/1061640301/47913062119,-2.41,3.67,,0.02,7.71,13.75,18.68
Evora 自动感应灯，无线 LED 灯，带磁铁的自动路径灯，无需电池，适用于卧室。,55652975993,376241279824,TH,2025-12-12,2026-07-21,灯具,室内移动照明,感应灯/磁吸灯/粘贴灯/橱柜灯/衣柜灯/走廊灯,https://cf.shopee.co.th/file/th-11134207-81ztl-mqwr2vnfvi184d,http://shopee.co.th/product/1689038851/55652975993,6.79,5.67,2.51,2.15,5.34,5.21,7.52
TBF 2026年独立日海报 | 高级PVC防水教育海报 | 马来西亚爱国主义墙饰,28488329751,341206422407,MY,2025-07-04,2026-07-14,派对用品,背景幕布和横幅,,https://cf.shopee.com.my/file/my-11134207-820l9-mqn1kc6w37d772,http://shopee.com.my/product/344284946/28488329751,-2.72,1.18,,0.02,3.25,4.15,8.94
父亲节装饰套装：2 个窗帘 + 2 个气球（45 厘米）+ 4 个星星气球，或包含 8 个气球、背景幕布和主题装饰的套装。,58263694008,219623832614,BR,2026-07-05,2026-07-05,派对用品,背景幕布和横幅,,https://cf.shopee.com.br/file/br-11134207-820lz-mrhrs8b187bbee,http://shopee.com.br/product/1612632321/58263694008,-3.17,6.52,,,6.5,8.17,11.43
V2 为各种电商海报广告图片定制设计 **任何风格**,44181886157,148028701252,PH,2026-06-21,2026-07-28,其他,,,https://cf.shopee.ph/file/ph-11134207-820lg-mr7675fw1qfa80,http://shopee.ph/product/1786660399/44181886157,4.0,4.88,,1.33,6.82,0.17,15.57
2个装饰性LED球形灯，月球银河太阳系宇航员水晶球,23893729095,189624787948,BR,2025-09-01,2026-07-27,灯具,装饰氛围灯,灯串/灯带/窗帘灯/装饰灯/舞台灯,https://cf.shopee.com.br/file/br-11134207-820lu-mr5d7t2y2hol5e,http://shopee.com.br/product/1220163366/23893729095,-43.55,5.86,3.79,7.23,26.48,31.33,38.79
1 x 2 Meter Rain Foil Curtain for Party Wall Decoration Backdrops Banners Hiasan Belon Tirai Hiasan Dinding 派对布置背景 背景设计,40132116718,267738443791,MY,2026-06-29,2026-06-29,派对用品,背景幕布和横幅,,https://cf.shopee.com.my/file/my-11134207-820l9-mq1l1xl6sqob18,http://shopee.com.my/product/1063909647/40132116718,-5.12,0.57,,0.19,4.47,2.9,7.78
粉色气球套装，包含数字、蝴蝶结和星星，适合女孩生日派对装饰,58214001274,239446198961,BR,2026-07-10,2026-07-10,派对用品,气球,,https://cf.shopee.com.br/file/sg-11134201-8258h-mqgsb7gj0wle24,http://shopee.com.br/product/1276615576/58214001274,1.08,5.75,,,5.36,6.17,14.71
三轮车和边车用帘子,23759451213,272826574385,PH,2023-10-28,2026-07-27,其他,,,https://cf.shopee.ph/file/ph-11134207-820l9-mr2qixez6ayte9,http://shopee.ph/product/398292051/23759451213,0.49,4.08,14.52,16.89,16.11,13.67,22.29
100/50气球套装，适用于派对、生日、装饰和拱门 - 7英寸,58213519307,228808073204,BR,2026-07-02,2026-07-02,派对用品,气球,,https://cf.shopee.com.br/file/br-11134207-820mb-mq58hsux5og0db,http://shopee.com.br/product/339631962/58213519307,-4.11,3.54,,0.17,5.18,6.08,7.07
10个迷你LED纽扣灯，变色闪光灯 | 电池供电迷你装饰夜灯,45659227791,311202418372,MY,2026-04-21,2026-07-13,灯具,装饰氛围灯,灯串/灯带/窗帘灯/装饰灯/舞台灯,https://cf.shopee.com.my/file/cn-11134207-820l4-mprq3f29is5n28,http://shopee.com.my/product/1501029316/45659227791,-3.65,0.98,1.59,5.07,6.55,5.5,6.0
10/20/30 和 50 个亚克力管套装，8 厘米，适用于派对礼品。,58264665951,229446890814,BR,2026-07-21,2026-07-21,派对用品,其他的,,https://cf.shopee.com.br/file/br-11134207-820lz-mqwnus3an8cl21,http://shopee.com.br/product/1690147505/58264665951,-16.17,3.23,,,9.93,8.5,31.8
Agar.Shop 生日女王绶带和闪亮皇冠套装 21岁 30岁生日礼物 女士绶带,14867199548,254276228652,PH,2022-03-26,2026-07-01,派对用品,腰带,,https://cf.shopee.ph/file/ph-11134207-820ld-mq4tiv4b8l5b85,http://shopee.ph/product/35340243/14867199548,-1.2,1.06,20.88,22.05,30.98,29.16,43.21
立即发货 - 玩具总动员手提箱派对礼品套装 - 自取组装 - 随时发货 - 儿童派对套装,58213405894,239445606162,BR,2026-06-30,2026-06-30,派对用品,其他的,,https://cf.shopee.com.br/file/br-11134207-820m3-mq2nvy8hmxhf6c,http://shopee.com.br/product/231395716/58213405894,-13.39,3.76,,0.19,5.09,3.83,7.21
定制横幅 80x120厘米 - 照片分辨率,58212179690,199623623980,BR,2026-06-10,2026-06-30,派对用品,背景幕布和横幅,,https://cf.shopee.com.br/file/br-11134207-820l9-mq2b9gyfrgn4fe,http://shopee.com.br/product/1638927302/58212179690,-11.98,4.55,,0.15,6.11,7.75,14.93
派对装饰套装：1 个圆形蛋糕架（22 厘米）+ 2 个迷你蛋糕 + 2 个托盘/糖果盘,23297738084,277752849944,BR,2024-08-28,2026-07-03,派对用品,其他的,,https://cf.shopee.com.br/file/br-11134207-820l5-mq7opuo6rpj7c2,http://shopee.com.br/product/329436183/23297738084,6.48,7.29,21.77,28.26,18.21,12.17,27.0
白色节能LED球形灯泡 E27接口-5W 7W 12W 18W,44182104403,341127983511,PH,2026-06-29,2026-06-29,灯具,灯泡/灯管,灯泡/灯管,https://cf.shopee.ph/file/ph-11134207-820lh-mq191yzoxv5sf1,http://shopee.ph/product/981401544/44182104403,-16.32,0.78,,0.18,2.4,0.72,1.64
Uniluxe [买一送一] 200000W 钻石太阳能泛光灯 防水 IP68 路灯 带太阳能电池板,41409270058,341280277021,PH,2025-07-21,2026-07-27,灯具,太阳能灯,太阳能路灯,https://cf.shopee.ph/file/ph-11134207-820lh-mr5eazlr9nv027,http://shopee.ph/product/1000257553/41409270058,10.85,6.92,18.41,40.37,33.9,17.25,92.07
Emily Vick 设计的粉色俱乐部派对大型中心装饰品，可选哑光或亮光相纸。,58207405861,239445558389,BR,2026-03-23,2026-06-29,派对用品,其他的,,https://cf.shopee.com.br/file/br-11134207-820ln-mmf589n2rc3o8b,http://shopee.com.br/product/1040348336/58207405861,-10.34,4.42,3.57,4.02,2.57,1.5,1.64
派对金属帘，装饰帘，生日派对装饰帘，1米 x 2米，带流苏和装饰丝带，多种颜色可选,48913675073,401180829158,BR,2026-07-09,2026-07-09,派对用品,背景幕布和横幅,,https://cf.shopee.com.br/file/br-11134207-820ly-mqdgo7e944ch53,http://shopee.com.br/product/911966033/48913675073,-23.86,1.38,,,4.59,0.58,17.57
户外防水太阳能灯 ST38/G40 太阳能串灯 花园灯 装饰灯,49755960781,262809022616,PH,2026-02-07,2026-07-22,灯具,太阳能灯,太阳能装饰灯,https://cf.shopee.ph/file/ph-11134207-820l8-mqiu1o05l7v03f,http://shopee.ph/product/1501716361/49755960781,73.46,21.2,0.3,0.91,2.73,2.0,4.57
防水LED壁灯，北欧现代风格，适用于家居、花园、走道、户外装饰的壁灯。,18587896416,336221123897,TH,2023-04-19,2026-07-17,灯具,装饰氛围灯,灯串/灯带/窗帘灯/装饰灯/舞台灯,https://cf.shopee.co.th/file/cn-11134207-820l4-mqrcc28ilpu58c,http://shopee.co.th/product/593601901/18587896416,24.28,9.41,1.74,1.52,2.2,2.5,3.36
大尺寸马来西亚国旗手旗 Jalur Gemilang 国庆独立手旗 14*21*30 厘米,26153986694,336234909696,MY,2024-06-28,2026-07-20,派对用品,背景幕布和横幅,,https://cf.shopee.com.my/file/my-11134207-820l5-mqo9g9dzwhkz42,http://shopee.com.my/product/1133542366/26153986694,-4.24,0.78,0.79,0.43,2.11,0.75,3.98
装饰灯串 LED 圆形串灯 仙女灯 家居派对装饰 USB 接口 3米 6米,14256566976,391273973597,PH,2022-02-24,2026-07-25,灯具,装饰氛围灯,灯串/灯带/窗帘灯/装饰灯/舞台灯,https://cf.shopee.ph/file/ph-11134207-820li-mr2vfz51v85ja9,http://shopee.ph/product/629201790/14256566976,-13.95,1.29,4.05,7.64,4.99,0.83,4.4
个性化 15x15 MDF 邀请函盒，适用于洗礼、坚信礼、奉献礼和婚礼的教父母。,23594991997,179729144568,BR,2026-05-30,2026-07-05,派对用品,牌,,https://cf.shopee.com.br/file/br-11134207-820ld-mq9d67cf5k3m8b,http://shopee.com.br/product/236511013/23594991997,54.32,15.4,0.11,1.98,2.25,2.0,2.29
一套10个生日快乐蛋糕装饰插牌，采用250毫克Lamicote纸制成。蛋糕装饰包含10根免费插签。,58208229368,189624477462,BR,2026-04-05,2026-07-19,派对用品,其他的,,https://cf.shopee.com.br/file/br-11134207-820lu-mqunv6cmpssh25,http://shopee.com.br/product/1781234200/58208229368,-11.4,3.36,9.38,9.06,7.66,8.0,11.36
🔥买一送一🔥 9500000W 太阳能路灯，IP69 防水，夜间自动亮起。,23158078794,277788138049,TH,2023-10-17,2026-07-16,灯具,太阳能灯,太阳能路灯,https://cf.shopee.co.th/file/th-11134207-81ztf-mq4mk6k4ipzf85,http://shopee.co.th/product/1091876779/23158078794,1.35,4.17,4.49,5.8,5.65,5.11,7.26
微波炉适用一次性塑料容器 | 500/650/750/1000毫升，黑色和透明【10个/30个装】,48613937679,371202307977,PH,2026-07-13,2026-07-13,派对用品,一次性餐具,,https://cf.shopee.ph/file/ph-11134207-820l8-mpho9ge2sttsfb,http://shopee.ph/product/1834102620/48613937679,-11.79,2.77,,,2.01,1.25,5.69
10个封装气球套装 - 18英寸泡泡气球 + 16英寸空气气球,58253267701,239445934548,BR,2026-01-15,2026-07-06,派对用品,气球,,https://cf.shopee.com.br/file/br-11134207-820l9-mqazcspga2o3b9,http://shopee.com.br/product/1032217049/58253267701,37.46,12.63,19.44,31.0,33.03,31.92,40.45
UORRIS 太阳能路灯 60倍高亮度太阳能灯 户外防水 LED感应壁灯,54361908988,336206103966,PH,2026-06-09,2026-07-14,灯具,太阳能灯,太阳能路灯,https://cf.shopee.ph/file/ph-11134207-820l9-mqmudd91kgzlf6,http://shopee.ph/product/1809380131/54361908988,6.85,7.49,,0.37,3.04,4.5,5.14
粉色和金色数字年龄气球，多色，彩虹色，70厘米尺寸，生日和派对装饰,20246273354,346219932221,VN,2022-09-16,2026-07-17,派对用品,气球,,https://cf.shopee.vn/file/sg-11134201-22110-f3jwh46fpekv98,http://shopee.vn/product/807475139/20246273354,-6.5,0.34,2.55,2.82,3.73,3.73,4.14
16英寸装饰气球，圆形气球，适用于派对、生日、活动装饰，批发，用途广泛，经久耐用,23794227660,119612339217,BR,2025-07-17,2026-07-11,派对用品,气球,,https://cf.shopee.com.br/file/br-11134207-820m3-mqhxjcma2zup25,http://shopee.com.br/product/1562043282/23794227660,-4.51,3.91,18.98,20.21,23.47,21.53,27.16
Agar.Shop 可爱卡通人物行走充气铝箔气球，儿童款,41730880784,267830334989,PH,2026-05-14,2026-07-28,派对用品,气球,,https://cf.shopee.ph/file/ph-11134207-820ld-mr7cf3hpn5du9c,http://shopee.ph/product/35340243/41730880784,-0.5,0.73,0.63,7.59,8.19,6.46,8.95
父亲节心形气球 18 英寸 – 套装包含 10 个、20 个或 30 个 | 派对装饰和纪念品,58263562412,189623745386,BR,2026-07-03,2026-07-03,派对用品,气球,,https://cf.shopee.com.br/file/sg-11134201-8258x-mq6ftyc68paj2c,http://shopee.com.br/product/1397738960/58263562412,-10.79,2.75,,,2.55,3.83,5.29
卡通主题糖果和玩具：Hello Kitty、Kuromi、Sanrio、Butter Bear、Popmart、Eloel 和 Piggy Bouncy。1 包，30 小袋。,23155799278,336208328552,TH,2023-09-24,2026-07-14,派对用品,气球,,https://cf.shopee.co.th/file/th-11134207-81ztg-mqneup1lcrnz39,http://shopee.co.th/product/686948986/23155799278,7.69,3.27,2.26,5.61,3.15,1.71,3.22
迷你无线LED台灯 + 含LED蜡烛 - 卧室、客厅、办公室,58213449421,239445656187,BR,2026-07-01,2026-07-01,灯具,装饰氛围灯,灯串/灯带/窗帘灯/装饰灯/舞台灯,https://cf.shopee.com.br/file/br-11134207-820m4-mqfjjex30ide8f,http://shopee.com.br/product/770940934/58213449421,-53.07,4.14,,0.15,6.96,8.0,10.0
50个装素色气球，10英寸，适用于装饰、庆祝、派对、惊喜、生日,58214679615,129841208225,BR,2026-07-21,2026-07-21,派对用品,气球,,https://cf.shopee.com.br/file/br-11134207-820l5-mqxe2ivv00zq41,http://shopee.com.br/product/1692493049/58214679615,-6.27,2.94,,,16.7,15.75,53.21
200个农场主题蛋糕装饰/糖果标签/纸杯蛋糕装饰/蛋糕装饰,22999054655,239447597027,BR,2025-10-23,2026-08-02,派对用品,其他的,,https://cf.shopee.com.br/file/br-11134207-820ls-mrgt7toeefifc7,http://shopee.com.br/product/377277481/22999054655,-16.25,3.07,,0.22,3.45,3.17,3.71
生日糖果派对一次性餐具套装（220件）+ 15厘米深碗/盘（含勺子或叉子）,58263670365,219623822865,BR,2026-07-04,2026-07-04,派对用品,一次性餐具,,https://cf.shopee.com.br/file/br-11134207-820le-mq7qf6giipkyde,http://shopee.com.br/product/1285754633/58263670365,-3.51,8.84,,,5.63,5.67,10.33
10/20/30/40/50支装PET管，1号，带透明盖，R28，适用于派对礼品、糖果等。,18598052032,267822786537,BR,2025-02-19,2026-07-25,派对用品,其他的,,https://cf.shopee.com.br/file/br-11134207-820m6-mr36cul24tfoe6,http://shopee.com.br/product/973078096/18598052032,-17.54,2.55,15.21,13.55,17.02,16.75,25.0
2 节或 3 节 1 米长的铝制电动轨道套装，黑色或白色。,23595776868,436325450572,BR,2023-05-23,2026-08-05,灯具,灯具配件,灯带配件/控制器,https://cf.shopee.com.br/file/br-11134207-81ztk-ml3ugpfsy1hfc1,http://shopee.com.br/product/902298974/23595776868,-28.29,7.1,0.25,0.54,2.71,2.58,3.71
【新品上市🔥】带轮动物行走气球 | 儿童礼物/圣诞礼物 圣诞节带轮气球,41469668564,326320367447,MY,2025-09-18,2026-08-04,派对用品,气球,,https://cf.shopee.com.my/file/my-11134207-820lf-mrhh2jvq5szm86,http://shopee.com.my/product/219549709/41469668564,-1.89,0.86,3.72,9.47,14.81,12.22,12.92
粉色和金色数字年龄气球，多色，彩虹色，70厘米尺寸，生日和派对装饰,20246273354,346219932217,VN,2022-09-16,2026-07-17,派对用品,气球,,https://cf.shopee.vn/file/sg-11134201-22110-rs6kiexfpekv65,http://shopee.vn/product/807475139/20246273354,-6.28,0.34,2.55,2.82,3.73,3.73,4.14
VCR 手旗 马来西亚国旗 马来西亚国旗（聚酯纤维）手旗 23 x 14 厘米 批发 Burong 低价,4444202757,341280286703,MY,2020-07-29,2026-07-27,派对用品,背景幕布和横幅,,https://cf.shopee.com.my/file/sg-11134201-825ay-mr5grd66no5g92,http://shopee.com.my/product/129686006/4444202757,-6.23,0.29,,,12.74,19.26,30.38
可爱动物夜灯熊猫兔子鸭子可爱硅胶灯圣诞礼物儿童USB充电温暖柔软生日礼物,56051074559,287803075799,TH,2025-11-10,2026-07-21,灯具,装饰氛围灯,灯串/灯带/窗帘灯/装饰灯/舞台灯,https://cf.shopee.co.th/file/th-11134207-81ztd-mqwra8qwmtqc07,http://shopee.co.th/product/193884322/56051074559,5.12,5.25,3.02,6.07,13.23,11.56,15.43
一套 5 个金属星形气球，10 英寸（22 厘米），适用于派对装饰和生日。,58212550285,169729692367,BR,2026-06-16,2026-07-22,派对用品,气球,,https://cf.shopee.com.br/file/br-11134207-820lx-mpifzxs788hv69,http://shopee.com.br/product/1800875490/58212550285,-7.34,2.75,,3.39,5.49,0.58,1.71
EVA泡沫塑料包裹的仿真泡沫塑料蛋糕 - 派对装饰 - 生日派对 - 性别揭晓派对 - 圆形或圆柱形,58260153393,149555570568,BR,2026-05-06,2026-07-15,派对用品,其他的,,https://cf.shopee.com.br/file/br-11134207-820lx-mqoruz6xgh6r2b,http://shopee.com.br/product/287079590/58260153393,-9.39,4.53,7.69,43.21,41.66,36.25,45.67
☘️现货 | 价格实惠☘️【母亲节贺卡，10张装】,52263370294,406157133447,TH,2026-07-04,2026-07-04,派对用品,牌,,https://cf.shopee.co.th/file/th-11134207-81zth-mq8komkmff2m09,http://shopee.co.th/product/32334343/52263370294,-1.13,0.3,,0.11,3.14,1.58,10.41
12W 20W 30W COB轨道灯，经典圆形LED灯管，高亮度，适用于服装店、餐厅、咖啡馆和家庭。,56412770979,376133774647,VN,2026-06-25,2026-06-30,灯具,室内固定照明-其他,筒灯/射灯/嵌灯/轨道灯/壁灯/镜前灯/橱窗灯,https://cf.shopee.vn/file/vn-11134207-81ztc-mpvo664jyknj4c,http://shopee.vn/product/1581486452/56412770979,-7.33,2.95,,0.69,9.96,11.5,12.5
可爱熊猫卡通动物发光夜暖灯卧室床头桌面装饰灯,58064993453,287830165913,PH,2026-07-28,2026-07-28,灯具,装饰氛围灯,灯串/灯带/窗帘灯/装饰灯/舞台灯,https://cf.shopee.ph/file/sg-11134201-8261n-mm1qga5sq2o3f2,http://shopee.ph/product/1749339138/58064993453,-3.42,0.47,,,2.79,1.5,9.86
10米 - 1.2厘米绒球丝带卷,21299319153,219624831108,BR,2024-06-14,2026-07-29,其他,,,https://cf.shopee.com.br/file/br-11134207-820le-mr7kvefyzocnee,http://shopee.com.br/product/361204973/21299319153,-27.31,3.91,3.65,2.7,3.55,3.19,5.18
完整版内衣主题淋浴宾果游戏，包含 52/80/100/120 张卡片 + 60 个用于抽奖的词语,58200155504,361288009598,BR,2025-10-30,2026-07-28,派对用品,牌,,https://cf.shopee.com.br/file/br-11134207-820lv-mr7dlwshmn7q61,http://shopee.com.br/product/470724721/58200155504,-4.35,3.16,1.18,1.31,4.62,5.17,7.64
肽类药物瓶盖，印有肽的名称，10-15毫升规格（颜色随机）。,57263404637,321205547209,TH,2026-07-05,2026-07-14,其他,,,https://cf.shopee.co.th/file/th-11134207-81ztf-mq9wekejek1u6d,http://shopee.co.th/product/533405186/57263404637,-5.78,0.75,,0.04,2.59,2.88,3.21
50/100/200/300/400个迷你衣夹/迷你木制衣夹照片展示套装,58207255113,219192263430,BR,2026-03-20,2026-07-24,派对用品,木制夹子,,https://cf.shopee.com.br/file/br-11134201-820lo-mqylac8v4f0k48,http://shopee.com.br/product/419088855/58207255113,-14.65,2.03,0.68,1.02,9.79,9.25,28.96
10/20/30 和 50 个亚克力管套装，8 厘米，适用于派对礼品。,58264665951,229446890828,BR,2026-07-21,2026-07-21,派对用品,其他的,,https://cf.shopee.com.br/file/br-11134207-820lx-mqwnz6m70j5y76,http://shopee.com.br/product/1690147505/58264665951,-14.63,3.23,,,9.93,8.5,31.8
七件套生日派对餐桌装饰套装：蛋糕架、糖果架、花瓶、托盘,47763677751,366181520533,BR,2026-07-09,2026-07-09,派对用品,其他的,,https://cf.shopee.com.br/file/br-11134207-820lu-mqg8rld91csh6c,http://shopee.com.br/product/660668454/47763677751,26.02,11.84,,,6.21,1.83,12.48
10/20/30 和 50 个亚克力管套装，8 厘米，适用于派对礼品。,58264665951,229446890823,BR,2026-07-21,2026-07-21,派对用品,其他的,,https://cf.shopee.com.br/file/br-11134207-820lx-mqwnz6m70j5y76,http://shopee.com.br/product/1690147505/58264665951,-20.32,1.54,,,9.93,8.5,31.8
40厘米LED泡沫灯棒，适用于霓虹派对、俱乐部、婚礼、毕业典礼、演出、活动,48463371504,351155620102,BR,2026-07-04,2026-07-04,派对用品,其他的,,https://cf.shopee.com.br/file/br-11134207-820m6-mr0la8hqqcjq13,http://shopee.com.br/product/288105257/48463371504,-7.45,5.02,,,4.0,0.67,15.43
个性化礼品袋，可印姓名和年龄 - 汽车总动员麦昆主题 - 生日派对礼物 - DIY,58264123639,159793528979,BR,2026-07-13,2026-07-13,派对用品,其他的,,https://cf.shopee.com.br/file/sg-11134201-824i0-mpiqurerkvlu14,http://shopee.com.br/product/1577308592/58264123639,-5.47,6.63,,,3.21,4.5,7.43
【货到付款】24个装 10英寸 加厚纸盘架 铝箔盘架 防油纸托盘架 #018,51813683861,321184221755,PH,2026-07-09,2026-07-09,派对用品,一次性餐具,,https://cf.shopee.ph/file/ph-11134207-820lh-mqg3xqdpqu4uf0,http://shopee.ph/product/1724399062/51813683861,-12.21,1.62,,,3.04,2.94,8.1
9英寸纸盘，25个装、50个装、100个装，银色，平纹和螺旋纹,15748490017,234725063400,PH,2022-01-31,2026-07-24,派对用品,一次性餐具,,https://cf.shopee.ph/file/ph-11134207-7rasc-m6dnbjs84eiqe0,http://shopee.ph/product/54980064/15748490017,-10.9,1.8,,0.11,3.04,2.61,5.31
【货到付款】24个装 10英寸 加厚纸盘架 铝箔盘架 防油纸托盘架 #018,51813683861,321184221765,PH,2026-07-09,2026-07-09,派对用品,一次性餐具,,https://cf.shopee.ph/file/ph-11134207-820lh-mqg3xqdpqu4uf0,http://shopee.ph/product/1724399062/51813683861,-5.61,3.08,,,3.04,2.94,8.1
TBF 2026年独立日海报 | 高级PVC防水教育海报 | 马来西亚爱国主义墙饰,28488329751,341206422412,MY,2025-07-04,2026-07-14,派对用品,背景幕布和横幅,,https://cf.shopee.com.my/file/my-11134207-820ld-mqn1kit507pfab,http://shopee.com.my/product/344284946/28488329751,-1.12,1.58,,0.02,3.25,4.15,8.94
5/10/25个金属心形气球套装，5英寸（12厘米）蛋糕装饰，派对装饰，中心摆件,58213680087,169417706752,BR,2026-07-04,2026-07-04,派对用品,气球,,https://cf.shopee.com.br/file/br-11134207-820mf-mq7tnsxtwh6r18,http://shopee.com.br/product/1800875490/58213680087,-10.74,2.35,,0.04,14.64,20.68,25.4
户外太阳能泛光灯 IP67 防水 LED 运动传感器 遥控 高亮度,24008371736,356281396239,PH,2024-01-13,2026-07-27,灯具,太阳能灯,太阳能投光灯,https://cf.shopee.ph/file/ph-11134207-820l9-mr5pewso23upc5,http://shopee.ph/product/794577330/24008371736,48.06,15.46,12.65,29.81,50.02,61.12,80.43
360°感应夜灯 LED旋转插电遥控走廊浴室卧室迷你灯,44332106590,391128768867,PH,2026-06-29,2026-06-29,灯具,装饰氛围灯,灯串/灯带/窗帘灯/装饰灯/舞台灯,https://cf.shopee.ph/file/ph-11134207-820lh-mq1ebnigy0oy7a,http://shopee.ph/product/1587379074/44332106590,-14.46,1.16,,0.09,2.18,0.17,8.46
5/10/25个心形气球套装，10英寸（22厘米），适用于派对装饰、生日，多种颜色可选,58263700091,239446909764,BR,2026-07-04,2026-07-22,派对用品,气球,,https://cf.shopee.com.br/file/br-11134207-820m6-mq98lwuj51xc7b,http://shopee.com.br/product/1800875490/58263700091,-6.73,3.34,,0.04,22.93,17.15,25.37
婴儿派对标牌套装 + 中心装饰品 - 绿色和淡紫色泰迪熊主题 - （DIY）,58204483182,189192346346,BR,2026-02-02,2026-07-27,派对用品,其他的,,https://cf.shopee.com.br/file/br-11134207-820mg-mp04rutx4ao300,http://shopee.com.br/product/531761826/58204483182,-4.76,5.52,0.21,1.26,2.18,1.5,2.86
10个迷你LED纽扣灯，变色装饰灯，DIY LED灯泡，电池供电,54059198253,391201726612,MY,2026-04-21,2026-07-13,灯具,装饰氛围灯,灯串/灯带/窗帘灯/装饰灯/舞台灯,https://cf.shopee.com.my/file/cn-11134207-820l4-mprq3f29is5n28,http://shopee.com.my/product/1570967928/54059198253,-2.62,0.88,4.57,7.17,9.07,8.67,9.14
20米/15米/10米 ST38/G40 太阳能灯泡串灯 户外防水庭院灯 花园太阳能灯,29773009663,331153826016,PH,2025-01-09,2026-07-03,灯具,太阳能灯,太阳能灯泡/灯管,https://cf.shopee.ph/file/ph-11134207-820lb-mr5smfkcmrcw71,http://shopee.ph/product/790109132/29773009663,19.61,8.91,9.94,3.51,3.6,3.0,6.12
【50个】定制标签 | 伴手礼标签 | 感谢标签 | 可定制任意形状 | 发送您自己的设计,55653855753,376206923215,MY,2025-12-28,2026-07-14,派对用品,其他的,,https://cf.shopee.com.my/file/my-11134207-820le-mqebfkwa5yj124,http://shopee.com.my/product/20949853/55653855753,11.33,4.53,2.3,3.17,5.02,5.0,6.29
足球主题派对装饰套装 | 我们提供各种主题的派对装饰。,58213807572,119874413140,BR,2026-07-07,2026-07-07,派对用品,其他的,,https://cf.shopee.com.br/file/br-11134207-820lt-mqcpdsddyfia60,http://shopee.com.br/product/368673333/58213807572,6.38,7.89,,,2.68,3.5,3.57
大型布艺横幅 100x150cm 墙挂背景，生日装饰背景 - Miu Party,42529178168,356240923636,VN,2026-03-11,2026-07-21,派对用品,背景幕布和横幅,,https://cf.shopee.vn/file/vn-11134207-81ztc-mqwpdeogsr29f6,http://shopee.vn/product/807475139/42529178168,4.21,3.73,3.16,3.0,5.38,5.55,6.31
一套25个心形气球，10英寸（22厘米），适用于派对装饰、生日，多种颜色可选,58213698339,209191394106,BR,2026-07-04,2026-07-04,派对用品,气球,,https://cf.shopee.com.br/file/br-11134207-820lf-mq98lwuj6ghs4b,http://shopee.com.br/product/1800875490/58213698339,0.39,4.72,,,6.35,10.12,11.87
三色夹式台灯，10瓦亮度，护眼阅读灯，亮度可调，适用于家庭、办公室、卧室、学生等场所。,54963886856,321200244076,VN,2026-07-13,2026-07-13,灯具,室内移动照明,台灯/落地灯/夹子灯/学习灯/小夜灯,https://cf.shopee.vn/file/cn-11134207-7r98o-lykd0ob9je76ae,http://shopee.vn/product/1402648544/54963886856,6.45,6.01,,,0.54,1.0,0.57
生日糖果派对一次性餐具套装（220件）+ 15厘米深碗/盘（含勺子或叉子）,58263670365,219623822881,BR,2026-07-04,2026-07-04,派对用品,一次性餐具,,https://cf.shopee.com.br/file/br-11134207-820le-mq7qf6giipkyde,http://shopee.com.br/product/1285754633/58263670365,-3.91,8.84,,,5.63,5.67,10.33
100/50气球套装，适用于派对、生日、装饰和拱门 - 7英寸,49213215421,336142976148,BR,2026-07-01,2026-07-01,派对用品,气球,,https://cf.shopee.com.br/file/br-11134207-820ln-mq4x7lz6dpfmd7,http://shopee.com.br/product/369669985/49213215421,-6.17,3.54,,0.04,14.74,17.5,18.96
24个/12个装塑料盘架 彩色塑料盘 纸盘架 #盘,28953121957,441312912320,PH,2024-06-18,2026-08-03,派对用品,一次性餐具,,https://cf.shopee.ph/file/ph-11134207-7r98q-lwnxjubq8ew1a7,http://shopee.ph/product/31861627/28953121957,-7.33,2.56,21.9,15.71,20.24,22.08,40.01
一套25个心形气球，10英寸（22厘米），适用于派对装饰、生日，多种颜色可选,58213698339,209191394104,BR,2026-07-04,2026-07-04,派对用品,气球,,https://cf.shopee.com.br/file/br-11134207-820lo-mq98lwuittds96,http://shopee.com.br/product/1800875490/58213698339,1.36,4.72,,,6.35,10.12,11.87
（不含灯光）星空投影仪可营造出星系和宇宙效果，用于卧室装饰。,46010778828,436196794549,VN,2026-05-19,2026-07-12,灯具,装饰氛围灯,灯串/灯带/窗帘灯/装饰灯/舞台灯,https://cf.shopee.vn/file/vn-11134207-81ztc-mqad4sy57h8hfc,http://shopee.vn/product/773875006/46010778828,-8.13,2.74,0.89,1.48,2.92,1.69,2.83
亚克力礼品管 13厘米 - 用于装饰、儿童派对、调料罐 - 10个、20个、30个、40个和50个装,22294882115,238810873889,BR,2026-02-24,2026-07-29,派对用品,其他的,,https://cf.shopee.com.br/file/sg-11134201-825b0-mr7v30w1o3cy8e,http://shopee.com.br/product/820641225/22294882115,-19.82,2.17,0.96,,8.82,,35.29
蜘蛛网纸杯蛋糕衬垫，4片花瓣，蜘蛛图案，儿童派对礼品，巴西巧克力软糖球，糖果，纸质，200克,22994308122,189625141224,BR,2025-08-12,2026-08-05,派对用品,其他的,,https://cf.shopee.com.br/file/br-11134207-820lx-mr3kcafag4cl46,http://shopee.com.br/product/312815060/22994308122,-20.19,1.98,4.11,5.98,5.71,4.33,8.4
七件套生日派对餐桌装饰套装：蛋糕架、糖果架、花瓶、托盘,47763677751,366181520542,BR,2026-07-09,2026-07-09,派对用品,其他的,,https://cf.shopee.com.br/file/sg-11134201-82598-mqfhtz1r2rri21,http://shopee.com.br/product/660668454/47763677751,22.61,11.05,,,6.21,1.83,12.48
金属质感生日快乐横幅/派对装饰标准横幅,58214128139,149793533467,BR,2026-07-13,2026-07-13,派对用品,腰带,,https://cf.shopee.com.br/file/br-11134207-820la-mql5m891q4u97a,http://shopee.com.br/product/1468035717/58214128139,-1.95,3.16,,,4.61,7.17,7.43
5/10 E27 灯座瓷质吸顶灯套装 100W 圆形 白色/黑色吸顶灯具,48763149155,441138093437,BR,2026-07-01,2026-07-01,灯具,灯具配件,灯带配件/控制器,https://cf.shopee.com.br/file/br-11134207-820lm-mqhn8ni4vncyce,http://shopee.com.br/product/442506479/48763149155,-44.17,6.36,,,3.07,3.33,6.07
父亲节圆形背景布，1.50米，采用升华印花面料，带松紧带，适合派对装饰,41757332287,262743284662,BR,2025-07-04,2026-07-01,派对用品,背景幕布和横幅,,https://cf.shopee.com.br/file/br-11134207-7r98o-mbs57cxqcofb2f,http://shopee.com.br/product/776725570/41757332287,1.67,9.86,,0.07,3.93,5.04,8.64
30串红星旗帜风车装饰（10米）适用于9月2日咖啡馆和商店的户外装饰,41811479002,292846224025,VN,2025-08-04,2026-08-03,派对用品,背景幕布和横幅,,https://cf.shopee.vn/file/vn-11134207-81ztc-mqxih3lk969t9c,http://shopee.vn/product/1399575144/41811479002,4.18,3.73,0.07,0.04,2.84,2.0,8.5
50瓦LED应急灯，断电后可照明6小时 - 110-220伏,58263445166,169417581290,BR,2026-07-01,2026-07-01,灯具,户外出行灯,头灯/手电筒/电棒灯/便携灯/露营灯/应急灯,https://cf.shopee.com.br/file/sg-11134201-8257s-mq3qxeqitcsr55,http://shopee.com.br/product/1782784102/58263445166,-43.66,5.51,,0.04,2.72,2.88,6.43
100/50气球套装，适用于派对、生日、装饰和拱门 - 7英寸,49213215421,262746208287,BR,2026-07-01,2026-07-01,派对用品,气球,,https://cf.shopee.com.br/file/br-11134207-820m8-mq4x5j8ki3283b,http://shopee.com.br/product/369669985/49213215421,5.33,5.91,,0.04,14.74,17.5,18.96
生日快乐横幅、白色旗帜套装、带LED灯的串灯、派对装饰、摆件,58212128489,199624145311,BR,2026-06-09,2026-07-14,派对用品,腰带,,https://cf.shopee.com.br/file/br-11134201-820mg-mqm9ummbifwhda,http://shopee.com.br/product/346271558/58212128489,3.94,4.53,,2.09,4.88,4.25,5.5
【批量购买可享折扣】1厘米宽，1.9米长的仿毛皮绳，用于制作中秋节灯笼。,45557684585,406166048459,VN,2026-03-25,2026-07-06,其他,,,https://cf.shopee.vn/file/vn-11134207-81ztc-mqbia9lm6j2ma8,http://shopee.vn/product/602502085/45557684585,-11.18,0.35,0.29,2.51,4.38,5.0,5.06
卡通主题糖果和玩具：Hello Kitty、Kuromi、Sanrio、Butter Bear、Popmart、Eloel 和 Piggy Bouncy。1 包，30 小袋。,23155799278,361194974774,TH,2023-09-24,2026-07-11,派对用品,气球,,https://cf.shopee.co.th/file/th-11134207-81ztm-mqj4uwa1bw27af,http://shopee.co.th/product/686948986/23155799278,7.69,3.27,2.26,5.61,3.15,1.71,3.22
Bendera Malaysia Flag Malaysia 3x6ft 2x8ft 2x4ft Classroom / Office Assembly/ 马来西亚国旗,46163886291,401197657943,MY,2026-07-12,2026-07-12,派对用品,背景幕布和横幅,,https://cf.shopee.com.my/file/sg-11134201-82597-mqk866k2pekr52,http://shopee.com.my/product/369427716/46163886291,-4.87,0.86,,,6.37,3.64,20.07
粉色气球套装，包含数字、蝴蝶结和星星，适合女孩生日派对装饰,58214001274,239446198965,BR,2026-07-10,2026-07-10,派对用品,气球,,https://cf.shopee.com.br/file/sg-11134201-825b8-mqgsb5r7lekife,http://shopee.com.br/product/1276615576/58214001274,0.6,5.75,,,5.36,6.17,14.71
触控感应LED台灯 – 可充电氛围灯，适用于房间、办公室、酒吧、餐厅等场所。,45956927458,381237684273,MY,2026-03-07,2026-07-20,灯具,装饰氛围灯,灯串/灯带/窗帘灯/装饰灯/舞台灯,https://cf.shopee.com.my/file/my-11134207-820l6-mqw35rvw2x3a97,http://shopee.com.my/product/16893910/45956927458,-1.14,3.89,1.57,2.89,2.98,2.5,4.5
马来西亚旗帜/各州旗帜/马来西亚及各国小旗帜,16075428990,426317475660,MY,2022-06-16,2026-08-04,派对用品,背景幕布和横幅,,https://cf.shopee.com.my/file/sg-11134201-8258u-mrgs5f96mwhw74,http://shopee.com.my/product/369427716/16075428990,-1.67,1.47,,0.04,2.37,0.47,8.77
100个5英寸、10英寸、12英寸金属乳胶橡胶气球，派对用品，生日婚礼装饰,51363043441,411130407959,PH,2026-06-29,2026-06-29,派对用品,气球,,https://cf.shopee.ph/file/ph-11134207-820la-mpthhcqyb85rb5,http://shopee.ph/product/1618706028/51363043441,-0.28,2.25,,,2.48,3.17,4.57
Bendera Malaysia Flag Malaysia 3x6ft 2x8ft 2x4ft Classroom / Office Assembly/ 马来西亚国旗,46163886291,401197657931,MY,2026-07-12,2026-07-12,派对用品,背景幕布和横幅,,https://cf.shopee.com.my/file/sg-11134201-825ay-mqk863nlk8b0b6,http://shopee.com.my/product/369427716/46163886291,-4.3,1.35,,,6.37,3.64,20.07
亚克力礼品管 13厘米 - 用于装饰、儿童派对、调料罐 - 10个、20个、30个、40个和50个装,22294882115,238810873856,BR,2026-02-24,2026-07-29,派对用品,其他的,,https://cf.shopee.com.br/file/sg-11134201-8258j-mr7v30ffo64mcf,http://shopee.com.br/product/820641225/22294882115,-14.0,3.41,0.96,,8.82,,35.29
1 | 5 | 10 父亲节气球 22厘米 + 金属棒气球 10英寸 父亲节礼物气球套装,45663145018,346136756091,BR,2026-06-30,2026-06-30,派对用品,气球,,https://cf.shopee.com.br/file/br-11134207-820lg-mq2rsdko1tkz7d,http://shopee.com.br/product/714130951/45663145018,-6.59,3.52,,0.22,7.37,11.0,11.86
个性化DIY派对套装/白雪公主宝宝/24小时内送达/派对礼品/儿童派对,23899440315,209191497559,BR,2026-05-03,2026-07-08,派对用品,其他的,,https://cf.shopee.com.br/file/br-11134207-820lz-mnrwspf74u0x59,http://shopee.com.br/product/491527782/23899440315,-9.42,4.75,,,2.48,3.33,6.29
中心装饰品 + 粉色泰迪熊婴儿派对尿布派对礼品、儿童派对礼品、装饰品、个性化物品,22794441665,326230758448,BR,2025-09-28,2026-07-19,派对用品,其他的,,https://cf.shopee.com.br/file/sg-11134201-82581-mqujokfc0vlt67,http://shopee.com.br/product/310095861/22794441665,-6.16,5.11,0.36,1.0,2.82,2.83,3.43
KKSKY【买一送一】太阳能灯泡 880000W，三色 LED 吊灯，露营灯，便携式聚光灯,27538634815,446221822827,TH,2025-07-14,2026-07-17,灯具,太阳能灯,太阳能灯泡/灯管,https://cf.shopee.co.th/file/th-11134207-81ztm-mqrfnpz05zpq15,http://shopee.co.th/product/1050385833/27538634815,11.04,6.84,2.74,8.35,16.37,13.47,31.14
100/50气球套装，适用于派对、生日、装饰和拱门 - 7英寸,49213215421,336142976149,BR,2026-07-01,2026-07-01,派对用品,气球,,https://cf.shopee.com.br/file/br-11134207-820ln-mq4x7lz6dpfmd7,http://shopee.com.br/product/369669985/49213215421,4.56,5.91,,0.04,14.74,17.5,18.96
客户定制的横幅设计作品,58264697915,169418246743,BR,2026-07-21,2026-07-21,派对用品,背景幕布和横幅,,https://cf.shopee.com.br/file/br-11134207-820m8-mqzbx1zg0b2f00,http://shopee.com.br/product/395721774/58264697915,-19.19,3.46,,,2.3,0.83,8.36
TBF 2026年独立日海报 | 高级PVC防水教育海报 | 马来西亚爱国主义墙饰,28488329751,341206422415,MY,2025-07-04,2026-07-14,派对用品,背景幕布和横幅,,https://cf.shopee.com.my/file/my-11134207-820la-mqn1kkzkdp1dd5,http://shopee.com.my/product/344284946/28488329751,-2.72,1.18,,0.02,3.25,4.15,8.94
GeeParty 53 件套奶油色铝箔数字气球套装，包括铝箔动物气球和毛毡横幅，非常适合以野生动物园为主题的生日派对。,54310484182,391287277752,TH,2026-05-14,2026-07-28,派对用品,气球,,https://cf.shopee.co.th/file/th-11134207-81ztn-mr76otvsnj0g32,http://shopee.co.th/product/1410110089/54310484182,16.04,5.49,0.2,1.11,2.31,1.48,3.08
1 x 2 Meter Rain Foil Curtain for Party Wall Decoration Backdrops Banners Hiasan Belon Tirai Hiasan Dinding 派对布置背景 背景设计,40132116718,311130195507,MY,2026-06-29,2026-06-29,派对用品,背景幕布和横幅,,https://cf.shopee.com.my/file/my-11134207-820lf-mq1l1oeelqm91a,http://shopee.com.my/product/1063909647/40132116718,-5.48,0.48,,0.19,4.47,2.9,7.78
亚克力礼品管 13厘米 - 用于装饰、儿童派对、调料罐 - 10个、20个、30个、40个和50个装,22294882115,238810873911,BR,2026-02-24,2026-07-29,派对用品,其他的,,https://cf.shopee.com.br/file/sg-11134201-825aw-mr7v30m59w5g7f,http://shopee.com.br/product/820641225/22294882115,-8.51,4.72,0.96,,8.82,,35.29
个性化DIY派对套装/白雪公主宝宝/24小时内送达/派对礼品/儿童派对,23899440315,209191497556,BR,2026-05-03,2026-07-08,派对用品,其他的,,https://cf.shopee.com.br/file/br-11134207-820lz-mnrwspf74u0x59,http://shopee.com.br/product/491527782/23899440315,6.44,7.93,,,2.48,3.33,6.29
42张贴纸，无重复，西班牙+阿根廷。24小时内发货。,58214117124,109874550386,BR,2026-07-13,2026-07-16,派对用品,背景幕布和横幅,,https://cf.shopee.com.br/file/br-11134207-820lb-mqpfws4jhwxt77,http://shopee.com.br/product/1718626894/58214117124,-12.23,4.35,,,2.0,1.33,6.57
星空投影仪 5/10/12/17 件套，星空投影灯，360° 旋转，图案可变，USB 接口。,49713185292,311141394688,TH,2026-07-01,2026-07-01,灯具,装饰氛围灯,灯串/灯带/窗帘灯/装饰灯/舞台灯,https://cf.shopee.co.th/file/sg-11134201-8259z-mq4ijpclktmq8e,http://shopee.co.th/product/1571488104/49713185292,2.76,4.65,,0.04,2.55,2.08,3.0
生日快乐横幅、白色旗帜套装、带LED灯的串灯、派对装饰、摆件,58212128489,199624145312,BR,2026-06-09,2026-07-14,派对用品,腰带,,https://cf.shopee.com.br/file/br-11134201-820ln-mqm9urerp43l3b,http://shopee.com.br/product/346271558/58212128489,3.94,4.53,,2.09,4.88,4.25,5.5
带闪光的豪华15岁生日蛋糕装饰蜡烛,58263724212,209623852664,BR,2026-07-05,2026-07-05,派对用品,其他的,,https://cf.shopee.com.br/file/br-11134207-820m7-mqanti730dmo7e,http://shopee.com.br/product/1834201432/58263724212,-8.06,4.92,,,4.32,2.33,7.29
9英寸乳胶气球，50个装，颜色随机，派对用品,45663796909,316191199231,BR,2026-07-10,2026-07-10,派对用品,气球,,https://cf.shopee.com.br/file/br-11134207-820m3-mq922vkccy6a60,http://shopee.com.br/product/1225422954/45663796909,-4.99,3.34,,,10.39,11.92,27.07
适用于 50x50 结构的迷你面板罩，专为桌面派对定制 - 蜘蛛侠,51063502440,228312717553,BR,2026-07-06,2026-07-06,派对用品,背景幕布和横幅,,https://cf.shopee.com.br/file/sg-11134201-825b6-mqc0gpc9beo2ba,http://shopee.com.br/product/655360808/51063502440,-21.04,2.95,,,3.46,4.14,8.29
一套 5 个金属星形气球，10 英寸（22 厘米），适用于派对装饰和生日。,58212550285,169729692369,BR,2026-06-16,2026-07-22,派对用品,气球,,https://cf.shopee.com.br/file/br-11134207-820lw-mpigjlijdb0h0c,http://shopee.com.br/product/1800875490/58212550285,-7.19,2.75,,3.39,5.49,0.58,1.71
派对金属帘，装饰帘，生日派对装饰帘，1米 x 2米，带流苏和装饰丝带，多种颜色可选,48913675073,401180829161,BR,2026-07-09,2026-07-09,派对用品,背景幕布和横幅,,https://cf.shopee.com.br/file/br-11134207-820ly-mqdgo7e944ch53,http://shopee.com.br/product/911966033/48913675073,-13.8,3.75,,,4.59,0.58,17.57
5件套蛋糕架 – 优雅金色款，适合派对餐桌,58263171107,199624869306,BR,2026-06-25,2026-07-29,派对用品,背景幕布和横幅,,https://cf.shopee.com.br/file/br-11134207-820ly-mpvkzz1cqj9cc2,http://shopee.com.br/product/410003805/58263171107,-15.7,3.95,,0.07,3.25,4.0,4.71
TBF 2026年独立日背景幕布 | 高级帆布背景幕布 | 防水活动横幅 | 4种尺寸 | 4种设计,54163899638,381258187051,MY,2026-07-13,2026-07-23,派对用品,背景幕布和横幅,,https://cf.shopee.com.my/file/my-11134207-820ld-mqzui832unevef,http://shopee.com.my/product/344284946/54163899638,15.57,5.84,,,5.36,1.89,19.82
Agar.Shop 可爱卡通人物行走充气铝箔气球，儿童款,41730880784,267830334988,PH,2026-05-14,2026-07-28,派对用品,气球,,https://cf.shopee.ph/file/ph-11134207-820lh-mr7cey9fwlj88d,http://shopee.ph/product/35340243/41730880784,-4.86,0.73,0.63,7.59,8.19,6.46,8.95
5/10/20/50 个 24 英寸（60 厘米）水晶泡泡气球套装，适用于派对和活动装饰,58214118463,199191666000,BR,2026-07-13,2026-07-13,派对用品,气球,,https://cf.shopee.com.br/file/br-11134207-820l4-mqkwg1lth81s28,http://shopee.com.br/product/481485318/58214118463,-2.27,4.15,,,7.18,10.83,16.71
微波炉适用一次性塑料容器 | 500/650/750/1000毫升，黑色和透明【10个/30个装】,48613937679,371202307972,PH,2026-07-13,2026-07-13,派对用品,一次性餐具,,https://cf.shopee.ph/file/ph-11134207-820lh-mpho9e7q72tqff,http://shopee.ph/product/1834102620/48613937679,-6.87,2.91,,,2.01,1.25,5.69
5个封装气球套装 - 1个18英寸泡泡气球 + 1个16英寸气球,22594819679,149793399103,BR,2026-01-15,2026-07-06,派对用品,气球,,https://cf.shopee.com.br/file/br-11134207-820mg-mqazcspgbh8j1e,http://shopee.com.br/product/1032217049/22594819679,14.53,7.69,9.52,15.85,44.42,40.83,54.95
【100张/盒】祝愿卡 祝早日康复/感谢/周年纪念/生日快乐 100张/1盒,50661045330,446124742864,MY,2026-05-24,2026-06-28,派对用品,牌,,https://cf.shopee.com.my/file/my-11134207-820l8-mpzw8qrjbgnj54,http://shopee.com.my/product/793759981/50661045330,8.26,3.18,,0.11,2.16,2.58,2.79
3D 5x5 AI吉祥物贴花，可个性化定制，适用于亚克力盒和锡制派对礼品。,58209148644,159793394918,BR,2026-04-18,2026-07-06,派对用品,其他的,,https://cf.shopee.com.br/file/br-11134201-820ln-mqyinwy7cr9i37,http://shopee.com.br/product/366286506/58209148644,-16.57,3.06,0.82,2.13,3.83,3.33,3.86
100个5英寸、10英寸、12英寸金属乳胶橡胶气球，派对用品，生日婚礼装饰,51363043441,411130407924,PH,2026-06-29,2026-06-29,派对用品,气球,,https://cf.shopee.ph/file/ph-11134207-820l8-mpthgdr7zuh901,http://shopee.ph/product/1618706028/51363043441,-3.29,2.25,,,2.48,3.17,4.57
12件套气球套装，含蝴蝶结丝带、气球支架，适用于生日派对背景、婴儿派对装饰,57058463072,436145952897,PH,2026-04-09,2026-07-02,派对用品,气球,,https://cf.shopee.ph/file/ph-11134207-820l8-mq5pg16i6pds9e,http://shopee.ph/product/681154582/57058463072,0.44,1.94,5.33,6.14,4.24,3.72,5.76
TBF 2026年独立日背景幕布 | 高级帆布背景幕布 | 防水活动横幅 | 4种尺寸 | 4种设计,54163899638,381258187055,MY,2026-07-13,2026-07-23,派对用品,背景幕布和横幅,,https://cf.shopee.com.my/file/my-11134207-820lf-mqzuia3b2uwx8e,http://shopee.com.my/product/344284946/54163899638,15.88,5.84,,,5.36,1.89,19.82
微波炉适用一次性塑料容器 | 500/650/750/1000毫升，黑色和透明【10个/30个装】,48613937679,371202307980,PH,2026-07-13,2026-07-13,派对用品,一次性餐具,,https://cf.shopee.ph/file/ph-11134207-820lb-mpho9kpg0lcec7,http://shopee.ph/product/1834102620/48613937679,-15.4,1.16,,,2.01,1.25,5.69
买一送三！户外防水IP67 150000W太阳能泛光灯LED灯带遥控器,28354724472,292832533504,PH,2024-07-07,2026-07-29,灯具,太阳能灯,太阳能投光灯,https://cf.shopee.ph/file/ph-11134207-820lb-mr8mr1j1af4c22,http://shopee.ph/product/890280291/28354724472,-9.87,2.25,4.51,6.65,3.21,2.0,2.39
一次性水晶甜点叉（50支装）,49863240601,446144463544,BR,2026-07-02,2026-07-02,派对用品,一次性餐具,,https://cf.shopee.com.br/file/br-11134207-820mh-mpsq35zl39j48c,http://shopee.com.br/product/1157402308/49863240601,-30.25,3.74,,0.11,2.84,1.83,7.64
100/50气球套装，适用于派对、生日、装饰和拱门 - 7英寸,49213215421,336142976160,BR,2026-07-01,2026-07-01,派对用品,气球,,https://cf.shopee.com.br/file/br-11134207-820m6-mq4xb6tu0miof5,http://shopee.com.br/product/369669985/49213215421,-7.19,3.54,,0.04,14.74,17.5,18.96
Antek E27 LED灯泡三色节能吸顶灯 5W 9W 12W 15W 高亮度灯,52051306814,386314054574,PH,2025-11-13,2026-08-03,灯具,室内固定照明-天花板灯,吊灯/吸顶灯/面板灯/风扇灯,https://cf.shopee.ph/file/ph-11134207-820la-mrflesm5x2iufa,http://shopee.ph/product/439575897/52051306814,-15.6,0.95,2.77,2.31,4.18,7.64,9.43
12W 20W 30W COB轨道灯，经典圆形LED灯管，高亮度，适用于服装店、餐厅、咖啡馆和家庭。,56412770979,376133774639,VN,2026-06-25,2026-06-30,灯具,室内固定照明-其他,筒灯/射灯/嵌灯/轨道灯/壁灯/镜前灯/橱窗灯,https://cf.shopee.vn/file/vn-11134207-81ztc-mpvo6bzcm96p0b,http://shopee.vn/product/1581486452/56412770979,-9.43,2.38,,0.69,9.96,11.5,12.5
东姑阿都拉曼旗帜 / 独立日装饰 / 学校独立日装饰 / 国庆日 / 历史 / 爱国主义 BBM,52662740832,331126486108,MY,2026-06-24,2026-06-28,派对用品,背景幕布和横幅,,https://cf.shopee.com.my/file/sg-11134201-824g5-mpux5gn0z6kr29,http://shopee.com.my/product/1075588944/52662740832,12.08,4.89,,0.15,6.51,7.92,14.1
粉色和金色数字年龄气球，多色，彩虹色，70厘米尺寸，生日和派对装饰,20246273354,346219932207,VN,2022-09-16,2026-07-17,派对用品,气球,,https://cf.shopee.vn/file/vn-11134207-7qukw-ljjfqee6chkyc7,http://shopee.vn/product/807475139/20246273354,-6.28,0.34,2.55,2.82,3.73,3.73,4.14
BAKEVille 现货供应：纸杯蛋糕纸托，50 个/包。多种款式可选。涂层纸质烘焙纸托，可放入烤箱，无需烤盘。,28416793367,307783039735,TH,2024-11-07,2026-07-14,派对用品,一次性餐具,,https://cf.shopee.co.th/file/th-11134207-81ztj-mqn3z80brwg1ab,http://shopee.co.th/product/1357516794/28416793367,-4.53,1.17,2.28,2.03,4.78,2.22,7.09
一套50个长条形粉彩马卡龙气球，260厘米，用于艺术造型，扭曲蠕虫形状长气球,22773715732,361124749305,VN,2023-07-15,2026-06-28,派对用品,气球,,https://cf.shopee.vn/file/vn-11134207-81ztc-mpzvt59qk45r36,http://shopee.vn/product/26622616/22773715732,-5.65,0.53,12.53,10.33,11.51,9.26,13.76
【新品上市🔥】带轮动物行走气球 | 儿童礼物/圣诞礼物 圣诞节带轮气球,41469668564,249301321008,MY,2025-09-18,2026-07-26,派对用品,气球,,https://cf.shopee.com.my/file/my-11134207-820l6-mqhjwkm8gdfma7,http://shopee.com.my/product/219549709/41469668564,-1.89,0.86,3.72,9.47,14.81,12.22,12.92
粉色和金色数字年龄气球，多色，彩虹色，70厘米尺寸，生日和派对装饰,20246273354,346219932209,VN,2022-09-16,2026-07-17,派对用品,气球,,https://cf.shopee.vn/file/vn-11134207-7qukw-ljjfqee689vm4b,http://shopee.vn/product/807475139/20246273354,-6.28,0.34,2.55,2.82,3.73,3.73,4.14
可爱迷人的生日装饰套装，男女童皆宜 - SK6 儿童生日装饰,20782853953,416178334546,VN,2023-08-12,2026-07-08,派对用品,气球,,https://cf.shopee.vn/file/vn-11134207-7ras8-mbqozqo7qj11ae,http://shopee.vn/product/203500372/20782853953,8.18,4.3,2.59,3.2,3.43,2.07,3.72
装饰性罗马面板盖，双面凝胶网，适用于 1 米宽 x 2 米高。,58211100081,159793240444,BR,2026-05-21,2026-06-29,派对用品,背景幕布和横幅,,https://cf.shopee.com.br/file/br-11134207-820mh-mq1cciuk4cg01d,http://shopee.com.br/product/1348383844/58211100081,3.37,7.79,1.11,35.3,11.46,8.83,9.43
简易安装马来西亚国旗手持旗所有州旗马来西亚国旗手持旗,50363033334,272738493569,MY,2026-06-29,2026-06-29,派对用品,背景幕布和横幅,,https://cf.shopee.com.my/file/my-11134207-820l4-mqbfl52y6qyp0e,http://shopee.com.my/product/1639069555/50363033334,-1.67,1.44,,0.04,2.18,2.83,3.21
40个精美花形糖果杯，适用于婚礼、派对和甜点场合,52359693376,321143257797,BR,2026-04-29,2026-07-01,派对用品,其他的,,https://cf.shopee.com.br/file/br-11134207-820ld-mq4xvt74kav43f,http://shopee.com.br/product/1232735784/52359693376,-11.25,3.34,,,2.08,1.33,2.75
宝宝生日装饰用生日快乐背景布 - 韩版流行风格,50609544940,341153580770,VN,2026-04-27,2026-07-03,派对用品,背景幕布和横幅,,https://cf.shopee.vn/file/vn-11134207-81ztc-mq7gpm9z0u8c29,http://shopee.vn/product/203500372/50609544940,-3.61,1.54,1.25,2.56,2.87,3.13,3.53
太阳能水晶球串灯，防水LED泡泡灯，适用于花园、庭院和派对装饰,46963270640,311147981576,PH,2026-07-02,2026-07-02,灯具,太阳能灯,太阳能装饰灯,https://cf.shopee.ph/file/ph-11134207-820l6-mq1ls9onylfz9a,http://shopee.ph/product/1871249164/46963270640,-12.01,1.73,,0.04,2.62,3.33,3.86
[SIRIM] Ginic® LED筒灯 | 4英寸/6英寸/8英寸 | 12瓦/18瓦/24瓦 | 嵌入式LED吸顶灯,20479647018,331273424759,MY,2023-05-10,2026-07-25,灯具,室内固定照明-天花板灯,吊灯/吸顶灯/面板灯/风扇灯,https://cf.shopee.com.my/file/my-11134207-820lc-mrfjb1h3905cbc,http://shopee.com.my/product/62599503/20479647018,-1.7,3.74,3.15,4.48,3.74,3.75,4.98
【COD】雨水收集桶防雨落叶过滤网,46162602643,188849590886,PH,2026-06-22,2026-06-30,其他,,,https://cf.shopee.ph/file/ph-11134207-820lc-mq353r1bfggeb9,http://shopee.ph/product/972453395/46162602643,-8.49,1.99,,0.37,2.49,3.06,4.64
针形吸顶式筒灯，三色带记忆功能，聚光灯/吸顶灯,19437249590,391192410206,PH,2022-08-22,2026-07-11,灯具,室内固定照明-天花板灯,吊灯/吸顶灯/面板灯/风扇灯,https://cf.shopee.ph/file/ph-11134207-820l5-mqig88hhjjsw75,http://shopee.ph/product/839991762/19437249590,1.66,4.88,1.79,2.66,3.11,1.58,4.21
TBF 2026 独立日雨伞和棋盘格装饰 | 高级艺术卡片装饰 | 40+ 款设计,42713196920,421215392487,MY,2025-08-15,2026-07-16,派对用品,其他的,,https://cf.shopee.com.my/file/my-11134207-820l5-mqmzhnr7sydn2f,http://shopee.com.my/product/344284946/42713196920,1.32,2.01,,0.2,8.57,5.76,26.19
（本地库存）教师节感谢卡 | 可爱的教师节感谢贺卡 - 可混搭,29989725574,426140537672,SG,2025-08-12,2026-07-01,派对用品,牌,,https://cf.shopee.sg/file/sg-11134207-8259k-mq4gm1kywnb624,http://shopee.sg/product/6802173/29989725574,-7.52,0.63,0.04,0.2,2.07,2.5,4.29
迷你无线LED台灯 + 含LED蜡烛 - 卧室、客厅、办公室,58213449421,239445656203,BR,2026-07-01,2026-07-01,灯具,装饰氛围灯,灯串/灯带/窗帘灯/装饰灯/舞台灯,https://cf.shopee.com.br/file/br-11134207-820lv-mqfjjewrw6ipb1,http://shopee.com.br/product/770940934/58213449421,-52.94,4.14,,0.15,6.96,8.0,10.0
100个5英寸、10英寸、12英寸金属乳胶橡胶气球，派对用品，生日婚礼装饰,51363043441,411130407939,PH,2026-06-29,2026-06-29,派对用品,气球,,https://cf.shopee.ph/file/ph-11134207-820l9-mpthha4aha8d09,http://shopee.ph/product/1618706028/51363043441,-4.11,2.25,,,2.48,3.17,4.57
10/20/30 和 50 个亚克力管套装，8 厘米，适用于派对礼品。,58264665951,229446890832,BR,2026-07-21,2026-07-21,派对用品,其他的,,https://cf.shopee.com.br/file/br-11134207-820ls-mqwnnv8hvmdhc7,http://shopee.com.br/product/1690147505/58264665951,-20.18,1.54,,,9.93,8.5,31.8
100/50气球套装，适用于派对、生日、装饰和拱门 - 7英寸,49213215421,262746208288,BR,2026-07-01,2026-07-01,派对用品,气球,,https://cf.shopee.com.br/file/br-11134207-820l5-mq4x5j8kjhmodd,http://shopee.com.br/product/369669985/49213215421,-5.11,3.54,,0.04,14.74,17.5,18.96
EVE 吸顶灯，带 LED 星形面板，18-24W，白光（如果您不需要包装盒，可减 10%）,6359572732,361250440528,TH,2020-10-28,2026-07-22,灯具,室内固定照明-天花板灯,吊灯/吸顶灯/面板灯/风扇灯,https://cf.shopee.co.th/file/th-11134207-81ztf-mqyleq12wbgn10,http://shopee.co.th/product/43533927/6359572732,10.18,6.6,1.75,4.33,3.61,1.81,3.81
42张贴纸，无重复，西班牙+阿根廷。24小时内发货。,58214117124,109874550391,BR,2026-07-13,2026-07-16,派对用品,背景幕布和横幅,,https://cf.shopee.com.br/file/br-11134207-820lb-mqpfws4jhwxt77,http://shopee.com.br/product/1718626894/58214117124,-12.43,4.35,,,2.0,1.33,6.57
4/8/12 灯太阳能 LED 灯套装，适用于楼梯、墙壁和花园 - IP65 自动户外灯,58263470463,199191248043,BR,2026-07-01,2026-07-01,灯具,太阳能灯,太阳能庭院灯,https://cf.shopee.com.br/file/br-11134207-820l7-mr73pw2ex9fp45,http://shopee.com.br/product/1797330630/58263470463,-30.89,8.86,,,5.02,4.0,15.07
婚礼蛋糕装饰摆件、周年纪念蛋糕装饰摆件、派对蛋糕装饰摆件、装饰蛋糕装饰摆件,21799827112,109874876130,BR,2025-06-12,2026-08-05,派对用品,其他的,,https://cf.shopee.com.br/file/br-11134207-7r98o-md6f53p3t24hd9,http://shopee.com.br/product/571422621/21799827112,-2.86,5.92,9.88,6.67,7.84,5.67,8.86
（本地库存）教师节感谢卡 | 可爱的教师节感谢贺卡 - 可混搭,29989725574,426140537674,SG,2025-08-12,2026-07-01,派对用品,牌,,https://cf.shopee.sg/file/sg-11134207-825ba-mq4gm4fbdnnw60,http://shopee.sg/product/6802173/29989725574,-7.51,0.63,0.04,0.2,2.07,2.5,4.29
100个5英寸、10英寸、12英寸金属乳胶橡胶气球，派对用品，生日婚礼装饰,51363043441,411130407949,PH,2026-06-29,2026-06-29,派对用品,气球,,https://cf.shopee.ph/file/ph-11134207-820l8-mpthgdr7zuh901,http://shopee.ph/product/1618706028/51363043441,-0.49,1.73,,,2.48,3.17,4.57
Luna LED E27 壁灯，现代风格，适用于卧室、床头柜、客厅等场所，装饰性强。,28345323707,311229351167,BR,2026-07-19,2026-07-19,灯具,装饰氛围灯,灯串/灯带/窗帘灯/装饰灯/舞台灯,https://cf.shopee.com.br/file/br-11134207-820lv-mqtsvsz662gxb3,http://shopee.com.br/product/224459040/28345323707,-33.04,7.93,,,4.14,5.5,11.86
粉色系兔子和猫咪生日气球组合，适合女孩 - 家居派对装饰气球套装,26562141868,292766322389,VN,2024-09-23,2026-07-08,派对用品,气球,,https://cf.shopee.vn/file/vn-11134207-7ras8-m0igtw7q5imn4f,http://shopee.vn/product/203500372/26562141868,10.7,4.98,5.7,6.35,7.84,9.42,9.54
Bendera Malaysia Flag Malaysia 3x6ft 2x8ft 2x4ft Classroom / Office Assembly/ 马来西亚国旗,46163886291,401197657946,MY,2026-07-12,2026-07-12,派对用品,背景幕布和横幅,,https://cf.shopee.com.my/file/sg-11134201-8258x-mqk8677r7wnf35,http://shopee.com.my/product/369427716/46163886291,-4.29,0.86,,,6.37,3.64,20.07
打火机 - 5个装和10个装两种规格，有带点火器和不带点火器的两种。,55513731463,426187339295,PH,2026-07-10,2026-07-10,其他,,,https://cf.shopee.ph/file/ph-11134207-820l9-mqg246bqjzeo68,http://shopee.ph/product/1774967603/55513731463,-12.02,1.22,,,3.32,5.08,7.84
宠物或泰迪熊的迷你生日帽。,22794904420,228808414451,BR,2026-03-23,2026-07-08,派对用品,派对帽和面具,,https://cf.shopee.com.br/file/br-11134207-820m6-mm64jurim5ms8c,http://shopee.com.br/product/272261397/22794904420,-1.43,5.71,0.54,1.67,2.49,1.31,3.57
5/10/20/50 个 24 英寸（60 厘米）水晶泡泡气球套装，适用于派对和装饰,58213677860,189623844161,BR,2026-07-04,2026-07-05,派对用品,气球,,https://cf.shopee.com.br/file/br-11134207-820l5-mq8fbsxt06wx85,http://shopee.com.br/product/1839639459/58213677860,-0.53,5.14,,,38.04,17.17,29.0
【多款全新设计】卡通牛皮纸贺卡和信封（随机图案）,22081945946,316189272929,VN,2023-09-30,2026-07-10,派对用品,牌,,https://cf.shopee.vn/file/vn-11134207-81ztc-mqharg6ledc267,http://shopee.vn/product/122395498/22081945946,-5.07,0.46,7.28,3.79,8.36,5.56,9.36
装饰性3D蝴蝶套装，适用于墙面装饰、生日派对、卧室、客厅、蛋糕装饰，色彩缤纷，简约时尚,22498835845,287842259699,BR,2025-08-21,2026-08-02,派对用品,其他的,,https://cf.shopee.com.br/file/br-11134207-81ztc-mjexk2lq4c1ve4,http://shopee.com.br/product/445215136/22498835845,-13.98,3.36,11.43,7.57,9.54,7.17,12.5
豆粒图案订婚标志 - 贴纸印刷 - 婚礼装饰 - 定制印刷（含免费装饰蝴蝶）,50606624612,376286313049,VN,2026-03-02,2026-07-28,派对用品,其他的,,https://cf.shopee.vn/file/vn-11134207-81ztc-mr70zvr6ilmp80,http://shopee.vn/product/1503082814/50606624612,21.58,8.3,2.08,3.47,2.85,1.83,2.14
桌面派对背景幕布 - 父亲节快乐 - 升华印花面料，带松紧带包边 - 50x50厘米,58213591286,199191329162,BR,2026-07-03,2026-07-03,派对用品,背景幕布和横幅,,https://cf.shopee.com.br/file/br-11134207-820lp-mq6jshymk45d03,http://shopee.com.br/product/1842471611/58213591286,-16.2,3.85,,,3.61,1.33,12.43
简易安装马来西亚国旗手持旗所有州旗马来西亚国旗手持旗,50363033334,272738493568,MY,2026-06-29,2026-06-29,派对用品,背景幕布和横幅,,https://cf.shopee.com.my/file/my-11134207-820lf-mqbfl2xgoiks74,http://shopee.com.my/product/1639069555/50363033334,-1.67,1.44,,0.04,2.18,2.83,3.21
金属可调节臂工作台灯书房灯办公室LED阅读台灯（含灯泡）,43365132867,391206168423,PH,2025-08-26,2026-07-14,灯具,室内移动照明,台灯/落地灯/夹子灯/学习灯/小夜灯,https://cf.shopee.ph/file/ph-11134207-820lh-mqmzsrxjk0su84,http://shopee.ph/product/1179260154/43365132867,29.61,11.25,0.68,1.33,2.43,2.67,2.71
（本地库存）教师节感谢卡 | 可爱的教师节感谢贺卡 - 可混搭,29989725574,431140537546,SG,2025-08-12,2026-07-01,派对用品,牌,,https://cf.shopee.sg/file/sg-11134207-825ae-mq4progy8mwyea,http://shopee.sg/product/6802173/29989725574,-7.51,0.63,0.04,0.2,2.07,2.5,4.29
父亲节派对装饰、纪念品或礼物用小圆形升华印花布片，50x50厘米,58214129642,189191679243,BR,2026-07-13,2026-07-13,派对用品,背景幕布和横幅,,https://cf.shopee.com.br/file/br-11134207-820lr-mqlc9b1wy5fk23,http://shopee.com.br/product/538325882/58214129642,-20.38,2.96,,,2.82,4.0,7.71
T8 LED 游乐场灯，18 瓦，彩色霓虹灯，防水，适用于店面装饰、市场摊位和商店招牌。,53813013152,346128616078,TH,2026-06-29,2026-06-29,灯具,应急及标识照明,指示牌/灯箱招牌/标识,https://cf.shopee.co.th/file/sg-11134201-824gt-mq1etnhyxt6pce,http://shopee.co.th/product/1820921733/53813013152,-9.41,1.35,,0.04,2.18,0.83,4.14
一套 2 个玫瑰金数字气球，80 厘米，大号，优质金属质感，32 英寸，优雅的生日派对装饰。,58263797249,199191480435,BR,2026-07-07,2026-07-07,派对用品,气球,,https://cf.shopee.com.br/file/br-11134207-820m1-mqe1w953irr603,http://shopee.com.br/product/526783271/58263797249,-7.31,3.53,,,3.14,3.58,8.64
5/10/25个心形气球套装，10英寸（22厘米），适用于派对装饰、生日，多种颜色可选,58263700091,239446909760,BR,2026-07-04,2026-07-22,派对用品,气球,,https://cf.shopee.com.br/file/br-11134207-820lo-mq98lwuittds96,http://shopee.com.br/product/1800875490/58263700091,-7.94,3.34,,0.04,22.93,17.15,25.37
Wonderbaby 月亮投影夜灯星空灯卧室360°可调节,55913325022,316154030618,PH,2026-07-03,2026-07-03,派对用品,其他的,,https://cf.shopee.ph/file/sg-11134201-8259i-mq7g43rbx6v42f,http://shopee.ph/product/770682525/55913325022,-4.83,1.4,,,4.4,6.4,9.98
金星太阳能灯，3500瓦，铝制材质，超亮，防眩光，IP67防水,42105400743,316260998247,VN,2025-06-21,2026-07-23,灯具,太阳能灯,太阳能庭院灯,https://cf.shopee.vn/file/vn-11134207-81ztc-mr03zvcgsxdx55,http://shopee.vn/product/1133531707/42105400743,8.19,8.37,2.36,4.19,2.69,2.17,4.36
【组合10】迷你手工复古干花贺卡，完美的圣诞礼物和装饰品 - M33,23386733872,59607633278,VN,2023-11-20,2026-07-23,派对用品,牌,,https://cf.shopee.vn/file/vn-11134207-7r98o-loazx54lm0on4b,http://shopee.vn/product/49080293/23386733872,-2.03,1.29,2.95,3.17,3.2,1.92,2.19
RGB LED灯带，5/10/15/20米可选，适用于房间装饰。可通过遥控器和应用程序控制，16种颜色可变，并可与音乐同步。是房间装饰和游戏室照明的理想之选。,57300736532,386167439435,TH,2025-11-03,2026-07-06,灯具,装饰氛围灯,灯串/灯带/窗帘灯/装饰灯/舞台灯,https://cf.shopee.co.th/file/cn-11134207-820l4-mqvrflxuw7i8d0,http://shopee.co.th/product/1653623231/57300736532,1.62,2.04,6.39,3.41,7.84,6.08,6.71
装饰横幅/横幅“生日快乐” | 我们可以制作任何主题。,58261167476,189624570050,BR,2026-05-22,2026-07-22,派对用品,腰带,,https://cf.shopee.com.br/file/br-11134207-820m9-mqy2kqa81beudc,http://shopee.com.br/product/540759411/58261167476,-1.0,3.75,0.07,10.26,21.21,16.33,29.43
个性化蜜月领带剪盒，婚礼专用，带姓名和二维码的PIX钥匙,22693557497,199624953031,BR,2024-11-27,2026-07-31,派对用品,其他的,,https://cf.shopee.com.br/file/br-11134207-820m3-mral725373etbb,http://shopee.com.br/product/1157332675/22693557497,6.02,7.1,10.53,13.85,18.59,16.33,26.36
60-120 个醋酸纤维水晶四瓣模具，适用于糖果、派对和甜点 - 立即发货！,58263787287,159555394548,BR,2026-07-07,2026-07-07,派对用品,其他的,,https://cf.shopee.com.br/file/br-11134207-820l6-mmuq2cnxzi828d,http://shopee.com.br/product/345860980/58263787287,-18.0,2.55,,,2.18,2.17,6.29
生日派对专用个性化人脸晾衣绳 - 带有人脸和帽子的晾衣绳。,20299843241,239446210584,BR,2025-07-23,2026-07-10,派对用品,背景幕布和横幅,,https://cf.shopee.com.br/file/br-11134207-81z1k-mf1mx8o40iyuf4,http://shopee.com.br/product/397893535/20299843241,24.22,12.45,6.76,8.09,8.57,7.17,9.18
12W 20W 30W COB轨道灯，经典圆形LED灯管，高亮度，适用于服装店、餐厅、咖啡馆和家庭。,56412770979,376133774648,VN,2026-06-25,2026-06-30,灯具,室内固定照明-其他,筒灯/射灯/嵌灯/轨道灯/壁灯/镜前灯/橱窗灯,https://cf.shopee.vn/file/vn-11134207-81ztc-mpvo6i8dfk0db0,http://shopee.vn/product/1581486452/56412770979,-8.73,2.57,,0.69,9.96,11.5,12.5
个性化记忆游戏/生日/派对礼品/所有主题/快速发货,23399467809,119874330008,BR,2026-05-30,2026-06-30,派对用品,其他的,,https://cf.shopee.com.br/file/br-11134207-820m8-mqnj0f9vru2oc3,http://shopee.com.br/product/393553873/23399467809,23.97,11.56,0.15,2.35,5.08,4.33,4.69
5/10/25个金属心形气球套装，5英寸（12厘米）蛋糕装饰，派对装饰，中心摆件,58213680087,169417706753,BR,2026-07-04,2026-07-04,派对用品,气球,,https://cf.shopee.com.br/file/br-11134207-820lv-mq7tnsxtv2mb65,http://shopee.com.br/product/1800875490/58213680087,-7.28,2.75,,0.04,14.64,20.68,25.4
一套40只3D蝴蝶，魔法花园主题，3x3厘米，适用于儿童派对装饰、生日背景、派对礼品，色彩鲜艳，轻巧便携,25548102554,139513418243,BR,2026-04-16,2026-08-02,派对用品,其他的,,https://cf.shopee.com.br/file/br-11134207-820lc-mn3n2o0z47wif3,http://shopee.com.br/product/445215136/25548102554,-13.62,3.36,3.12,2.3,4.12,3.5,6.57
TBF 2026年独立日背景幕布 | 高级帆布背景幕布 | 防水活动横幅 | 4种尺寸 | 4种设计,54163899638,381258187054,MY,2026-07-13,2026-07-23,派对用品,背景幕布和横幅,,https://cf.shopee.com.my/file/my-11134207-820lf-mqzuia3b2uwx8e,http://shopee.com.my/product/344284946/54163899638,6.92,3.59,,,5.36,1.89,19.82
横幅印刷 RM1.30/平方英尺 | 工厂直销 | 可定制尺寸 | 户外横幅 | 低价横幅印刷,48506658709,282750829544,MY,2026-03-02,2026-07-03,派对用品,背景幕布和横幅,,https://cf.shopee.com.my/file/my-11134207-820lg-mq70sk6iswzm4a,http://shopee.com.my/product/175366036/48506658709,-2.31,0.29,2.86,4.87,2.98,2.42,3.36
罗马叶纹装饰板，英式墙面装饰，升华印花面料，优质弹力面料，2x1米,47463288462,326149296055,BR,2026-07-02,2026-07-02,派对用品,背景幕布和横幅,,https://cf.shopee.com.br/file/sg-11134201-825b1-mq6d0g4i30nhd9,http://shopee.com.br/product/1720116020/47463288462,11.12,9.76,,0.06,3.21,4.0,5.14
迷你LED台灯，带电池、夹式支架、阅读灯、内置电池。,23294927493,228810018713,BR,2026-03-27,2026-08-04,灯具,室内移动照明,台灯/落地灯/夹子灯/学习灯/小夜灯,https://cf.shopee.com.br/file/sg-11134201-8262q-mmaqxeoipkw104,http://shopee.com.br/product/333052627/23294927493,-55.08,3.75,43.79,93.23,119.45,101.92,117.21
TBF 2026年独立日海报 | 高级PVC防水教育海报 | 马来西亚爱国主义墙饰,28488329751,341206422425,MY,2025-07-04,2026-07-14,派对用品,背景幕布和横幅,,https://cf.shopee.com.my/file/my-11134207-820lc-mqn1kvnv2kn60c,http://shopee.com.my/product/344284946/28488329751,-2.72,1.18,,0.02,3.25,4.15,8.94
父亲节金属蓝气球套装，包含10英寸和18英寸气球，适用于派对装饰和庆祝活动,58211879542,209623998815,BR,2026-06-03,2026-07-09,派对用品,气球,,https://cf.shopee.com.br/file/br-11134207-820lh-mqf50afee0hsa2,http://shopee.com.br/product/1800875490/58211879542,-8.37,3.14,1.21,5.33,2.15,2.33,5.95
Geekpark 针形 LED 吸顶灯 三色/4500K/6000K 嵌入式吸顶灯，适用于家庭办公室,21535707705,416221475819,PH,2022-08-18,2026-07-17,灯具,室内固定照明-天花板灯,吊灯/吸顶灯/面板灯/风扇灯,https://cf.shopee.ph/file/ph-11134207-820lc-mqrdv2nbssum12,http://shopee.ph/product/281820578/21535707705,-12.88,1.57,1.33,2.6,3.65,1.54,6.52
透明袋底 20x20x8 + 正面 + 带索尼克链的标签 / 我们创作独家艺术作品和所有主题。,58261868820,149793589948,BR,2026-06-03,2026-07-14,派对用品,其他的,,https://cf.shopee.com.br/file/br-11134207-820lv-mqcfseu1r2tda0,http://shopee.com.br/product/448657125/58261868820,26.8,12.24,,0.07,2.13,2.0,3.43
包含26件套的完整派对装饰套装——金属气球、帘幕和生日快乐横幅,58264751039,119874678689,BR,2026-07-22,2026-07-22,派对用品,气球,,https://cf.shopee.com.br/file/sg-11134201-825am-mqy8cn4211j4bb,http://shopee.com.br/product/1561493636/58264751039,3.77,5.91,,,2.21,0.33,8.57
可充电无线磁吸式 LED 夜灯，带运动传感器，适用于卧室、楼梯和衣柜。,23995010421,109729503405,BR,2026-07-02,2026-07-02,灯具,装饰氛围灯,灯串/灯带/窗帘灯/装饰灯/舞台灯,https://cf.shopee.com.br/file/br-11134207-820lu-mq5vgzada5mp9a,http://shopee.com.br/product/1797330630/23995010421,-37.54,7.47,,,2.68,0.17,10.43
粉色和金色数字年龄气球，多色，彩虹色，70厘米尺寸，生日和派对装饰,20246273354,346219932211,VN,2022-09-16,2026-07-17,派对用品,气球,,https://cf.shopee.vn/file/vn-11134207-7qukw-ljjfqee6b30i3e,http://shopee.vn/product/807475139/20246273354,-6.28,0.34,2.55,2.82,3.73,3.73,4.14
可爱熊猫卡通动物发光夜暖灯卧室床头桌面装饰灯,58064993453,287830165908,PH,2026-07-28,2026-07-28,灯具,装饰氛围灯,灯串/灯带/窗帘灯/装饰灯/舞台灯,https://cf.shopee.ph/file/sg-11134201-8260a-mm1qfzvdiarl79,http://shopee.ph/product/1749339138/58064993453,-19.18,0.47,,,2.79,1.5,9.86
包含26件套的完整派对装饰套装——金属气球、帘幕和生日快乐横幅,58264751039,119874678690,BR,2026-07-22,2026-07-22,派对用品,气球,,https://cf.shopee.com.br/file/sg-11134201-8258s-mqy8cmv0gkjl79,http://shopee.com.br/product/1561493636/58264751039,4.24,5.91,,,2.21,0.33,8.57
AGAR.SHOP 14色 1*2 米 金属箔帘 生日背景幕 箔片流苏 亮片派对装饰,1892659508,411136916891,PH,2019-02-06,2026-06-30,派对用品,背景幕布和横幅,,https://cf.shopee.ph/file/ph-11134207-820ld-mq3dhyn85gr00f,http://shopee.ph/product/35340243/1892659508,-10.51,0.41,4.81,4.61,5.82,4.93,6.38
儿童派对气球套装，卡通图案设计 - 宝可梦 7 件套,23993884020,336169971515,BR,2025-04-11,2026-07-07,派对用品,气球,,https://cf.shopee.com.br/file/br-11134207-820lo-mqce644y1urme2,http://shopee.com.br/product/282239182/23993884020,-3.64,4.33,0.07,,5.25,5.67,10.86
金属彩纸发射器，适用于性别揭晓派对、庆典、活动、夜总会、演出、嘉年华、银雨,58263848496,169417794430,BR,2026-07-08,2026-07-08,派对用品,其他的,,https://cf.shopee.com.br/file/sg-11134201-825af-mqdruqaqtpfz15,http://shopee.com.br/product/1356229733/58263848496,-18.83,2.57,,,3.32,2.83,9.86
10/20/30/40/50个装心形9厘米PET派对礼品管，带塑料盖，R28糖果罐，适用于各种派对,23193722243,366308400097,BR,2025-02-20,2026-08-01,派对用品,其他的,,https://cf.shopee.com.br/file/br-11134207-820lr-mrd3wbxd1edh1e,http://shopee.com.br/product/973078096/23193722243,-18.71,2.55,3.04,3.35,3.33,2.72,4.4
10个迷你LED纽扣灯，变色装饰灯，DIY LED灯泡，电池供电,54059198253,391201726611,MY,2026-04-21,2026-07-13,灯具,装饰氛围灯,灯串/灯带/窗帘灯/装饰灯/舞台灯,https://cf.shopee.com.my/file/cn-11134207-820l4-mprqswy4uj2nd6,http://shopee.com.my/product/1570967928/54059198253,-6.73,0.88,4.57,7.17,9.07,8.67,9.14
Agar.Shop 生日女王绶带和闪亮皇冠套装 21岁 30岁生日礼物 女士绶带,14867199548,148028712814,PH,2022-03-26,2026-07-28,派对用品,腰带,,https://cf.shopee.ph/file/ph-11134207-820lf-mr7azcdk28lo04,http://shopee.ph/product/35340243/14867199548,1.18,1.62,20.88,22.05,30.98,29.16,43.21
Bendera Malaysia Flag Malaysia 3x6ft 2x8ft 2x4ft Classroom / Office Assembly/ 马来西亚国旗,46163886291,401197657951,MY,2026-07-12,2026-07-12,派对用品,背景幕布和横幅,,https://cf.shopee.com.my/file/sg-11134201-825a9-mqk868m4660w73,http://shopee.com.my/product/369427716/46163886291,-4.29,1.35,,,6.37,3.64,20.07
Zippo打火机外壳及类似物品的燃料。,53513277635,297749963408,VN,2026-07-03,2026-07-03,其他,,,https://cf.shopee.vn/file/vn-11134207-81ztc-mq6hga2yqbrj8e,http://shopee.vn/product/1332458291/53513277635,-0.35,3.23,,0.07,4.62,3.81,6.26
台灯，便携式 USB 可充电 LED 灯，高扁平设计，3 种颜色，亮度可调，适用于酒吧、咖啡馆、酒店、书房、卧室，可用作夜灯。,58063158429,302744534251,TH,2026-07-01,2026-07-01,灯具,装饰氛围灯,灯串/灯带/窗帘灯/装饰灯/舞台灯,https://cf.shopee.co.th/file/th-11134207-81ztp-mq4fpxrvdwcif3,http://shopee.co.th/product/1767262335/58063158429,-1.55,3.3,,0.11,4.61,5.33,7.71
T8 LED 游乐场灯，18 瓦，彩色霓虹灯，防水，适用于店面装饰、市场摊位和商店招牌。,53813013152,346128616073,TH,2026-06-29,2026-06-29,灯具,应急及标识照明,指示牌/灯箱招牌/标识,https://cf.shopee.co.th/file/sg-11134201-824j3-mq1eto3i8he32d,http://shopee.co.th/product/1820921733/53813013152,-8.67,1.35,,0.04,2.18,0.83,4.14
🔥🌈 RGB 5050 LED灯带，1600万色，3米/5米 | 灯光音乐同步控制，44键，5V USB,58213684737,199191382568,BR,2026-07-04,2026-07-04,灯具,装饰氛围灯,灯串/灯带/窗帘灯/装饰灯/舞台灯,https://cf.shopee.com.br/file/sg-11134201-82599-mq8vcmwcykgca0,http://shopee.com.br/product/1573981574/58213684737,-18.46,11.84,,,3.25,1.17,10.43
父亲节装饰金属气球套装（10个），蓝色心形图案，印有“爸爸我爱你”字样 - 24/45厘米,58262041968,229446005666,BR,2026-06-06,2026-07-07,派对用品,气球,,https://cf.shopee.com.br/file/sg-11134201-8259r-mqcgwv69ophcad,http://shopee.com.br/product/1102625640/58262041968,-7.03,3.91,,0.81,3.18,2.83,5.29
一次性塑料餐具派对长款 6.5 英寸勺叉 [50 个±] Sudu Garpu Panjang 白色/黑色/透明,13726051248,361232651138,MY,2021-10-11,2026-07-20,派对用品,一次性餐具,,https://cf.shopee.com.my/file/my-11134207-820l8-mqwce6hy6tc238,http://shopee.com.my/product/202332340/13726051248,-1.84,0.48,5.86,6.05,6.61,6.17,6.56
农场主题生日蜡烛，适合男孩或女孩，牛仔或女牛仔主题。,22698091518,351305901800,BR,2024-12-17,2026-08-01,派对用品,其他的,,https://cf.shopee.com.br/file/br-11134207-820lc-mrchkc3qwao5ef,http://shopee.com.br/product/490340444/22698091518,-4.2,5.67,5.61,4.67,5.68,4.33,6.43
啦啦队彩球（1对）,26226018446,311182848850,TH,2025-02-13,2026-07-09,派对用品,其他的,,https://cf.shopee.co.th/file/th-11134207-81ztl-mqfq50z2wg7j68,http://shopee.co.th/product/120524045/26226018446,-0.9,0.54,0.2,1.94,3.38,0.67,1.93
GeeParty 32英寸年龄数字气球套装，银蓝色星空气球，儿童生日派对装饰,17581990092,297744068443,MY,2022-08-12,2026-07-01,派对用品,气球,,https://cf.shopee.com.my/file/cn-11134207-820l4-mo6l4i8e1bt132,http://shopee.com.my/product/833679123/17581990092,0.63,0.9,1.57,2.12,3.06,2.75,3.98
Agar.Shop 生日女王绶带和闪亮皇冠套装 21岁 30岁生日礼物 女士绶带,14867199548,311281942339,PH,2022-03-26,2026-07-27,派对用品,腰带,,https://cf.shopee.ph/file/ph-11134207-820l5-mr5p2svydcsm50,http://shopee.ph/product/35340243/14867199548,0.52,1.45,20.88,22.05,30.98,29.16,43.21
彩色生日快乐字母气球套装，高40厘米，生日派对装饰 - Miubabyclothing,21845955556,311220970126,VN,2022-09-15,2026-07-17,派对用品,气球,,https://cf.shopee.vn/file/sg-11134201-22100-29o48z8488hv75,http://shopee.vn/product/807475139/21845955556,-2.93,1.26,3.19,4.92,3.02,0.62,2.05
50-400 个侏罗纪恐龙宝宝纸杯蛋糕衬垫，4 片花瓣，个性化派对礼品，生日礼品，巴西巧克力软糖球 (Brigadeiros)。,4654231702,302819508684,BR,2020-09-24,2026-07-24,派对用品,其他的,,https://cf.shopee.com.br/file/br-11134207-820la-mr1mm1t7ixafde,http://shopee.com.br/product/290461822/4654231702,-15.01,3.36,0.89,0.81,3.75,4.67,8.57
5/10/25个金属心形气球套装，5英寸（12厘米）蛋糕装饰，派对装饰，中心摆件,58213680087,169417706746,BR,2026-07-04,2026-07-04,派对用品,气球,,https://cf.shopee.com.br/file/br-11134207-820ld-mq80smkwuhheff,http://shopee.com.br/product/1800875490/58213680087,-11.01,2.35,,0.04,14.64,20.68,25.4
圆形装饰片，升华印花面料，1.50 x 1.50，易于安装，弹性材质，生日派对快乐,58260680452,239445899189,BR,2026-05-15,2026-07-04,派对用品,背景幕布和横幅,,https://cf.shopee.com.br/file/sg-11134201-8259y-mq92c6comarl10,http://shopee.com.br/product/376231278/58260680452,17.83,10.87,0.5,2.8,6.54,6.5,6.86
🍄保证最低价🍄 [现货] callingbrown 蜡烛加热器，蜡烛加热灯，蜡烛熔化灯,9736760964,426248463546,TH,2021-04-04,2026-07-22,灯具,装饰氛围灯,灯串/灯带/窗帘灯/装饰灯/舞台灯,https://cf.shopee.co.th/file/th-11134207-81ztc-mqyc91xmca2uad,http://shopee.co.th/product/241692463/9736760964,32.59,12.86,3.45,4.08,4.54,4.42,6.62
[10/20个装] 1/2/3米 LED灯串 派对装饰灯 防水户外灯串 节日装饰,53110546773,431242485623,PH,2026-05-15,2026-07-21,灯具,装饰氛围灯,灯串/灯带/窗帘灯/装饰灯/舞台灯,https://cf.shopee.ph/file/sg-11134201-822z4-mo9diajrqarp33,http://shopee.ph/product/1516873881/53110546773,-4.86,3.39,0.13,0.17,6.19,2.89,5.48
亚克力礼品管 13厘米 - 用于装饰、儿童派对、调料罐 - 10个、20个、30个、40个和50个装,22294882115,238810873879,BR,2026-02-24,2026-07-29,派对用品,其他的,,https://cf.shopee.com.br/file/sg-11134201-8259d-mr7v301gho1y24,http://shopee.com.br/product/820641225/22294882115,-14.16,3.41,0.96,,8.82,,35.29
个性化婚礼喜极而泣套装，含手帕和标签（请选择数量）,58210517810,159793420807,BR,2026-05-12,2026-07-07,派对用品,其他的,,https://cf.shopee.com.br/file/br-11134207-820m2-mqciqvbxkr9cf3,http://shopee.com.br/product/319739494/58210517810,-7.3,4.92,2.88,13.38,21.41,19.25,22.9
采用优质镜面亚克力材质，激光雕刻的定制姓名牌。,58258465577,209624486774,BR,2026-04-09,2026-07-19,派对用品,其他的,,https://cf.shopee.com.br/file/br-11134207-820lu-mquhqen2kkqq3a,http://shopee.com.br/product/296529634/58258465577,24.2,11.39,2.54,3.11,3.36,2.0,2.57
【货到付款】太阳能帘幕冰柱灯，IP65防水LED瀑布灯，适用于婚礼、庭院和装饰,43882221753,366146879245,PH,2026-07-02,2026-07-02,灯具,太阳能灯,太阳能装饰灯,https://cf.shopee.ph/file/ph-11134207-820l9-mq30zcslps7fe8,http://shopee.ph/product/1871249164/43882221753,-8.82,2.45,,,3.67,3.5,8.55
32厘米气球支架套装 - 10/20/50/100个装,10118353984,331214211550,BR,2021-07-15,2026-07-16,派对用品,背景幕布和横幅,,https://cf.shopee.com.br/file/br-11134207-820m7-mqp71cwe57nmf6,http://shopee.com.br/product/404937529/10118353984,-13.6,4.3,0.05,0.11,4.57,7.08,7.21
装饰横幅/横幅“生日快乐” | 我们可以制作任何主题。,58261167476,219623936752,BR,2026-05-22,2026-07-07,派对用品,腰带,,https://cf.shopee.com.br/file/br-11134207-820lt-mqdhr6u48nb4f0,http://shopee.com.br/product/540759411/58261167476,-0.62,3.75,0.07,10.26,21.21,16.33,29.43
50个180毫升彩色格子图案纸杯，适用于派对和活动的冷热饮。,58263422760,209191194754,BR,2026-06-30,2026-06-30,派对用品,一次性餐具,,https://cf.shopee.com.br/file/br-11134207-820mf-mmitjan0p5hgfc,http://shopee.com.br/product/1759830683/58263422760,-20.11,5.71,,,2.96,3.75,7.29
粉色系兔子和猫咪生日气球组合，适合女孩 - 家居派对装饰气球套装,26562141868,292766322379,VN,2024-09-23,2026-07-08,派对用品,气球,,https://cf.shopee.vn/file/vn-11134207-81ztc-mplqk7hylh5786,http://shopee.vn/product/203500372/26562141868,12.86,5.56,5.7,6.35,7.84,9.42,9.54
定制横幅，请发送您的设计稿或照片（通过消息发送）,58213814966,228809933021,BR,2026-07-07,2026-08-02,派对用品,背景幕布和横幅,,https://cf.shopee.com.br/file/br-11134207-820mh-mr0oib4kf0g404,http://shopee.com.br/product/1462180064/58213814966,-13.79,3.95,,,6.21,9.83,16.0
私人财产标志 | 禁止入内标志 | 禁止擅入标志,2986146299,272757411646,TH,2021-08-03,2026-07-05,派对用品,背景幕布和横幅,,https://cf.shopee.co.th/file/th-11134207-81ztk-mkwq2rgdbtom8c,http://shopee.co.th/product/46530926/2986146299,0.39,1.77,0.61,2.79,4.36,3.08,4.21
【50个装】一次性饮水杯/海军蓝花卉咖啡杯/食品级安全咖啡杯，适用于派对野餐活动,52311211349,431265537610,MY,2026-05-27,2026-07-24,派对用品,一次性餐具,,https://cf.shopee.com.my/file/my-11134207-820lf-mr12h8sz61hgf7,http://shopee.com.my/product/1633961637/52311211349,-5.53,1.34,0.82,2.05,2.04,2.67,3.31
PP透明杯/U型杯（50个左右）/一次性塑料杯/奶茶杯/波霸杯/透明杯,22535113801,426178120345,MY,2023-03-27,2026-07-08,派对用品,一次性餐具,,https://cf.shopee.com.my/file/my-11134207-820l5-mq1e4c7t0qoca8,http://shopee.com.my/product/143167992/22535113801,-6.5,1.13,1.65,3.65,2.25,2.26,2.93
金星牌防水太阳能壁灯户外暖光花园装饰LED壁灯围栏灯,42305011523,386167866465,PH,2025-06-18,2026-07-06,灯具,太阳能灯,太阳能壁灯,https://cf.shopee.ph/file/ph-11134207-820le-mqbtfn7n42dd56,http://shopee.ph/product/502074461/42305011523,6.69,6.02,43.03,17.3,23.07,19.33,23.04
彩色生日快乐字母气球套装，高40厘米，生日派对装饰 - Miubabyclothing,21845955556,311220970125,VN,2022-09-15,2026-07-17,派对用品,气球,,https://cf.shopee.vn/file/dfb841c627c58732b1ec0656824036ec,http://shopee.vn/product/807475139/21845955556,-3.09,1.26,3.19,4.92,3.02,0.62,2.05
30串红星旗帜风车装饰（10米）适用于9月2日咖啡馆和商店的户外装饰,41811479002,441252801760,VN,2025-08-04,2026-07-22,派对用品,背景幕布和横幅,,https://cf.shopee.vn/file/vn-11134207-81ztc-mqywlqpz77d184,http://shopee.vn/product/1399575144/41811479002,8.64,6.1,0.07,0.04,2.84,2.0,8.5
【100张/盒】祝愿卡 祝早日康复/感谢/周年纪念/生日快乐 100张/1盒,50661045330,416124747097,MY,2026-05-24,2026-06-28,派对用品,牌,,https://cf.shopee.com.my/file/my-11134207-820l9-mpzwf7ioldl8ef,http://shopee.com.my/product/793759981/50661045330,8.26,3.18,,0.11,2.16,2.58,2.79
浅粉色和香槟色豪华气球套装，108 个 LL-1588。适用于主题派对和特殊庆典的多功能装饰。,58263771428,109874685207,BR,2026-07-07,2026-07-20,派对用品,气球,,https://cf.shopee.com.br/file/br-11134207-820l7-mqw38hz2ftae5d,http://shopee.com.br/product/1692493049/58263771428,11.28,7.61,,,4.89,5.67,10.86
【货到付款】24个装 10英寸 加厚纸盘架 铝箔盘架 防油纸托盘架 #018,51813683861,321184221760,PH,2026-07-09,2026-07-09,派对用品,一次性餐具,,https://cf.shopee.ph/file/ph-11134207-820l6-mqg3xwuzj18vb9,http://shopee.ph/product/1724399062/51813683861,-5.57,3.08,,,3.04,2.94,8.1
5/10/20/50 个 24 英寸（60 厘米）水晶泡泡气球套装，适用于派对和装饰,58213677860,209623820379,BR,2026-07-04,2026-07-04,派对用品,气球,,https://cf.shopee.com.br/file/br-11134207-820l5-mq8fbsxt06wx85,http://shopee.com.br/product/1839639459/58213677860,21.05,10.67,,,38.04,17.17,29.0
方形金字塔螺口吸顶灯 100瓦 E-27,23694531911,391223389296,BR,2025-10-16,2026-07-17,灯具,室内固定照明-天花板灯,吊灯/吸顶灯/面板灯/风扇灯,https://cf.shopee.com.br/file/br-11134207-820ln-mqqbsm88pypu83,http://shopee.com.br/product/1040913486/23694531911,-55.38,3.56,1.23,2.43,2.89,1.67,4.29
15至60个玩具总动员主题盒子套装 - 现货发售 - 派对礼品、生日装饰、个性化定制商品,58263604303,189191332873,BR,2026-07-03,2026-07-03,派对用品,其他的,,https://cf.shopee.com.br/file/sg-11134201-825ai-mq6sm9d7qz9c3f,http://shopee.com.br/product/1388352877/58263604303,14.07,9.9,,,3.3,4.25,4.43
250000W太阳能吸顶灯，户外防水，室内外通用，带太阳能电池板,15849774419,206410089994,PH,2022-02-07,2026-07-09,灯具,太阳能灯,太阳能吸顶灯/高棚灯,https://cf.shopee.ph/file/ph-11134207-820l7-mqft0mxicvf185,http://shopee.ph/product/564129704/15849774419,-5.57,3.23,3.12,3.57,3.87,2.67,3.18
12W 20W 30W COB轨道灯，经典圆形LED灯管，高亮度，适用于服装店、餐厅、咖啡馆和家庭。,56412770979,376133774641,VN,2026-06-25,2026-06-30,灯具,室内固定照明-其他,筒灯/射灯/嵌灯/轨道灯/壁灯/镜前灯/橱窗灯,https://cf.shopee.vn/file/vn-11134207-81ztc-mpvo6okt2qki18,http://shopee.vn/product/1581486452/56412770979,-7.33,2.95,,0.69,9.96,11.5,12.5
50/100/200/300/400个迷你衣夹/迷你木制衣夹照片展示套装,58207255113,219192263428,BR,2026-03-20,2026-07-24,派对用品,木制夹子,,https://cf.shopee.com.br/file/br-11134201-820lo-mqylac8v4f0k48,http://shopee.com.br/product/419088855/58207255113,-15.44,2.03,0.68,1.02,9.79,9.25,28.96
🚚曼谷发货🚚 带USB接口和手机支架的LED床头灯。卧室台灯。,46563169228,406139708787,TH,2026-07-01,2026-07-01,灯具,室内移动照明,台灯/落地灯/夹子灯/学习灯/小夜灯,https://cf.shopee.co.th/file/th-11134207-81zte-mq4988xyp91n60,http://shopee.co.th/product/1719921026/46563169228,-0.57,4.17,,0.11,2.0,1.67,4.71
带闪光的豪华15岁生日蛋糕装饰蜡烛,58263724212,209623852663,BR,2026-07-05,2026-07-05,派对用品,其他的,,https://cf.shopee.com.br/file/sg-11134201-824gx-mpjyg5ze94aq49,http://shopee.com.br/product/1834201432/58263724212,-5.69,5.32,,,4.32,2.33,7.29
派对桌布背景罩 - 生日快乐蝴蝶结图案 - 热升华印花面料，带松紧带包边 - 50x50厘米,23395031500,119874530012,BR,2026-07-15,2026-07-15,派对用品,背景幕布和横幅,,https://cf.shopee.com.br/file/br-11134207-820m5-mqnjlxg5r4e8ef,http://shopee.com.br/product/1724395837/23395031500,-16.15,3.85,,,2.71,3.5,7.57
七件套生日派对餐桌装饰套装：蛋糕架、糖果架、花瓶、托盘,47763677751,366181520536,BR,2026-07-09,2026-07-09,派对用品,其他的,,https://cf.shopee.com.br/file/br-11134207-820ll-mqg6hop7162rf1,http://shopee.com.br/product/660668454/47763677751,25.61,11.84,,,6.21,1.83,12.48
7 件套婴儿洗礼及儿童派对用品套装 - 蛋糕架和花瓶,44074533152,436142587996,BR,2025-10-16,2026-07-01,派对用品,其他的,,https://cf.shopee.com.br/file/br-11134207-820me-mq4wv61ff6yq7f,http://shopee.com.br/product/1431277312/44074533152,15.18,9.71,13.64,16.56,15.14,15.58,15.95
塑料搅拌棒，100个,23660702540,366177553093,PH,2023-11-11,2026-07-08,派对用品,一次性餐具,,https://cf.shopee.ph/file/ph-11134207-820lf-mqeirzh5jqwy0b,http://shopee.ph/product/122866812/23660702540,-4.17,0.44,2.5,3.48,8.81,8.49,8.88
生日快乐蛋糕装饰纸（10厘米）,23899232663,159793526305,BR,2025-12-22,2026-07-12,派对用品,其他的,,https://cf.shopee.com.br/file/br-11134207-81z1k-mijl0jwlfmdiaf,http://shopee.com.br/product/1707289807/23899232663,-20.45,2.17,3.43,2.81,4.89,4.42,4.71
EVA泡沫塑料包裹的仿真泡沫塑料蛋糕 - 派对装饰 - 生日派对 - 性别揭晓派对 - 圆形或圆柱形,58260153393,149793611127,BR,2026-05-06,2026-07-15,派对用品,其他的,,https://cf.shopee.com.br/file/br-11134207-820lm-mqoruz6xc9hf84,http://shopee.com.br/product/287079590/58260153393,-9.32,4.53,7.69,43.21,41.66,36.25,45.67
金属心形气球，蓝色，24厘米，父亲节，“爸爸，我爱你，我的英雄”，派对装饰,58213787805,229446002667,BR,2026-07-07,2026-07-07,派对用品,气球,,https://cf.shopee.com.br/file/sg-11134201-8259l-mqc8bqx87nri3d,http://shopee.com.br/product/1696392283/58213787805,-15.1,1.78,,,8.21,6.67,22.86
EPS Foam Box / Poly Foam Box / Polystyrene Fish Box / Styrofoam Ice 泡沫箱 发泡胶箱 保丽龙箱,47713330511,272751237136,MY,2026-07-03,2026-07-03,其他,,,https://cf.shopee.com.my/file/my-11134207-820la-mq60h3gbu1vk41,http://shopee.com.my/product/1017187794/47713330511,1.5,1.14,,,4.0,4.33,5.79
HiGooGoo G40 户外 LED 灯串，30 米长，55 个灯泡，不易碎，是婚礼、花园、派对、装饰的理想之选。,46458085989,272769225927,BR,2026-04-01,2026-07-09,灯具,装饰氛围灯,灯串/灯带/窗帘灯/装饰灯/舞台灯,https://cf.shopee.com.br/file/cn-11134207-820l4-mqfwg8bmewwfd7,http://shopee.com.br/product/1738547123/46458085989,28.29,11.86,6.54,3.37,7.36,7.5,11.0
买一送一 太阳能室内灯 300000W 太阳能吸顶灯 太阳能户外灯 防水,28908414878,346182541864,PH,2024-08-20,2026-07-09,灯具,太阳能灯,太阳能吸顶灯/高棚灯,https://cf.shopee.ph/file/ph-11134207-820lf-mqg2vjktpatr39,http://shopee.ph/product/564129704/28908414878,-7.72,2.74,2.61,2.77,5.47,2.0,2.93
买一送一！户外防水IP67 150000W太阳能泛光灯LED灯带遥控器,27084731745,326243600258,PH,2025-04-24,2026-07-21,灯具,太阳能灯,太阳能投光灯,https://cf.shopee.ph/file/ph-11134207-820l4-mq4icr1ihclr97,http://shopee.ph/product/704726832/27084731745,34.24,12.31,43.31,19.74,42.08,50.17,84.74
迷你无线LED台灯 + 含LED蜡烛 - 卧室、客厅、办公室,58213449421,239445656199,BR,2026-07-01,2026-07-01,灯具,装饰氛围灯,灯串/灯带/窗帘灯/装饰灯/舞台灯,https://cf.shopee.com.br/file/br-11134207-820lv-mqfjjex2z3sy12,http://shopee.com.br/product/770940934/58213449421,-52.76,4.14,,0.15,6.96,8.0,10.0
仿真泡沫塑料蛋糕，外层包裹白色EVA泡沫，三层，适用于派对、活动、生日、订婚等场合,58210081065,189624605538,BR,2026-05-05,2026-07-22,派对用品,其他的,,https://cf.shopee.com.br/file/br-11134207-820ly-mqyw464tb0g5e5,http://shopee.com.br/product/287079590/58210081065,7.89,8.2,3.17,6.4,11.77,11.42,20.5
个性化记忆游戏/生日/派对礼品/所有主题/快速发货,23399467809,119729443987,BR,2026-05-30,2026-06-30,派对用品,其他的,,https://cf.shopee.com.br/file/br-11134207-820m8-mqnj0f9vru2oc3,http://shopee.com.br/product/393553873/23399467809,43.51,15.79,0.15,2.35,5.08,4.33,4.69
☘️现货 | 价格实惠☘️【母亲节贺卡，10张装】,52263370294,406157133450,TH,2026-07-04,2026-07-04,派对用品,牌,,https://cf.shopee.co.th/file/th-11134207-81ztd-mq8kov1hqb5t58,http://shopee.co.th/product/32334343/52263370294,-1.13,0.3,,0.11,3.14,1.58,10.41
100/50气球套装，适用于派对、生日、装饰和拱门 - 7英寸,49213215421,262746208294,BR,2026-07-01,2026-07-01,派对用品,气球,,https://cf.shopee.com.br/file/br-11134207-820mb-mq4x5j8knpc0ce,http://shopee.com.br/product/369669985/49213215421,-3.57,3.54,,0.04,14.74,17.5,18.96
【热销】粉白蝴蝶彩纸炮 60厘米 - 旋转压缩空气蝴蝶烟花，适用于婚礼、生日、求婚装饰 - 高端,54562819529,262835350496,VN,2026-06-26,2026-07-30,派对用品,其他的,,https://cf.shopee.vn/file/vn-11134207-81ztc-mr9rjnkwurr6ca,http://shopee.vn/product/18268506/54562819529,-2.53,1.71,,0.48,4.82,2.31,12.18
50/100/200/300/400个迷你衣夹/迷你木制衣夹照片展示套装,58207255113,219192263429,BR,2026-03-20,2026-07-24,派对用品,木制夹子,,https://cf.shopee.com.br/file/br-11134201-820lo-mqylac8v4f0k48,http://shopee.com.br/product/419088855/58207255113,-14.79,2.03,0.68,1.02,9.79,9.25,28.96
5/10/20/50 个 24 英寸（60 厘米）水晶泡泡气球套装，适用于派对和装饰,58213677860,209623820385,BR,2026-07-04,2026-07-04,派对用品,气球,,https://cf.shopee.com.br/file/br-11134207-820l5-mq8fbsxt06wx85,http://shopee.com.br/product/1839639459/58213677860,37.53,13.24,,,38.04,17.17,29.0
50/100/200/300/400个迷你衣夹/迷你木制衣夹照片展示套装,58207255113,219192263422,BR,2026-03-20,2026-07-24,派对用品,木制夹子,,https://cf.shopee.com.br/file/br-11134201-820lo-mqylac8v4f0k48,http://shopee.com.br/product/419088855/58207255113,-15.12,2.03,0.68,1.02,9.79,9.25,28.96
10/20/30 和 50 个亚克力管套装，8 厘米，适用于派对礼品。,58264665951,229446890795,BR,2026-07-21,2026-07-21,派对用品,其他的,,https://cf.shopee.com.br/file/br-11134207-820lz-mqwnus3an8cl21,http://shopee.com.br/product/1690147505/58264665951,-19.75,2.35,,,9.93,8.5,31.8
自动感应LED灯带，3种颜色，USB充电，自带背胶，安装简便，非常适合衣柜、厨房和卧室使用。,49660742190,346265445352,TH,2026-05-18,2026-07-24,灯具,装饰氛围灯,灯串/灯带/窗帘灯/装饰灯/舞台灯,https://cf.shopee.co.th/file/th-11134207-81ztq-mr11mkneghs1ca,http://shopee.co.th/product/1684561845/49660742190,10.14,6.51,,0.19,4.24,5.08,7.94
LED招牌、咖啡店招牌、发光字母招牌、店面招牌、店铺装饰、霓虹灯招牌、房间装饰，精美醒目的文字设计……,6717139844,391177966536,TH,2020-02-15,2026-07-08,灯具,应急及标识照明,指示牌/灯箱招牌/标识,https://cf.shopee.co.th/file/th-11134207-81ztn-mqekmox8jgule3,http://shopee.co.th/product/219102618/6717139844,12.42,7.26,3.67,4.29,4.54,1.71,3.07
1 x 2 Meter Rain Foil Curtain for Party Wall Decoration Backdrops Banners Hiasan Belon Tirai Hiasan Dinding 派对布置背景 背景设计,40132116718,267738443797,MY,2026-06-29,2026-06-29,派对用品,背景幕布和横幅,,https://cf.shopee.com.my/file/my-11134207-820le-mq1lo95hzx8g04,http://shopee.com.my/product/1063909647/40132116718,-5.12,0.57,,0.19,4.47,2.9,7.78
吸顶灯 LED 三色吸顶灯 北欧现代方形吊灯 适用于客厅、餐厅、卧室,21712798303,386202054040,PH,2022-06-17,2026-07-13,灯具,室内固定照明-天花板灯,吊灯/吸顶灯/面板灯/风扇灯,https://cf.shopee.ph/file/ph-11134207-820l8-mqzn8htgr3sy95,http://shopee.ph/product/510991130/21712798303,7.47,6.17,0.08,0.33,3.13,3.75,5.79
派对金属帘，装饰帘，生日派对装饰帘，1米 x 2米，带流苏和装饰丝带，多种颜色可选,48913675073,401180829166,BR,2026-07-09,2026-07-09,派对用品,背景幕布和横幅,,https://cf.shopee.com.br/file/br-11134207-820lh-mqdgo7e8yi2pcb,http://shopee.com.br/product/911966033/48913675073,-24.57,1.18,,,4.59,0.58,17.57
父亲节气球套装，金属气球，金属帘，派对装饰品，各种物品,22299495321,119729569671,BR,2026-06-01,2026-07-09,派对用品,气球,,https://cf.shopee.com.br/file/br-11134207-820m8-mqf3j0v113b67e,http://shopee.com.br/product/1800875490/22299495321,-6.51,3.54,3.77,29.55,2.98,3.33,6.36
32厘米气球支架套装 - 10/20/50/100个装,10118353984,302787270147,BR,2021-07-15,2026-07-16,派对用品,背景幕布和横幅,,https://cf.shopee.com.br/file/br-11134207-820m7-mqp71cwe57nmf6,http://shopee.com.br/product/404937529/10118353984,-23.86,2.16,0.05,0.11,4.57,7.08,7.21
仿真实心蛋糕，EVA泡沫包裹 - 多种颜色可选 - 适用于派对、生日 - 新品上市,58212177217,179418017069,BR,2026-06-09,2026-07-15,派对用品,背景幕布和横幅,,https://cf.shopee.com.br/file/br-11134207-820mb-mqoubfn4e5mpf7,http://shopee.com.br/product/287079590/58212177217,-11.73,4.53,,9.62,25.87,22.0,30.07
LED灯灯笼装饰灯罩派对活动装饰高14厘米,22393750149,366252760803,BR,2025-03-05,2026-07-22,灯具,灯具配件,灯带配件/控制器,https://cf.shopee.com.br/file/br-11134207-820lo-mqywino45vr961,http://shopee.com.br/product/770968144/22393750149,-54.5,3.93,0.32,,4.69,7.08,12.19
Yowxii 三色水晶台灯卧室夜灯触摸台灯礼品创意氛围灯,42675454514,307850587783,PH,2025-10-22,2026-08-05,灯具,装饰氛围灯,灯串/灯带/窗帘灯/装饰灯/舞台灯,https://cf.shopee.ph/file/ph-11134207-820l5-mr12e35heoec42,http://shopee.ph/product/931335721/42675454514,58.94,17.94,0.12,0.06,2.94,3.67,7.98
1 x 2 Meter Rain Foil Curtain for Party Wall Decoration Backdrops Banners Hiasan Belon Tirai Hiasan Dinding 派对布置背景 背景设计,40132116718,311130195498,MY,2026-06-29,2026-06-29,派对用品,背景幕布和横幅,,https://cf.shopee.com.my/file/my-11134207-820l9-mq1kucpmi497ec,http://shopee.com.my/product/1063909647/40132116718,-1.63,0.48,,0.19,4.47,2.9,7.78
TBF 2026 独立日雨伞和棋盘格装饰 | 高级艺术卡片装饰 | 40+ 款设计,42713196920,421324238657,MY,2025-08-15,2026-08-05,派对用品,其他的,,https://cf.shopee.com.my/file/my-11134207-820ld-mrikrp7j1reqe9,http://shopee.com.my/product/344284946/42713196920,7.64,3.6,,0.2,8.57,5.76,26.19
10/20/30/40/50支装PET管（1号），带透明盖（R28），适用于派对礼品和糖果,17804585440,431307837454,BR,2022-02-17,2026-08-01,派对用品,其他的,,https://cf.shopee.com.br/file/br-11134207-820lz-mrcy818jcg79c9,http://shopee.com.br/product/395155703/17804585440,-18.68,2.55,26.17,40.31,48.84,44.64,62.08
这款LED灯条可随音乐闪烁，拥有1600万种颜色和声音传感器，非常适合装饰电脑、办公桌或汽车。,53756333561,406243603827,VN,2026-02-23,2026-07-21,灯具,车灯&车库灯,车灯/车库灯,https://cf.shopee.vn/file/vn-11134207-81ztc-ml20k5f9vhmo6c,http://shopee.vn/product/1703772268/53756333561,-9.45,2.4,1.64,4.3,3.11,3.5,3.57
[1 捆] TRIGEM 塑料布袋 9 英寸 | 10 英寸 | 12 英寸 | 14 英寸 | 15 英寸 | 16 英寸 | 18 英寸,49709516029,351125590984,PH,2026-04-26,2026-06-28,派对用品,一次性餐具,,https://cf.shopee.ph/file/ph-11134207-820l5-mnhwtwgulyite3,http://shopee.ph/product/1690851637/49709516029,30.15,13.87,0.18,3.28,3.18,1.75,3.93
带闪光的豪华15岁生日蛋糕装饰蜡烛,58263724212,209623852668,BR,2026-07-05,2026-07-05,派对用品,其他的,,https://cf.shopee.com.br/file/br-11134207-820m1-mqanti735zwg8d,http://shopee.com.br/product/1834201432/58263724212,-7.64,4.92,,,4.32,2.33,7.29
金星太阳能灯，3500瓦，铝制材质，超亮，防眩光，IP67防水,42105400743,316260998251,VN,2025-06-21,2026-07-23,灯具,太阳能灯,太阳能庭院灯,https://cf.shopee.vn/file/vn-11134207-81ztc-mr0404dqbdok77,http://shopee.vn/product/1133531707/42105400743,22.63,13.51,2.36,4.19,2.69,2.17,4.36
9英寸乳胶气球，50个装，颜色随机，派对用品,45663796909,316191199226,BR,2026-07-10,2026-07-10,派对用品,气球,,https://cf.shopee.com.br/file/br-11134207-820mb-mq922vkmi5tu39,http://shopee.com.br/product/1225422954/45663796909,-4.82,3.34,,,10.39,11.92,27.07
两件套测量模板，适用于大型和小型气球，采用原色中密度纤维板制成，可用于庆祝活动和派对。,58214125368,109874504824,BR,2026-07-13,2026-07-13,派对用品,气球,,https://cf.shopee.com.br/file/br-11134207-820l6-mqgeruqc1o1u0d,http://shopee.com.br/product/1098541939/58214125368,-9.84,4.92,,,3.93,6.0,8.86
木制展示架，可用于展示香水、化妆品、珠宝、糖果和派对装饰品,23599552882,149793388652,BR,2026-07-05,2026-07-05,派对用品,其他的,,https://cf.shopee.com.br/file/br-11134207-820lw-mqabvaosndhfa1,http://shopee.com.br/product/225023451/23599552882,-12.18,3.93,,,4.38,5.33,7.64
1 x 2 Meter Rain Foil Curtain for Party Wall Decoration Backdrops Banners Hiasan Belon Tirai Hiasan Dinding 派对布置背景 背景设计,40132116718,311130195501,MY,2026-06-29,2026-06-29,派对用品,背景幕布和横幅,,https://cf.shopee.com.my/file/my-11134207-820l9-mq1kun2xuxvxc6,http://shopee.com.my/product/1063909647/40132116718,-1.63,0.48,,0.19,4.47,2.9,7.78
铝制午餐盒，适用于盛放蛋糕、馅饼和派对小礼物。,22598476535,228808828754,BR,2025-05-13,2026-07-16,派对用品,一次性餐具,,https://cf.shopee.com.br/file/br-11134207-7r98o-m9ovrzjrtet5e8,http://shopee.com.br/product/1267693843/22598476535,-30.18,3.95,0.2,0.11,2.57,2.67,4.43
❤️ 12英寸哑光气球，厚实耐用 ❤️ 10个装,26901765828,282839374363,TH,2024-06-04,2026-07-31,派对用品,气球,,https://cf.shopee.co.th/file/th-11134207-81ztl-mrbqkmr6c26c90,http://shopee.co.th/product/78273716/26901765828,-1.9,0.6,0.15,0.95,2.01,0.74,1.41
15至60个玩具总动员主题盒子套装 - 现货发售 - 派对礼品、生日装饰、个性化定制商品,58263604303,189191332872,BR,2026-07-03,2026-07-03,派对用品,其他的,,https://cf.shopee.com.br/file/sg-11134201-825ai-mq6sm9d7qz9c3f,http://shopee.com.br/product/1388352877/58263604303,2.04,7.19,,,3.3,4.25,4.43
TBF 2026年独立日背景幕布 | 高级帆布背景幕布 | 防水活动横幅 | 4种尺寸 | 4种设计,54163899638,381258187057,MY,2026-07-13,2026-07-23,派对用品,背景幕布和横幅,,https://cf.shopee.com.my/file/my-11134207-820lf-mqzuia3b2uwx8e,http://shopee.com.my/product/344284946/54163899638,38.19,11.54,,,5.36,1.89,19.82
迷你纽扣电池串灯，铜线微型LED灯串，适用于礼盒、蛋糕等DIY工艺品,50364765237,426268377251,PH,2026-07-24,2026-07-24,灯具,装饰氛围灯,灯串/灯带/窗帘灯/装饰灯/舞台灯,https://cf.shopee.ph/file/ph-11134207-820l8-mr1ftthwp7us27,http://shopee.ph/product/1888842298/50364765237,-18.27,0.33,,,2.25,,9.0
恐龙主题派对一次性餐具，儿童恐龙派对套装装饰用品,12974054165,376153735729,PH,2022-01-25,2026-07-03,派对用品,一次性餐具,,https://cf.shopee.ph/file/ph-11134207-820la-mq7hkhtzskxud5,http://shopee.ph/product/646678126/12974054165,-14.47,0.95,5.01,4.86,6.08,5.16,7.52
买一送一 太阳能室内灯 300000W 太阳能吸顶灯 太阳能户外灯 防水,28908414878,346182541865,PH,2024-08-20,2026-07-09,灯具,太阳能灯,太阳能吸顶灯/高棚灯,https://cf.shopee.ph/file/ph-11134207-820l7-mqft0mxicvf185,http://shopee.ph/product/564129704/28908414878,-5.47,3.23,2.61,2.77,5.47,2.0,2.93
【大号】超级英雄气球，儿童生日装饰,22272980890,401221841814,VN,2023-07-07,2026-07-17,派对用品,气球,,https://cf.shopee.vn/file/vn-11134207-81ztc-mm1muuxymm806e,http://shopee.vn/product/807475139/22272980890,-5.3,0.61,0.56,1.59,2.66,2.42,3.56
七件套生日派对餐桌装饰套装：蛋糕架、糖果架、花瓶、托盘,47763677751,366181520529,BR,2026-07-09,2026-07-09,派对用品,其他的,,https://cf.shopee.com.br/file/br-11134207-820la-mqg8rld98dmp5c,http://shopee.com.br/product/660668454/47763677751,25.34,11.84,,,6.21,1.83,12.48
TBF 2026年独立日背景幕布 | 高级帆布背景幕布 | 防水活动横幅 | 4种尺寸 | 4种设计,54163899638,381258187050,MY,2026-07-13,2026-07-23,派对用品,背景幕布和横幅,,https://cf.shopee.com.my/file/my-11134207-820ld-mqzui832unevef,http://shopee.com.my/product/344284946/54163899638,6.88,3.59,,,5.36,1.89,19.82
42张贴纸，无重复，西班牙+阿根廷。24小时内发货。,58214117124,109874550387,BR,2026-07-13,2026-07-16,派对用品,背景幕布和横幅,,https://cf.shopee.com.br/file/br-11134207-820lb-mqpfws4jhwxt77,http://shopee.com.br/product/1718626894/58214117124,-24.72,1.58,,,2.0,1.33,6.57
大号圆形茶叶盒，优雅圆形纸板茶叶罐,41253466408,381170758430,VN,2025-06-06,2026-07-07,派对用品,其他的,,https://cf.shopee.vn/file/vn-11134207-81ztc-mqcra5t6rwnf47,http://shopee.vn/product/233196203/41253466408,-3.92,1.33,1.76,1.79,2.41,1.4,2.2
50个透明布丁杯迷你甜点塑料容器带盖甜点杯,47913062119,326130703313,PH,2026-06-29,2026-06-29,派对用品,一次性餐具,,https://cf.shopee.ph/file/sg-11134201-824ii-mq1sajqt4sun6f,http://shopee.ph/product/1061640301/47913062119,1.77,4.65,,0.02,7.71,13.75,18.68
100/50气球套装，适用于派对、生日、装饰和拱门 - 7英寸,49213215421,336142976154,BR,2026-07-01,2026-07-01,派对用品,气球,,https://cf.shopee.com.br/file/br-11134207-820ll-mq4x7lz6hx4ybc,http://shopee.com.br/product/369669985/49213215421,-9.62,3.54,,0.04,14.74,17.5,18.96
5/10/25个金属心形气球套装，5英寸（12厘米）蛋糕装饰，派对装饰，中心摆件,58213680087,169417706758,BR,2026-07-04,2026-07-04,派对用品,气球,,https://cf.shopee.com.br/file/br-11134207-820lv-mq7tnsxtv2mb65,http://shopee.com.br/product/1800875490/58213680087,-9.14,2.35,,0.04,14.64,20.68,25.4
K-Pop 战士主题派对标牌套装 + 中心装饰品 - （DIY）,58256249939,238810744191,BR,2026-03-05,2026-07-27,派对用品,其他的,,https://cf.shopee.com.br/file/br-11134207-820me-mo9ujl5aahafe0,http://shopee.com.br/product/531761826/58256249939,-4.83,5.52,3.02,6.35,5.43,3.42,4.14
太阳能水晶球串灯，防水LED泡泡灯，适用于花园、庭院和派对装饰,46963270640,311147981578,PH,2026-07-02,2026-07-02,灯具,太阳能灯,太阳能装饰灯,https://cf.shopee.ph/file/ph-11134207-820lg-mq1lsbm4xc7j74,http://shopee.ph/product/1871249164/46963270640,-7.48,2.79,,0.04,2.62,3.33,3.86
水晶LED台灯，触控式，无线设计，USB充电，3种灯光颜色,22399430859,219624773375,BR,2026-03-20,2026-07-27,灯具,室内移动照明,台灯/落地灯/夹子灯/学习灯/小夜灯,https://cf.shopee.com.br/file/sg-11134201-825b0-mr5mo09qnpqkf7,http://shopee.com.br/product/1771240822/22399430859,-44.91,6.08,2.7,24.57,58.72,55.5,69.69
5米RGB LED灯带，带遥控器 – 彩色、暖白、冷白光，16种颜色，12V套装（不含电源适配器，含电源适配器）家居装饰店,58206119296,169418176854,BR,2026-03-03,2026-07-18,灯具,装饰氛围灯,灯串/灯带/窗帘灯/装饰灯/舞台灯,https://cf.shopee.com.br/file/br-11134207-820lo-mqt6tny0x2pu9e,http://shopee.com.br/product/388868800/58206119296,-58.27,3.36,1.11,2.63,3.68,0.83,2.43
3D LED数字装饰灯，电池供电，白色，16厘米/21厘米/22厘米,22894244215,209623915720,BR,2025-07-22,2026-07-07,派对用品,其他的,,https://cf.shopee.com.br/file/br-11134207-820me-mqdk630wqz289f,http://shopee.com.br/product/424781291/22894244215,-2.13,5.91,5.05,6.61,9.98,6.42,13.43
【大号】超级英雄气球，儿童生日装饰,22272980890,401221841813,VN,2023-07-07,2026-07-17,派对用品,气球,,https://cf.shopee.vn/file/vn-11134207-81ztc-mm1mplxp6fbjfb,http://shopee.vn/product/807475139/22272980890,-5.3,0.61,0.56,1.59,2.66,2.42,3.56
【500张装】防溢纸，适用于咖啡、奶茶和外带饮品 - 防漏奶茶杯内衬纸,42359572138,446171936462,VN,2025-07-23,2026-07-07,派对用品,一次性餐具,,https://cf.shopee.vn/file/vn-11134207-81ztc-mracj53ixa8115,http://shopee.vn/product/417835872/42359572138,-7.62,1.71,0.25,3.68,20.12,21.42,31.43
亚克力礼品管 13厘米 - 用于装饰、儿童派对、调料罐 - 10个、20个、30个、40个和50个装,22294882115,238810873916,BR,2026-02-24,2026-07-29,派对用品,其他的,,https://cf.shopee.com.br/file/sg-11134201-825b0-mr7v30w1o3cy8e,http://shopee.com.br/product/820641225/22294882115,-14.79,3.41,0.96,,8.82,,35.29
个性化蝴蝶花园粉色礼品盒套装,20699680615,228809959522,BR,2025-04-12,2026-08-03,派对用品,其他的,,https://cf.shopee.com.br/file/br-11134207-820l9-mrf6e0l0cq9w2d,http://shopee.com.br/product/517029048/20699680615,-5.21,4.96,2.42,4.26,5.75,4.08,4.69
10/20/30/40/50个装骨头形状PET塑料管，带塑料盖，适合装派对小礼物，售价28雷亚尔，也可作糖果罐，适合儿童派对,22498223587,366308317492,BR,2025-02-20,2026-08-01,派对用品,其他的,,https://cf.shopee.com.br/file/br-11134207-820l6-mrd2zvcy35dy40,http://shopee.com.br/product/973078096/22498223587,-17.28,2.55,12.86,12.18,16.36,14.33,16.5
派对道具：歪牙💥曼谷现货，可立即发货💥滑稽的牙齿，马脸牙。,29368605468,366141656920,TH,2024-11-25,2026-07-01,派对用品,派对帽和面具,,https://cf.shopee.co.th/file/th-11134207-81ztk-mq4nb60d3u2ze5,http://shopee.co.th/product/92353442/29368605468,0.05,0.36,3.06,25.18,8.62,0.91,4.34
5/10/25个心形气球套装，10英寸（22厘米），适用于派对装饰、生日，多种颜色可选,58263700091,239446909752,BR,2026-07-04,2026-07-22,派对用品,气球,,https://cf.shopee.com.br/file/br-11134207-820m6-mq98lwuj51xc7b,http://shopee.com.br/product/1800875490/58263700091,-9.19,2.75,,0.04,22.93,17.15,25.37
【每包25个】一次性勺子/叉子/勺叉餐具，可重复使用勺子 kutsara 勺子和叉子,52863620552,321222574578,PH,2026-07-08,2026-07-17,派对用品,一次性餐具,,https://cf.shopee.ph/file/ph-11134207-820lc-mqen7raowfsw7d,http://shopee.ph/product/1302321365/52863620552,-15.83,0.64,,,6.83,7.0,10.33
300000W 太阳能室内灯 LED太阳能吸顶灯 防水带遥控器,28632637994,356291413105,PH,2025-04-09,2026-07-29,灯具,太阳能灯,太阳能吸顶灯/高棚灯,https://cf.shopee.ph/file/ph-11134207-820li-mr8guy9ecetc24,http://shopee.ph/product/1333030439/28632637994,16.05,8.16,7.46,9.16,7.68,4.5,17.07
买一送一！户外防水IP67 150000W太阳能泛光灯LED灯带遥控器,27084731745,326243600250,PH,2025-04-24,2026-07-21,灯具,太阳能灯,太阳能投光灯,https://cf.shopee.ph/file/ph-11134207-820l6-mq4iav72f8qp92,http://shopee.ph/product/704726832/27084731745,6.71,6.27,43.31,19.74,42.08,50.17,84.74
网纱薄纱横幅套装，可悬挂装饰，适用于户外生日派对，韩式风格拍照背景 - Miu Party,56456843607,406247715977,VN,2026-03-06,2026-07-22,派对用品,背景幕布和横幅,,https://cf.shopee.vn/file/vn-11134207-81ztc-mqy8agfkod1d73,http://shopee.vn/product/807475139/56456843607,9.34,5.14,3.66,2.12,5.12,3.07,9.87
6号麻绳，1公斤装，Sovereign或Eco Brazil品牌,20211783186,129841393431,BR,2022-06-15,2026-07-31,其他,,,https://cf.shopee.com.br/file/br-11134207-820md-mrbmheo5brb9fb,http://shopee.com.br/product/627581347/20211783186,-6.43,7.49,4.84,5.02,8.77,3.25,17.43
30串红星旗帜风车装饰（10米）适用于9月2日咖啡馆和商店的户外装饰,41811479002,441252801772,VN,2025-08-04,2026-07-22,派对用品,背景幕布和横幅,,https://cf.shopee.vn/file/vn-11134207-81ztc-mr0640unlij0e3,http://shopee.vn/product/1399575144/41811479002,-3.92,2.13,0.07,0.04,2.84,2.0,8.5
装饰横幅/横幅“生日快乐” | 我们可以制作任何主题。,58261167476,199623829032,BR,2026-05-22,2026-07-04,派对用品,腰带,,https://cf.shopee.com.br/file/br-11134207-820mb-mq8ayk8kj1tt4b,http://shopee.com.br/product/540759411/58261167476,-0.62,3.75,0.07,10.26,21.21,16.33,29.43
适用于 50x50 结构的迷你面板罩，专为桌面派对定制 - 蜘蛛侠,51063502440,228312717555,BR,2026-07-06,2026-07-06,派对用品,背景幕布和横幅,,https://cf.shopee.com.br/file/sg-11134201-82583-mqc0gqztrqiq20,http://shopee.com.br/product/655360808/51063502440,-20.42,2.95,,,3.46,4.14,8.29
TBF 2026年独立日海报 | 高级PVC防水教育海报 | 马来西亚爱国主义墙饰,28488329751,341206422428,MY,2025-07-04,2026-07-14,派对用品,背景幕布和横幅,,https://cf.shopee.com.my/file/my-11134207-820l5-mqn1kztov3lu28,http://shopee.com.my/product/344284946/28488329751,-1.12,1.58,,0.02,3.25,4.15,8.94
[SIRIM] Ginic® LED筒灯 | 4英寸/6英寸/8英寸 | 12瓦/18瓦/24瓦 | 嵌入式LED吸顶灯,20479647018,331273424756,MY,2023-05-10,2026-07-25,灯具,室内固定照明-天花板灯,吊灯/吸顶灯/面板灯/风扇灯,https://cf.shopee.com.my/file/my-11134207-820l5-mrfjayju3a4hb0,http://shopee.com.my/product/62599503/20479647018,-3.84,3.3,3.15,4.48,3.74,3.75,4.98
🎉派对音乐会婚礼圣诞节装饰发光LED眼镜玩具礼品夜光眼镜,44211973311,406219764566,MY,2025-08-08,2026-07-17,派对用品,派对帽和面具,,https://cf.shopee.com.my/file/my-11134207-820l9-mqr3a1jt9wxt4a,http://shopee.com.my/product/879192182/44211973311,4.07,2.54,5.62,3.03,3.11,2.08,4.26
32厘米气球支架套装 - 10/20/50/100个装,10118353984,302787270148,BR,2021-07-15,2026-07-16,派对用品,背景幕布和横幅,,https://cf.shopee.com.br/file/br-11134207-820m7-mqp71cwe57nmf6,http://shopee.com.br/product/404937529/10118353984,-21.39,2.72,0.05,0.11,4.57,7.08,7.21
金色迷你一次性塑料叉勺套装，适用于派对、布丁、冰淇淋和开胃菜。,58263358216,199623599268,BR,2026-06-29,2026-06-29,派对用品,一次性餐具,,https://cf.shopee.com.br/file/br-11134207-820m9-mq1ez1fn9zpf2c,http://shopee.com.br/product/1761634886/58263358216,-8.97,8.5,,0.04,3.0,3.67,4.0
罗马帘罩，纯色，派对、生日装饰，弹性面料，易于安装，2x1米,56106280014,416173385028,BR,2026-02-18,2026-07-07,派对用品,背景幕布和横幅,,https://cf.shopee.com.br/file/br-11134207-820lh-mpi198bp6bcw2f,http://shopee.com.br/product/823626901/56106280014,2.78,7.89,4.09,6.15,8.32,5.75,8.43
5/10 E27 灯座瓷质吸顶灯套装 100W 圆形 白色/黑色吸顶灯具,48763149155,416138097573,BR,2026-07-01,2026-07-01,灯具,灯具配件,灯带配件/控制器,https://cf.shopee.com.br/file/br-11134207-820lv-mqhn8nhyiosj9c,http://shopee.com.br/product/442506479/48763149155,-44.17,6.36,,,3.07,3.33,6.07
GeeParty 30*30cm DIY A-Z字母透明气球盒 性别揭晓派对 新娘送礼会 男孩女孩生日派对装饰背景气球,19033772689,59606563029,MY,2022-08-12,2026-06-29,派对用品,其他的,,https://cf.shopee.com.my/file/cn-11134207-820l4-mo0v9dbf69dtae,http://shopee.com.my/product/833679123/19033772689,-0.01,1.58,1.98,2.43,5.13,2.75,6.09
LED折叠金属台灯夹式长臂调光台灯可调节,44302307016,206412097434,PH,2025-05-27,2026-07-15,灯具,室内移动照明,台灯/落地灯/夹子灯/学习灯/小夜灯,https://cf.shopee.ph/file/ph-11134207-820l4-mqo5fskgor9f70,http://shopee.ph/product/1005073474/44302307016,37.51,13.06,3.82,3.39,3.57,2.5,5.29
5/10/25个心形气球套装，10英寸（22厘米），适用于派对装饰、生日，多种颜色可选,58263700091,239446909765,BR,2026-07-04,2026-07-22,派对用品,气球,,https://cf.shopee.com.br/file/br-11134207-820lu-mq98lwuiv7y8ce,http://shopee.com.br/product/1800875490/58263700091,-7.6,3.34,,0.04,22.93,17.15,25.37
【每包25个】一次性勺子/叉子/勺叉餐具，可重复使用勺子 kutsara 勺子和叉子,52863620552,321222574579,PH,2026-07-08,2026-07-17,派对用品,一次性餐具,,https://cf.shopee.ph/file/ph-11134207-820lc-mqen7raowfsw7d,http://shopee.ph/product/1302321365/52863620552,-13.1,1.29,,,6.83,7.0,10.33
带盖铰链式酱料杯，可微波加热，容量可选1/2/3/4盎司，环保型，一次性使用。,52313497005,326168542084,PH,2026-07-06,2026-07-06,派对用品,一次性餐具,,https://cf.shopee.ph/file/ph-11134207-820le-mqbz2vmq2z2mef,http://shopee.ph/product/1879419413/52313497005,-12.55,1.39,,,2.87,0.71,9.19
10/20/30 和 50 个亚克力管套装，8 厘米，适用于派对礼品。,58264665951,229446890834,BR,2026-07-21,2026-07-21,派对用品,其他的,,https://cf.shopee.com.br/file/br-11134207-820m0-mqwnnv8hyfidf0,http://shopee.com.br/product/1690147505/58264665951,-18.3,2.35,,,9.93,8.5,31.8
5个个性化派对礼品箱/手提袋，适用于各种主题，儿童生日派对，可作背包/午餐盒,23697976593,159793464250,BR,2024-10-18,2026-07-09,派对用品,其他的,,https://cf.shopee.com.br/file/br-11134207-7r98o-m1hma698od1k88,http://shopee.com.br/product/345657812/23697976593,31.43,13.49,1.14,1.39,2.21,1.0,2.14
Agar.Shop 闪亮生日快乐女孩派对绶带，带别针，生日女王绶带,20083794550,386147956127,PH,2023-09-05,2026-07-02,派对用品,腰带,,https://cf.shopee.ph/file/ph-11134207-820le-mq630eyibbb635,http://shopee.ph/product/35340243/20083794550,-3.06,0.64,2.38,2.36,2.4,2.66,2.9
【SpendWithJoy】马来西亚国旗 马来西亚州旗 独立日旗帜 促销 2x4英尺 3x6英尺 2x8英尺,25495381063,366319130897,MY,2025-05-31,2026-08-04,派对用品,背景幕布和横幅,,https://cf.shopee.com.my/file/sg-11134201-82587-mrh5qeq67cav26,http://shopee.com.my/product/401702825/25495381063,-3.71,0.93,,0.01,4.0,3.58,9.24
[SIRIM] Ginic® LED筒灯 | 4英寸/6英寸/8英寸 | 12瓦/18瓦/24瓦 | 嵌入式LED吸顶灯,20479647018,331273424754,MY,2023-05-10,2026-07-25,灯具,室内固定照明-天花板灯,吊灯/吸顶灯/面板灯/风扇灯,https://cf.shopee.com.my/file/my-11134207-820l5-mrfjayju3a4hb0,http://shopee.com.my/product/62599503/20479647018,-3.81,3.3,3.15,4.48,3.74,3.75,4.98
5/10/25个心形气球套装，10英寸（22厘米），适用于派对装饰、生日，多种颜色可选,58263700091,239446909732,BR,2026-07-04,2026-07-22,派对用品,气球,,https://cf.shopee.com.br/file/br-11134207-820lq-mq98lwuj3ncw7c,http://shopee.com.br/product/1800875490/58263700091,-8.97,3.34,,0.04,22.93,17.15,25.37
50/100/200/300/400个迷你衣夹/迷你木制衣夹照片展示套装,58207255113,219192263426,BR,2026-03-20,2026-07-24,派对用品,木制夹子,,https://cf.shopee.com.br/file/br-11134201-820lo-mqylac8v4f0k48,http://shopee.com.br/product/419088855/58207255113,-15.4,2.03,0.68,1.02,9.79,9.25,28.96
20/40/50/60/80厘米超薄LED橱柜感应灯，3种颜色，2种模式，可充电，BOMSTORE,58263644804,149793377558,BR,2026-07-04,2026-07-04,灯具,室内移动照明,感应灯/磁吸灯/粘贴灯/橱柜灯/衣柜灯/走廊灯,https://cf.shopee.com.br/file/sg-11134201-825aw-mq7yeazuyku996,http://shopee.com.br/product/1374288201/58263644804,-10.77,6.13,,,3.46,3.17,5.14
太阳能射灯，带 8 个 LED 灯，适用于花园装饰，AAATOP 品牌，银色。,58213414754,209191192610,BR,2026-06-30,2026-06-30,灯具,太阳能灯,太阳能装饰灯,https://cf.shopee.com.br/file/sg-11134201-8258t-mq3fs5wg1mgwe6,http://shopee.com.br/product/1809924752/58213414754,-37.48,7.71,,0.11,4.34,4.08,8.57
V2 为各种电商海报广告图片定制设计 **任何风格**,44181886157,149369650631,PH,2026-06-21,2026-07-28,其他,,,https://cf.shopee.ph/file/ph-11134207-820lg-mr7675fw1qfa80,http://shopee.ph/product/1786660399/44181886157,3.95,4.88,,1.33,6.82,0.17,15.57
粉色系兔子和猫咪生日气球组合，适合女孩 - 家居派对装饰气球套装,26562141868,292766322388,VN,2024-09-23,2026-07-08,派对用品,气球,,https://cf.shopee.vn/file/vn-11134207-7ras8-m0igtw7q5imn4f,http://shopee.vn/product/203500372/26562141868,10.79,4.98,5.7,6.35,7.84,9.42,9.54
定制Logo糖果 | 客户礼品 | 企业赠品,22993482564,421263816083,BR,2024-10-21,2026-07-24,派对用品,牌,,https://cf.shopee.com.br/file/br-11134207-820lz-mr0c3xilep6s47,http://shopee.com.br/product/390805742/22993482564,32.94,11.27,1.89,1.15,3.11,3.5,4.57
桌面派对背景幕布 - 父亲节快乐 - 升华印花面料，带松紧带包边 - 50x50厘米,58213591286,199191329161,BR,2026-07-03,2026-07-03,派对用品,背景幕布和横幅,,https://cf.shopee.com.br/file/br-11134207-820lh-mq6jshymipkxc9,http://shopee.com.br/product/1842471611/58213591286,-14.7,3.85,,,3.61,1.33,12.43
饮品菜单标牌套装 #1。适用于商店和咖啡馆的海报标牌，各种尺寸，覆膜。,41473796874,431204523856,TH,2025-10-12,2026-07-14,派对用品,背景幕布和横幅,,https://cf.shopee.co.th/file/th-11134207-81zto-mqmhyq7az9c231,http://shopee.co.th/product/28701341/41473796874,1.54,2.37,11.0,20.42,11.99,9.8,13.1
50个装镀铬金属气球，10英寸 - 派对和生日装饰,18198334515,199623808586,BR,2025-08-25,2026-07-03,派对用品,气球,,https://cf.shopee.com.br/file/sg-11134201-825au-mq7ssndnt7v280,http://shopee.com.br/product/384412325/18198334515,-8.06,3.56,0.62,1.36,6.96,5.08,6.12
【500张装】防溢纸，适用于咖啡、奶茶和外带饮品 - 防漏奶茶杯内衬纸,42359572138,446171936464,VN,2025-07-23,2026-07-07,派对用品,一次性餐具,,https://cf.shopee.vn/file/vn-11134207-81ztc-mracj53ixa8115,http://shopee.vn/product/417835872/42359572138,-4.97,2.85,0.25,3.68,20.12,21.42,31.43
V2 为各种电商海报广告图片定制设计 **任何风格**,44181886157,138480383081,PH,2026-06-21,2026-07-28,其他,,,https://cf.shopee.ph/file/ph-11134207-820lg-mr7675fw1qfa80,http://shopee.ph/product/1786660399/44181886157,4.14,4.88,,1.33,6.82,0.17,15.57
自动感应LED灯带，3种颜色，USB充电，自带背胶，安装简便，非常适合衣柜、厨房和卧室使用。,49660742190,346265445348,TH,2026-05-18,2026-07-24,灯具,装饰氛围灯,灯串/灯带/窗帘灯/装饰灯/舞台灯,https://cf.shopee.co.th/file/th-11134207-81ztf-mr11lqbykop8c6,http://shopee.co.th/product/1684561845/49660742190,-3.72,2.7,,0.19,4.24,5.08,7.94
太阳能栀子花灯，户外防水LED景观灯，适用于圣诞节、草坪、万圣节、墓地等场合。,25688176939,346230412174,PH,2024-11-10,2026-07-19,灯具,太阳能灯,太阳能装饰灯,https://cf.shopee.ph/file/cn-11134207-820l4-mqued487e1vka9,http://shopee.ph/product/1090679263/25688176939,6.54,4.33,14.95,25.74,14.32,13.26,14.32
3D 5x5 AI吉祥物贴花，可个性化定制，适用于亚克力盒和锡制派对礼品。,58209148644,159793394915,BR,2026-04-18,2026-07-06,派对用品,其他的,,https://cf.shopee.com.br/file/br-11134201-820ln-mqyinwy7cr9i37,http://shopee.com.br/product/366286506/58209148644,-14.41,3.46,0.82,2.13,3.83,3.33,3.86
两盏15瓦LED蚊帐灯，220伏或110伏,28291604254,351132328771,BR,2025-09-17,2026-06-29,灯具,功能灯,功能灯,https://cf.shopee.com.br/file/br-11134207-820m3-mq1tihw9oagz95,http://shopee.com.br/product/630468467/28291604254,-31.85,8.89,0.18,0.78,4.5,1.17,15.14
一次性水晶甜点叉（50支装）,49863240601,446144463542,BR,2026-07-02,2026-07-02,派对用品,一次性餐具,,https://cf.shopee.com.br/file/br-11134207-820lw-mpsq35zl0ge8a9,http://shopee.com.br/product/1157402308/49863240601,-38.71,2.12,,0.11,2.84,1.83,7.64
[SIRIM] Ginic® LED筒灯 | 4英寸/6英寸/8英寸 | 12瓦/18瓦/24瓦 | 嵌入式LED吸顶灯,20479647018,331273424755,MY,2023-05-10,2026-07-25,灯具,室内固定照明-天花板灯,吊灯/吸顶灯/面板灯/风扇灯,https://cf.shopee.com.my/file/my-11134207-820l5-mrfjayju3a4hb0,http://shopee.com.my/product/62599503/20479647018,-3.91,3.3,3.15,4.48,3.74,3.75,4.98
木制展示架，可用于展示香水、化妆品、珠宝、糖果和派对装饰品,23599552882,149793388655,BR,2026-07-05,2026-07-05,派对用品,其他的,,https://cf.shopee.com.br/file/br-11134207-820mb-mqabvaosgcn768,http://shopee.com.br/product/225023451/23599552882,6.38,7.89,,,4.38,5.33,7.64
5/10/25个金属心形气球套装，5英寸（12厘米）蛋糕装饰，派对装饰，中心摆件,58213680087,169729151270,BR,2026-07-04,2026-07-04,派对用品,气球,,https://cf.shopee.com.br/file/br-11134207-820l7-mq80sml1c0she9,http://shopee.com.br/product/1800875490/58213680087,-11.18,2.35,,0.04,14.64,20.68,25.4
微波炉适用一次性塑料容器 | 500/650/750/1000毫升，黑色和透明【10个/30个装】,48613937679,371202307974,PH,2026-07-13,2026-07-13,派对用品,一次性餐具,,https://cf.shopee.ph/file/ph-11134207-820lf-mpho9t3yq68d78,http://shopee.ph/product/1834102620/48613937679,-12.91,1.31,,,2.01,1.25,5.69
5/10/20/50 个 24 英寸（60 厘米）水晶泡泡气球套装，适用于派对和活动装饰,58214118463,199191665996,BR,2026-07-13,2026-07-13,派对用品,气球,,https://cf.shopee.com.br/file/br-11134207-820lq-mqkwg1lteeww69,http://shopee.com.br/product/481485318/58214118463,4.31,5.73,,,7.18,10.83,16.71
60W/50W LED应急灯，双电压 - 无电可持续照明6小时，便携式，可充电,58263614242,229445851005,BR,2026-07-03,2026-07-03,灯具,户外出行灯,头灯/手电筒/电棒灯/便携灯/露营灯/应急灯,https://cf.shopee.com.br/file/br-11134207-820lh-mq7agtseoi6967,http://shopee.com.br/product/1580145778/58263614242,-38.49,7.31,,0.04,3.38,1.17,3.71
10/20/30 和 50 个亚克力管套装，8 厘米，适用于派对礼品。,58264665951,219192084842,BR,2026-07-21,2026-07-21,派对用品,其他的,,https://cf.shopee.com.br/file/br-11134207-820mb-mqwnnv8hx0xx4c,http://shopee.com.br/product/1690147505/58264665951,-5.59,4.99,,,9.93,8.5,31.8
20/40/50/60/80厘米超薄LED橱柜感应灯，3种颜色，2种模式，可充电，BOMSTORE,58263644804,149793377557,BR,2026-07-04,2026-07-04,灯具,室内移动照明,感应灯/磁吸灯/粘贴灯/橱柜灯/衣柜灯/走廊灯,https://cf.shopee.com.br/file/sg-11134201-82593-mq7yeb1f3w1s88,http://shopee.com.br/product/1374288201/58263644804,-21.07,4.35,,,3.46,3.17,5.14
AIMO 半圆形 LED 灯管，白光，1.2米/0.6米 – 40瓦/60瓦/80瓦 – 美观节能,44504986053,411296918606,VN,2026-01-20,2026-07-30,灯具,灯泡/灯管,灯泡/灯管,https://cf.shopee.vn/file/vn-11134207-81ztc-mr9uis3higas8c,http://shopee.vn/product/1612092813/44504986053,13.45,8.6,6.73,13.0,11.64,8.14,8.36
自动感应LED灯带，3种颜色，USB充电，自带背胶，安装简便，非常适合衣柜、厨房和卧室使用。,49660742190,346265445347,TH,2026-05-18,2026-07-24,灯具,装饰氛围灯,灯串/灯带/窗帘灯/装饰灯/舞台灯,https://cf.shopee.co.th/file/th-11134207-81ztk-mr11md1y9ekn61,http://shopee.co.th/product/1684561845/49660742190,4.33,4.92,,0.19,4.24,5.08,7.94
带盖铰链式酱料杯，可微波加热，容量可选1/2/3/4盎司，环保型，一次性使用。,52313497005,326168542085,PH,2026-07-06,2026-07-06,派对用品,一次性餐具,,https://cf.shopee.ph/file/ph-11134207-820le-mqbz2vmq2z2mef,http://shopee.ph/product/1879419413/52313497005,-6.38,2.69,,,2.87,0.71,9.19
饮品菜单标牌套装#1（带白色圆圈）。适用于商店和咖啡馆的覆膜海报标牌。,53906550819,326204559377,TH,2026-02-28,2026-07-14,派对用品,背景幕布和横幅,,https://cf.shopee.co.th/file/th-11134207-81ztl-mqmiumb9kao09a,http://shopee.co.th/product/28701341/53906550819,1.64,2.37,3.83,8.56,5.57,4.07,5.51
迷你纽扣电池串灯，铜线微型LED灯串，适用于礼盒、蛋糕等DIY工艺品,50364765237,426268377253,PH,2026-07-24,2026-07-24,灯具,装饰氛围灯,灯串/灯带/窗帘灯/装饰灯/舞台灯,https://cf.shopee.ph/file/ph-11134207-820ld-mr1fttigpt6s5e,http://shopee.ph/product/1888842298/50364765237,-9.48,0.16,,,2.25,,9.0
1 x 2 Meter Rain Foil Curtain for Party Wall Decoration Backdrops Banners Hiasan Belon Tirai Hiasan Dinding 派对布置背景 背景设计,40132116718,311130195500,MY,2026-06-29,2026-06-29,派对用品,背景幕布和横幅,,https://cf.shopee.com.my/file/my-11134207-820lh-mq1kukrd13bg83,http://shopee.com.my/product/1063909647/40132116718,-1.63,0.48,,0.19,4.47,2.9,7.78
自动感应LED灯带，3种颜色，USB充电，自带背胶，安装简便，非常适合衣柜、厨房和卧室使用。,49660742190,346265445349,TH,2026-05-18,2026-07-24,灯具,装饰氛围灯,灯串/灯带/窗帘灯/装饰灯/舞台灯,https://cf.shopee.co.th/file/th-11134207-81ztf-mr11lqbykop8c6,http://shopee.co.th/product/1684561845/49660742190,-2.26,3.12,,0.19,4.24,5.08,7.94
浅粉色和香槟色豪华气球套装，108 个 LL-1588。适用于主题派对和特殊庆典的多功能装饰。,58263771428,109874685211,BR,2026-07-07,2026-07-20,派对用品,气球,,https://cf.shopee.com.br/file/br-11134207-820m8-mqvywsrg6w3r6e,http://shopee.com.br/product/1692493049/58263771428,12.49,7.61,,,4.89,5.67,10.86
星空投影仪 5/10/12/17 件套，星空投影灯，360° 旋转，图案可变，USB 接口。,49713185292,311141394687,TH,2026-07-01,2026-07-01,灯具,装饰氛围灯,灯串/灯带/窗帘灯/装饰灯/舞台灯,https://cf.shopee.co.th/file/sg-11134201-82587-mq4ijoq4oow25c,http://shopee.co.th/product/1571488104/49713185292,-0.19,3.87,,0.04,2.55,2.08,3.0
触摸式LED台灯，无线，便携，可调光，3种颜色,54863572802,346175271417,BR,2026-07-08,2026-07-08,灯具,室内移动照明,台灯/落地灯/夹子灯/学习灯/小夜灯,https://cf.shopee.com.br/file/sg-11134201-8259v-mqdweqkb8mpt2e,http://shopee.com.br/product/1200897082/54863572802,-39.95,6.96,,,3.21,4.5,6.57
金属心形气球，蓝色，24厘米，爸爸，我爱你，父亲节快乐，我的英雄，生日装饰,23499518176,228808335511,BR,2026-07-07,2026-07-07,派对用品,气球,,https://cf.shopee.com.br/file/sg-11134201-8258s-mqc8br4u77k2ad,http://shopee.com.br/product/1760775189/23499518176,-14.96,1.78,,,11.83,13.0,29.02
50-400个巴西巧克力小汽车模具，4瓣花瓣，儿童派对生日蛋糕，尺寸3.5x3.5x2.5英寸，大型专业款,7753835605,446289982113,BR,2020-09-22,2026-07-29,派对用品,其他的,,https://cf.shopee.com.br/file/br-11134207-820lx-mr85la0t6vwne9,http://shopee.com.br/product/290461822/7753835605,-14.0,3.36,0.54,0.59,2.89,3.0,7.0
定制横幅 80x120厘米 - 照片分辨率,58212179690,199623623981,BR,2026-06-10,2026-06-30,派对用品,背景幕布和横幅,,https://cf.shopee.com.br/file/br-11134207-820mb-mq2b9gylrs3m32,http://shopee.com.br/product/1638927302/58212179690,-7.9,5.34,,0.15,6.11,7.75,14.93
50-400 个侏罗纪恐龙宝宝纸杯蛋糕衬垫，4 片花瓣，个性化派对礼品，生日礼品，巴西巧克力软糖球 (Brigadeiros)。,4654231702,346269624877,BR,2020-09-24,2026-07-24,派对用品,其他的,,https://cf.shopee.com.br/file/br-11134207-820lb-mr1mm1t7kbuv2b,http://shopee.com.br/product/290461822/4654231702,-20.34,2.17,0.89,0.81,3.75,4.67,8.57
5/10/20/50 个 24 英寸（60 厘米）水晶泡泡气球套装，适用于派对和活动装饰,58214118463,199191665990,BR,2026-07-13,2026-07-13,派对用品,气球,,https://cf.shopee.com.br/file/br-11134207-820lw-mqkwg1ltfthcc2,http://shopee.com.br/product/481485318/58214118463,3.17,5.14,,,7.18,10.83,16.71
[10/20个装] 1/2/3米 LED灯串 派对装饰灯 防水户外灯串 节日装饰,53110546773,431242485620,PH,2026-05-15,2026-07-21,灯具,装饰氛围灯,灯串/灯带/窗帘灯/装饰灯/舞台灯,https://cf.shopee.ph/file/sg-11134201-822z4-mo9diajrqarp33,http://shopee.ph/product/1516873881/53110546773,-8.22,2.74,0.13,0.17,6.19,2.89,5.48
东姑阿都拉曼旗帜 / 独立日装饰 / 学校独立日装饰 / 国庆日 / 历史 / 爱国主义 BBM,52662740832,331126486110,MY,2026-06-24,2026-06-28,派对用品,背景幕布和横幅,,https://cf.shopee.com.my/file/sg-11134201-824g5-mpux5gn0z6kr29,http://shopee.com.my/product/1075588944/52662740832,8.67,4.13,,0.15,6.51,7.92,14.1
COB LED灯条，3000K、4000K、6000K，5米，8毫米，320颗LED灯珠，12V，IP20，适用于型材。,58264755929,149793845383,BR,2026-07-22,2026-07-22,灯具,装饰氛围灯,灯串/灯带/窗帘灯/装饰灯/舞台灯,https://cf.shopee.com.br/file/br-11134207-820ma-mqy8a7kqmcqvdd,http://shopee.com.br/product/1726837783/58264755929,-41.95,6.5,,,2.12,3.67,5.36
100条一次性防水纸质腕带，彩色手环，身份识别腕带，适用于派对、活动,44703596369,366301783946,MY,2025-12-24,2026-07-31,派对用品,其他的,,https://cf.shopee.com.my/file/my-11134207-820ld-mrba7d8xnawx8b,http://shopee.com.my/product/1529285799/44703596369,14.92,5.43,3.5,3.07,3.99,2.25,5.71
父亲节派对背景幕布套，圆形背景幕布，圆形派对背景幕布，升华印花面料,58214621187,219624491425,BR,2026-07-20,2026-07-20,派对用品,背景幕布和横幅,,https://cf.shopee.com.br/file/br-11134207-820m7-mqgkz3r57x1e16,http://shopee.com.br/product/283126794/58214621187,-22.53,3.95,,,6.25,2.5,22.86
TBF 2026年独立日海报 | 高级PVC防水教育海报 | 马来西亚爱国主义墙饰,28488329751,341206422406,MY,2025-07-04,2026-07-14,派对用品,背景幕布和横幅,,https://cf.shopee.com.my/file/my-11134207-820l9-mqn1kc6w37d772,http://shopee.com.my/product/344284946/28488329751,-1.12,1.58,,0.02,3.25,4.15,8.94
太阳能射灯，带 8 个 LED 灯，适用于花园装饰，AAATOP 品牌，银色。,58213414754,209191192608,BR,2026-06-30,2026-06-30,灯具,太阳能灯,太阳能装饰灯,https://cf.shopee.com.br/file/sg-11134201-82594-mq3fs62knlds78,http://shopee.com.br/product/1809924752/58213414754,-57.53,3.16,,0.11,4.34,4.08,8.57
韩版潮流横幅气球套装，男女童皆宜 - 新款设计 - Miu Party,51311776698,381134495868,VN,2026-06-06,2026-06-30,派对用品,气球,,https://cf.shopee.vn/file/vn-11134207-81ztc-mq2v8muz7ksh5c,http://shopee.vn/product/807475139/51311776698,12.79,5.52,,6.36,27.86,30.76,32.9
5个封装气球套装 - 1个18英寸泡泡气球 + 1个16英寸气球,22594819679,149793399089,BR,2026-01-15,2026-07-06,派对用品,气球,,https://cf.shopee.com.br/file/br-11134207-820mh-mqax79icsyyqd6,http://shopee.com.br/product/1032217049/22594819679,3.85,5.12,9.52,15.85,44.42,40.83,54.95
【批量购买可享折扣】1厘米宽，1.9米长的仿毛皮绳，用于制作中秋节灯笼。,45557684585,406166048458,VN,2026-03-25,2026-07-06,其他,,,https://cf.shopee.vn/file/vn-11134207-81ztc-mqbia9lm54i60a,http://shopee.vn/product/602502085/45557684585,-11.17,0.35,0.29,2.51,4.38,5.0,5.06
【批量购买可享折扣】1厘米宽，1.9米长的仿毛皮绳，用于制作中秋节灯笼。,45557684585,307847586846,VN,2026-03-25,2026-08-04,其他,,,https://cf.shopee.vn/file/vn-11134207-81ztc-mrgwkiav1erq0a,http://shopee.vn/product/602502085/45557684585,-11.16,0.35,0.29,2.51,4.38,5.0,5.06
100个牛皮纸沙拉碗，长方形，带塑料盖，食品级一次性外卖容器,49363706688,391183536146,PH,2026-07-09,2026-07-09,派对用品,一次性餐具,,https://cf.shopee.ph/file/ph-11134207-820le-mqfz6e6w9e6med,http://shopee.ph/product/1866005083/49363706688,20.74,8.98,,,2.16,3.42,3.55
父亲节蛋糕装饰 | 爸爸生日 | 与孩子们一起,58213731559,139841237444,BR,2026-07-05,2026-07-23,派对用品,背景幕布和横幅,,https://cf.shopee.com.br/file/br-11134207-820lv-mr058v420d1g49,http://shopee.com.br/product/1877829037/58213731559,-20.8,2.87,,,5.36,6.33,15.57
一套25个心形气球，10英寸（22厘米），适用于派对装饰、生日，多种颜色可选,58213698339,209191394095,BR,2026-07-04,2026-07-04,派对用品,气球,,https://cf.shopee.com.br/file/br-11134207-820lg-mq98lwuce0w1a3,http://shopee.com.br/product/1800875490/58213698339,1.05,4.72,,,6.35,10.12,11.87
派对装饰套装：1 个蛋糕架（22 厘米）+ 3 个迷你糖果架 + 2 个甜点桌托盘。,22694662371,208850993749,BR,2025-11-10,2026-07-03,派对用品,其他的,,https://cf.shopee.com.br/file/br-11134207-820l6-mq7qlzdbk3y900,http://shopee.com.br/product/329436183/22694662371,6.03,7.89,42.86,46.96,38.38,35.72,42.0
一套20只双面3D蝴蝶，可用于墙面装饰、卧室装饰、派对装饰、生日装饰、蛋糕装饰，色彩缤纷，美观精致，适合DIY。,23098924502,421308853518,BR,2025-09-23,2026-08-02,派对用品,背景幕布和横幅,,https://cf.shopee.com.br/file/br-11134207-820mg-mn4wpotrgg0044,http://shopee.com.br/product/445215136/23098924502,-20.9,2.77,4.4,5.87,6.14,3.33,12.64
【赠送贴纸】70厘米大号乳白色生日数字气球，附赠贴纸 - 生日派对装饰,21847235779,376219977197,VN,2022-09-19,2026-07-17,派对用品,气球,,https://cf.shopee.vn/file/ca04b5f3cc7fa5d94a67066790b877e6,http://shopee.vn/product/807475139/21847235779,-5.02,0.68,8.04,12.4,11.47,7.92,12.28
V2 为各种电商海报广告图片定制设计 **任何风格**,44181886157,159369650623,PH,2026-06-21,2026-07-28,其他,,,https://cf.shopee.ph/file/ph-11134207-820lg-mr7675fw1qfa80,http://shopee.ph/product/1786660399/44181886157,4.27,4.88,,1.33,6.82,0.17,15.57
1 x 2 Meter Rain Foil Curtain for Party Wall Decoration Backdrops Banners Hiasan Belon Tirai Hiasan Dinding 派对布置背景 背景设计,40132116718,311130195502,MY,2026-06-29,2026-06-29,派对用品,背景幕布和横幅,,https://cf.shopee.com.my/file/my-11134207-820l5-mq1kuqfrtwcr26,http://shopee.com.my/product/1063909647/40132116718,-1.63,0.48,,0.19,4.47,2.9,7.78
个性化饼干模具,23194800651,307743283886,BR,2026-01-25,2026-07-01,派对用品,其他的,,https://cf.shopee.com.br/file/br-11134207-81ztc-mjwpsrv4s0zq79,http://shopee.com.br/product/513034298/23194800651,-4.55,4.94,1.88,1.93,2.54,1.5,2.57
梦幻蝴蝶花园管状贴花 | 个性化 | 派对 | 礼品 | 套装,23794247170,179729836059,BR,2025-07-24,2026-07-27,派对用品,其他的,,https://cf.shopee.com.br/file/br-11134207-820m6-mr55tmhegfes77,http://shopee.com.br/product/257645136/23794247170,-19.38,2.4,4.65,4.7,3.04,0.83,3.0
派对金属帘，装饰帘，生日派对装饰帘，1米 x 2米，带流苏和装饰丝带，多种颜色可选,48913675073,401180829154,BR,2026-07-09,2026-07-09,派对用品,背景幕布和横幅,,https://cf.shopee.com.br/file/br-11134207-820lx-mqdgo7e8zwn5f8,http://shopee.com.br/product/911966033/48913675073,-23.91,1.38,,,4.59,0.58,17.57
50个装纸杯，180毫升，彩色格子图案，多种颜色可选，适用于派对和活动，冷热饮皆宜,58257287566,209623647924,BR,2026-03-20,2026-06-30,派对用品,一次性餐具,,https://cf.shopee.com.br/file/br-11134207-820lf-mq3j8w15cyrl35,http://shopee.com.br/product/1759830683/58257287566,-20.12,5.71,0.75,4.67,8.98,7.08,9.43
买一送一！880000W LED IP68太阳能灯。亮度极高，防水，天黑后自动亮起。,40104006671,351135439703,TH,2025-06-10,2026-06-30,灯具,太阳能灯,太阳能庭院灯,https://cf.shopee.co.th/file/th-11134207-81ztj-mq32ycv22akhb1,http://shopee.co.th/product/1376073833/40104006671,39.91,14.87,2.37,2.15,2.54,2.0,2.71
100/50气球套装，适用于派对、生日、装饰和拱门 - 7英寸,49213215421,336142976155,BR,2026-07-01,2026-07-01,派对用品,气球,,https://cf.shopee.com.br/file/br-11134207-820ll-mq4x7lz6hx4ybc,http://shopee.com.br/product/369669985/49213215421,7.57,5.91,,0.04,14.74,17.5,18.96
V2 为各种电商海报广告图片定制设计 **任何风格**,44181886157,148028701249,PH,2026-06-21,2026-07-28,其他,,,https://cf.shopee.ph/file/ph-11134207-820lg-mr7675fw1qfa80,http://shopee.ph/product/1786660399/44181886157,3.93,4.88,,1.33,6.82,0.17,15.57
100个金属气球 #5，适用于派对装饰、生日、婚礼、活动、背景布置,58258533240,238809982947,BR,2026-04-10,2026-07-16,派对用品,气球,,https://cf.shopee.com.br/file/br-11134207-820le-mqozth39mn7mf6,http://shopee.com.br/product/413391209/58258533240,4.8,5.52,14.46,18.67,18.46,17.58,17.86
1 x 2 Meter Rain Foil Curtain for Party Wall Decoration Backdrops Banners Hiasan Belon Tirai Hiasan Dinding 派对布置背景 背景设计,40132116718,267738443794,MY,2026-06-29,2026-06-29,派对用品,背景幕布和横幅,,https://cf.shopee.com.my/file/my-11134207-820l9-mq1l26vd2xot18,http://shopee.com.my/product/1063909647/40132116718,-5.12,0.57,,0.19,4.47,2.9,7.78
浅粉色和香槟色豪华气球套装，108 个 LL-1588。适用于主题派对和特殊庆典的多功能装饰。,58263771428,109874685201,BR,2026-07-07,2026-07-20,派对用品,气球,,https://cf.shopee.com.br/file/br-11134207-820mb-mqw38hz2eepy14,http://shopee.com.br/product/1692493049/58263771428,11.08,7.61,,,4.89,5.67,10.86
中秋节灯笼有各种形状和设计（35-45 种不同款式），包括动物形状的纸灯笼、圆柱形纸灯笼、星形灯笼和动物形状的笼形灯笼。,21829691341,401237423118,VN,2022-07-31,2026-07-20,派对用品,其他的,,https://cf.shopee.vn/file/vn-11134207-820l4-mehvx1i63chy8f,http://shopee.vn/product/13443652/21829691341,-1.13,2.09,,0.04,3.28,5.14,8.14
父亲节蛋糕装饰 | 爸爸生日 | 与孩子们一起,58213731559,199192410206,BR,2026-07-05,2026-07-29,派对用品,背景幕布和横幅,,https://cf.shopee.com.br/file/br-11134207-820lb-mqai3emwqxhf56,http://shopee.com.br/product/1877829037/58213731559,-21.01,2.87,,,5.36,6.33,15.57
120毫升富士打火机油，方便补充,45363288469,431149290526,PH,2026-07-02,2026-07-02,其他,,,https://cf.shopee.ph/file/ph-11134207-820l5-mq6cx127gwlq0b,http://shopee.ph/product/50114206/45363288469,-4.7,2.91,,,3.04,,0.93
✔【🇹🇭现货🎁】LED水晶台灯，可调光，护眼，USB充电，婚礼和酒店的理想之选 8899 09,43451895880,396302202346,TH,2025-05-23,2026-07-31,灯具,室内移动照明,台灯/落地灯/夹子灯/学习灯/小夜灯,https://cf.shopee.co.th/file/th-11134207-81zte-mrbd2t6xgzd10c,http://shopee.co.th/product/235896386/43451895880,6.06,5.97,0.73,1.74,2.06,1.97,3.19
豆粒图案订婚标志 - 贴纸印刷 - 婚礼装饰 - 定制印刷（含免费装饰蝴蝶）,50606624612,376286313050,VN,2026-03-02,2026-07-28,派对用品,其他的,,https://cf.shopee.vn/file/vn-11134207-81ztc-mr70zvr6ilmp80,http://shopee.vn/product/1503082814/50606624612,24.34,9.06,2.08,3.47,2.85,1.83,2.14
粉色气球套装，包含数字、蝴蝶结和星星，适合女孩生日派对装饰,58214001274,239446198967,BR,2026-07-10,2026-07-10,派对用品,气球,,https://cf.shopee.com.br/file/sg-11134201-82597-mqgsbjjuz5dt37,http://shopee.com.br/product/1276615576/58214001274,0.72,5.75,,,5.36,6.17,14.71
海洋动物气球：鱼、章鱼、河豚——是可爱派对装饰的完美之选 (F),5277439691,254278049144,TH,2021-01-21,2026-07-03,派对用品,气球,,https://cf.shopee.co.th/file/sg-11134201-8259i-mqyxdf01o6iu00,http://shopee.co.th/product/54031427/5277439691,-1.79,0.63,0.12,0.45,2.43,1.89,3.26
立即发货 - 刮刮乐式婴儿派对验孕游戏，揭晓宝宝性别（男孩或女孩），尿布派对礼物,22399384693,179729695344,BR,2026-03-09,2026-07-22,派对用品,其他的,,https://cf.shopee.com.br/file/br-11134207-820lt-mqxzqtbm5d6u3c,http://shopee.com.br/product/1739808439/22399384693,25.95,11.64,8.09,7.24,8.59,8.83,14.14
格子牛奶盒派对礼品，快速发货，六月节,58211787466,179729853535,BR,2026-06-02,2026-07-27,派对用品,其他的,,https://cf.shopee.com.br/file/br-11134207-820lh-movyhn6bc16o30,http://shopee.com.br/product/410677534/58211787466,-7.02,4.72,0.04,2.76,9.59,9.0,11.43
太阳能夹灯户外照明LED灯3种模式运动传感器IP65防水夜灯庭院装饰,54756074223,446297101312,MY,2026-02-11,2026-07-30,灯具,太阳能灯,太阳能装饰灯,https://cf.shopee.com.my/file/my-11134207-820le-mr9vmqog7ojq98,http://shopee.com.my/product/528543770/54756074223,24.75,10.4,2.7,3.93,2.53,1.08,3.57
个性化礼品袋，可印姓名和年龄 - 汽车总动员麦昆主题 - 生日派对礼物 - DIY,58264123639,159793528980,BR,2026-07-13,2026-07-13,派对用品,其他的,,https://cf.shopee.com.br/file/sg-11134201-824i0-mpiqurerkvlu14,http://shopee.com.br/product/1577308592/58264123639,-2.34,8.76,,,3.21,4.5,7.43
个性化儿童礼品袋，以盖比的魔法屋为主题，可印制姓名和年龄 | 豪华派对礼品 20x15x7 厘米，女孩派对,45061397206,401264778813,BR,2026-05-30,2026-07-24,派对用品,其他的,,https://cf.shopee.com.br/file/br-11134207-820l6-mr0vjk0ruy9y68,http://shopee.com.br/product/1296036806/45061397206,10.92,8.9,,1.44,4.22,2.88,4.57
𝐋𝐢𝐥𝐢𝐚𝐧 𝐏𝐚𝐫𝐭𝐲 𝐍𝐞𝐞𝐝𝐬 Bluey主题礼品袋桌布 18英寸或2英尺 Bluey Bingo铝箔气球 partyneeds,25188052209,431259972521,PH,2024-11-07,2026-07-23,派对用品,气球,,https://cf.shopee.ph/file/ph-11134207-820le-mr025ksr0v0m92,http://shopee.ph/product/24906343/25188052209,-0.85,0.64,1.23,2.05,2.79,2.59,3.1
【超快2小时】毕业典礼开幕式精选表格 - 2026年热门精美模板,27036665416,396255308299,VN,2025-05-17,2026-07-23,派对用品,其他的,,https://cf.shopee.vn/file/vn-11134207-81ztc-mqzdub6kd6vg43,http://shopee.vn/product/223479836/27036665416,25.56,9.48,0.4,0.07,2.3,2.58,5.56
圆形装饰片，升华印花面料，1.50 x 1.50，易于安装，弹性材质，生日派对快乐,58260680452,239445899193,BR,2026-05-15,2026-07-04,派对用品,背景幕布和横幅,,https://cf.shopee.com.br/file/sg-11134201-825ao-mq92c6dwa499fd,http://shopee.com.br/product/376231278/58260680452,16.75,10.87,0.5,2.8,6.54,6.5,6.86
20/40/50/60/80厘米超薄LED橱柜感应灯，3种颜色，2种模式，可充电，BOMSTORE,58263644804,149793377555,BR,2026-07-04,2026-07-04,灯具,室内移动照明,感应灯/磁吸灯/粘贴灯/橱柜灯/衣柜灯/走廊灯,https://cf.shopee.com.br/file/sg-11134201-82580-mq7yeavwkwzy13,http://shopee.com.br/product/1374288201/58263644804,-6.0,7.11,,,3.46,3.17,5.14
父亲节装饰：窗帘、气球、心形装饰、领带、派对、庆祝活动,51963081748,396133917653,BR,2026-06-30,2026-06-30,派对用品,气球,,https://cf.shopee.com.br/file/sg-11134201-825ae-mq2r77eepdsd83,http://shopee.com.br/product/710320361/51963081748,3.17,5.93,,0.04,2.14,2.0,6.29
适用于 50x50 结构的迷你面板罩，专为桌面派对定制 - 蜘蛛侠,51063502440,216409099058,BR,2026-07-06,2026-07-06,派对用品,背景幕布和横幅,,https://cf.shopee.com.br/file/sg-11134201-8258b-mqc0glpxnt3f20,http://shopee.com.br/product/655360808/51063502440,-24.31,2.95,,,3.46,4.14,8.29
金属心形气球，蓝色，24厘米，父亲节，“爸爸，我爱你，我的英雄”，派对装饰,58213787805,229446002662,BR,2026-07-07,2026-07-07,派对用品,气球,,https://cf.shopee.com.br/file/sg-11134201-8259l-mqc8bqx87nri3d,http://shopee.com.br/product/1696392283/58213787805,-10.74,2.96,,,8.21,6.67,22.86
这款LED灯条可随音乐闪烁，拥有1600万种颜色和声音传感器，非常适合装饰电脑、办公桌或汽车。,53756333561,406243603833,VN,2026-02-23,2026-07-21,灯具,车灯&车库灯,车灯/车库灯,https://cf.shopee.vn/file/vn-11134207-81ztc-ml20kmdbllonad,http://shopee.vn/product/1703772268/53756333561,-8.04,2.74,1.64,4.3,3.11,3.5,3.57
TBF 2026年独立日海报 | 高级PVC防水教育海报 | 马来西亚爱国主义墙饰,28488329751,341206422414,MY,2025-07-04,2026-07-14,派对用品,背景幕布和横幅,,https://cf.shopee.com.my/file/my-11134207-820la-mqn1kkzkdp1dd5,http://shopee.com.my/product/344284946/28488329751,-1.12,1.58,,0.02,3.25,4.15,8.94
防水LED泛光灯 IP66 冷白光 双电压 200W 300W 400W 500W 600W,22899472217,229447390936,BR,2026-05-29,2026-07-29,灯具,室内固定照明-其他,筒灯/射灯/嵌灯/轨道灯/壁灯/镜前灯/橱窗灯,https://cf.shopee.com.br/file/br-11134207-820m8-mr7yjto3cw06f4,http://shopee.com.br/product/340084554/22899472217,-22.99,10.26,,0.44,17.7,22.5,27.07
礼盒手提箱，适用于派对礼品、外卖、午餐盒、礼物、糖果等 - 10/15/20/25/30/35/40/45 和 50 个装,58203510329,341254659680,BR,2026-01-17,2026-07-23,派对用品,其他的,,https://cf.shopee.com.br/file/sg-11134201-82621-mjlgb8c7vtvodf,http://shopee.com.br/product/407793296/58203510329,12.88,9.27,4.79,2.56,4.38,3.75,7.14
100条一次性防水纸质腕带，彩色手环，身份识别腕带，适用于派对、活动,44703596369,366301783945,MY,2025-12-24,2026-07-31,派对用品,其他的,,https://cf.shopee.com.my/file/my-11134207-820l7-mrba71jklq8442,http://shopee.com.my/product/1529285799/44703596369,6.31,3.26,3.5,3.07,3.99,2.25,5.71
一套 3 个圆形托盘（18 厘米），用于盛放糖果、派对装饰,58213649249,129657542226,BR,2026-07-04,2026-07-04,派对用品,其他的,,https://cf.shopee.com.br/file/br-11134207-820lc-mq7yqyqhibk022,http://shopee.com.br/product/1638888673/58213649249,-19.45,1.56,,0.02,8.3,8.75,17.26
5米RGB LED灯带，带遥控器 – 彩色、暖白、冷白光，16种颜色，12V套装（不含电源适配器，含电源适配器）家居装饰店,58206119296,169418176853,BR,2026-03-03,2026-07-18,灯具,装饰氛围灯,灯串/灯带/窗帘灯/装饰灯/舞台灯,https://cf.shopee.com.br/file/br-11134207-820lv-mqt6tny2d1q9c1,http://shopee.com.br/product/388868800/58206119296,-49.07,5.32,1.11,2.63,3.68,0.83,2.43
Agar.Shop 闪光生日绶带派对装饰生日绶带,12756436939,341287683614,PH,2021-12-01,2026-07-28,派对用品,腰带,,https://cf.shopee.ph/file/ph-11134207-820l7-mr7aefqszj7ob2,http://shopee.ph/product/35340243/12756436939,-3.06,0.64,7.15,9.05,9.77,8.84,12.13
自动感应LED灯带，3种颜色，USB充电，自带背胶，安装简便，非常适合衣柜、厨房和卧室使用。,49660742190,346265445350,TH,2026-05-18,2026-07-24,灯具,装饰氛围灯,灯串/灯带/窗帘灯/装饰灯/舞台灯,https://cf.shopee.co.th/file/th-11134207-81ztf-mr11m28ife9zfd,http://shopee.co.th/product/1684561845/49660742190,-0.75,3.54,,0.19,4.24,5.08,7.94
【约45-50个】白酱沙拉杯，带盖，一次性，1盎司、2.5盎司、3.5盎司，含肉汁和芥末酱,54163317057,391152597404,PH,2026-07-03,2026-07-03,派对用品,一次性餐具,,https://cf.shopee.ph/file/sg-11134201-8259t-mq7biqtv3z7kdd,http://shopee.ph/product/153389/54163317057,-13.47,1.18,,0.04,3.72,3.93,8.7
Geekpark 针形 LED 吸顶灯 三色/4500K/6000K 嵌入式吸顶灯，适用于家庭办公室,21535707705,416221475818,PH,2022-08-18,2026-07-17,灯具,室内固定照明-天花板灯,吊灯/吸顶灯/面板灯/风扇灯,https://cf.shopee.ph/file/ph-11134207-820ld-mqrdv06av40b7b,http://shopee.ph/product/281820578/21535707705,-7.04,0.85,1.33,2.6,3.65,1.54,6.52
圆形桌布“我爱我的Tet”热升华印花，带松紧带，50x50厘米,22994305661,129841257699,BR,2025-08-11,2026-07-24,派对用品,背景幕布和横幅,,https://cf.shopee.com.br/file/br-11134207-820lt-mr1pwg9bk4qud5,http://shopee.com.br/product/802916495/22994305661,-15.72,3.95,4.61,4.26,5.08,5.5,5.93
100个LED灯组合（1米/2米），故障率低,15750983869,262833471800,VN,2022-02-10,2026-07-29,灯具,灯泡/灯管,灯泡/灯管,https://cf.shopee.vn/file/703199d3d2b00388477bdd4f3f94c2f3,http://shopee.vn/product/61351770/15750983869,21.62,10.85,2.47,2.49,3.21,2.92,5.69
250000W太阳能吸顶灯，户外防水，室内外通用，带太阳能电池板,15849774419,206410089992,PH,2022-02-07,2026-07-09,灯具,太阳能灯,太阳能吸顶灯/高棚灯,https://cf.shopee.ph/file/ph-11134207-820lf-mqg2vjktpatr39,http://shopee.ph/product/564129704/15849774419,-7.72,2.74,3.12,3.57,3.87,2.67,3.18
2026年独立日墙面艺术卡片 300gsm UV | 辉煌条纹悬挂装饰 | 幼儿园教室学校花卉设计,50613530363,416171073194,MY,2026-07-07,2026-07-07,派对用品,背景幕布和横幅,,https://cf.shopee.com.my/file/my-11134207-820lh-mqct9vvbtlajb2,http://shopee.com.my/product/1248407813/50613530363,2.81,2.57,,,4.85,6.0,12.62
太阳能应急灯管，带面板可充电，户外节能夜市灯,26702873530,391250071967,PH,2024-06-14,2026-07-22,灯具,太阳能灯,太阳能灯泡/灯管,https://cf.shopee.ph/file/cn-11134207-820l4-mqyjm8h9u4ng7c,http://shopee.ph/product/1156197982/26702873530,0.64,3.07,55.6,15.69,19.98,15.5,18.14
蛋糕装饰摆件 突然美丽 – 20 30 40 50 60 70 80 90 100岁 – 金色 – 24小时送达,58260591037,199625019186,BR,2026-05-13,2026-08-01,派对用品,其他的,,https://cf.shopee.com.br/file/br-11134207-820l6-mo6w9hxgokxt40,http://shopee.com.br/product/608626654/58260591037,-6.53,5.14,0.93,1.22,2.5,1.67,1.86
金属心形气球，蓝色，24厘米，父亲节，“爸爸，我爱你，我的英雄”，派对装饰,58213787805,229446002664,BR,2026-07-07,2026-07-07,派对用品,气球,,https://cf.shopee.com.br/file/sg-11134201-82595-mqc8br98ay9u61,http://shopee.com.br/product/1696392283/58213787805,-2.39,4.74,,,8.21,6.67,22.86
5/10/25个心形气球套装，10英寸（22厘米），适用于派对装饰、生日，多种颜色可选,58263700091,239446909726,BR,2026-07-04,2026-07-22,派对用品,气球,,https://cf.shopee.com.br/file/br-11134207-820lu-mq98lwuiv7y8ce,http://shopee.com.br/product/1800875490/58263700091,-9.52,2.75,,0.04,22.93,17.15,25.37
一套20只双面3D蝴蝶，可用于墙面装饰、卧室装饰、派对装饰、生日装饰、蛋糕装饰，色彩缤纷，美观精致，适合DIY。,23098924502,436308853292,BR,2025-09-23,2026-08-02,派对用品,背景幕布和横幅,,https://cf.shopee.com.br/file/br-11134207-81z1k-meyg13t7yjuufc,http://shopee.com.br/product/445215136/23098924502,-17.4,2.77,4.4,5.87,6.14,3.33,12.64
100/50气球套装，适用于派对、生日、装饰和拱门 - 7英寸,58213519307,228808073175,BR,2026-07-02,2026-07-02,派对用品,气球,,https://cf.shopee.com.br/file/br-11134207-820mb-mq4x7lz62gw275,http://shopee.com.br/product/339631962/58213519307,5.33,5.91,,0.17,5.18,6.08,7.07
迷你无线LED台灯 + 含LED蜡烛 - 卧室、客厅、办公室,58213449421,239445656195,BR,2026-07-01,2026-07-01,灯具,装饰氛围灯,灯串/灯带/窗帘灯/装饰灯/舞台灯,https://cf.shopee.com.br/file/br-11134207-820lv-mqfjjewrw6ipb1,http://shopee.com.br/product/770940934/58213449421,-52.82,4.14,,0.15,6.96,8.0,10.0
TBF 2026年独立日海报 | 高级PVC防水教育海报 | 马来西亚爱国主义墙饰,28488329751,341206422427,MY,2025-07-04,2026-07-14,派对用品,背景幕布和横幅,,https://cf.shopee.com.my/file/my-11134207-820la-mqn1kxql03rie7,http://shopee.com.my/product/344284946/28488329751,-2.72,1.18,,0.02,3.25,4.15,8.94
格子牛奶盒派对礼品，快速发货，六月节,58211787466,179729853538,BR,2026-06-02,2026-07-27,派对用品,其他的,,https://cf.shopee.com.br/file/br-11134207-820lm-movyhn6bamm82c,http://shopee.com.br/product/410677534/58211787466,-7.68,4.72,0.04,2.76,9.59,9.0,11.43
55件套气球铝箔帘生日快乐横幅套装生日派对婴儿派对装饰背景,27956692359,311319361451,PH,2024-07-31,2026-08-04,派对用品,气球,,https://cf.shopee.ph/file/ph-11134207-820l6-mrfvka4hfmdi56,http://shopee.ph/product/681154582/27956692359,3.16,2.6,42.67,40.67,55.25,48.01,67.55
EVE LED MR16 MASTER 灯泡，220V，4W，6W（直连式）GU5.3,7696381077,351179798797,TH,2021-08-02,2026-07-08,灯具,灯泡/灯管,灯泡/灯管,https://cf.shopee.co.th/file/th-11134207-81ztn-mqevac2jn8y34e,http://shopee.co.th/product/47054265/7696381077,-9.53,1.11,6.25,7.01,5.62,4.97,8.26
🔥包含保修🔥 2米/3米/5米 DC5V USB 320 LED灯条，高密度COB RA90，长条灯，适用于橱柜装饰、线性照明。,48760180431,244288205884,TH,2026-05-08,2026-07-14,灯具,装饰氛围灯,灯串/灯带/窗帘灯/装饰灯/舞台灯,https://cf.shopee.co.th/file/cn-11134207-820l4-mqn5dcyd4bghdf,http://shopee.co.th/product/1690664166/48760180431,5.84,2.7,8.42,10.6,8.68,9.83,10.14
50个180毫升彩色格子图案纸杯，适用于派对和活动的冷热饮。,58263422760,209191194760,BR,2026-06-30,2026-06-30,派对用品,一次性餐具,,https://cf.shopee.com.br/file/br-11134207-820m6-mmitjan0nqx0f9,http://shopee.com.br/product/1759830683/58263422760,-18.98,5.71,,,2.96,3.75,7.29
豪华亚克力蛋糕装饰摆件，适用于50岁生日、装饰鞋主题、派对、周年纪念、金婚纪念日等场合。,23198766795,238811245681,BR,2025-07-30,2026-08-05,派对用品,其他的,,https://cf.shopee.com.br/file/br-11134207-7r98o-md6fl5pttsld7b,http://shopee.com.br/product/571422621/23198766795,-2.82,5.93,10.41,9.2,13.2,15.58,18.0
100个5英寸、10英寸、12英寸金属乳胶橡胶气球，派对用品，生日婚礼装饰,51363043441,411130407942,PH,2026-06-29,2026-06-29,派对用品,气球,,https://cf.shopee.ph/file/ph-11134207-820l8-mpthgdr7zuh901,http://shopee.ph/product/1618706028/51363043441,3.3,2.6,,,2.48,3.17,4.57
个性化儿童礼品袋，以盖比的魔法屋为主题，可印制姓名和年龄 | 豪华派对礼品 20x15x7 厘米，女孩派对,45061397206,401264778811,BR,2026-05-30,2026-07-24,派对用品,其他的,,https://cf.shopee.com.br/file/br-11134207-820l6-mr0vjk0ruy9y68,http://shopee.com.br/product/1296036806/45061397206,-11.31,4.15,,1.44,4.22,2.88,4.57
饮品菜单标牌套装#1（带白色圆圈）。适用于商店和咖啡馆的覆膜海报标牌。,53906550819,267781963979,TH,2026-02-28,2026-07-14,派对用品,背景幕布和横幅,,https://cf.shopee.co.th/file/th-11134207-81zth-mqmiv1n2frppc9,http://shopee.co.th/product/28701341/53906550819,1.64,2.37,3.83,8.56,5.57,4.07,5.51
粉色和金色数字年龄气球，多色，彩虹色，70厘米尺寸，生日和派对装饰,20246273354,346219932216,VN,2022-09-16,2026-07-17,派对用品,气球,,https://cf.shopee.vn/file/sg-11134201-22110-u2whxevfpekv65,http://shopee.vn/product/807475139/20246273354,-6.28,0.34,2.55,2.82,3.73,3.73,4.14
150*100厘米 可爱恐龙背景幕布 霸王龙戴生日帽 主题生日派对装饰道具,41509520428,416176470110,PH,2025-07-23,2026-07-08,派对用品,背景幕布和横幅,,https://cf.shopee.ph/file/ph-11134207-820lh-mqearegttc7jc7,http://shopee.ph/product/646678126/41509520428,-2.54,0.8,2.91,3.35,4.0,4.4,6.39
🎉派对音乐会婚礼圣诞节装饰发光LED眼镜玩具礼品夜光眼镜,44211973311,406219764565,MY,2025-08-08,2026-07-17,派对用品,派对帽和面具,,https://cf.shopee.com.my/file/my-11134207-820lg-mqr39ct7pcsveb,http://shopee.com.my/product/879192182/44211973311,4.07,2.54,5.62,3.03,3.11,2.08,4.26
自动感应LED灯带，3种颜色，USB充电，自带背胶，安装简便，非常适合衣柜、厨房和卧室使用。,49660742190,346265445351,TH,2026-05-18,2026-07-24,灯具,装饰氛围灯,灯串/灯带/窗帘灯/装饰灯/舞台灯,https://cf.shopee.co.th/file/th-11134207-81ztn-mr11m8t4fd3688,http://shopee.co.th/product/1684561845/49660742190,0.87,3.99,,0.19,4.24,5.08,7.94
毛根条 100 根 30cm 彩色毛根条 蓬松金属丝 手工学校 - CH,53259373757,411270779650,BR,2026-04-24,2026-07-25,派对用品,其他的,,https://cf.shopee.com.br/file/br-11134207-820lv-mr1m55v7ij2cc4,http://shopee.com.br/product/1367299138/53259373757,-13.06,3.36,0.36,0.11,2.54,2.33,7.57
100/50气球套装，适用于派对、生日、装饰和拱门 - 7英寸,49213215421,262746208285,BR,2026-07-01,2026-07-01,派对用品,气球,,https://cf.shopee.com.br/file/br-11134207-820ls-mq4x5j8kgohs78,http://shopee.com.br/product/369669985/49213215421,5.33,5.91,,0.04,14.74,17.5,18.96
2x4 / 2x8 / 3x6 马来西亚国旗和州旗 / Malaysia States Flag / Jalur Gemilang Hanging Flag 马来西亚国旗,11524467476,376315637924,MY,2021-08-08,2026-08-03,派对用品,其他的,,https://cf.shopee.com.my/file/my-11134201-7qukx-ljgya01xwguu22,http://shopee.com.my/product/340336285/11524467476,-4.33,0.59,6.75,6.61,14.15,12.17,25.99
桌面派对背景幕布 - 父亲节快乐 - 升华印花面料，带松紧带包边 - 50x50厘米,58213591286,199191329171,BR,2026-07-03,2026-07-03,派对用品,背景幕布和横幅,,https://cf.shopee.com.br/file/br-11134207-820mc-mq6jshymhb0hf5,http://shopee.com.br/product/1842471611/58213591286,-15.62,3.85,,,3.61,1.33,12.43
【每包25个】一次性勺子/叉子/勺叉餐具，可重复使用勺子 kutsara 勺子和叉子,52863620552,321222574581,PH,2026-07-08,2026-07-17,派对用品,一次性餐具,,https://cf.shopee.ph/file/ph-11134207-820la-mqen7ugzh24if5,http://shopee.ph/product/1302321365/52863620552,-12.97,1.29,,,6.83,7.0,10.33
派对用气球杆支架套装，20/50/100/200个装，33厘米，透明水晶,58264513508,189624426805,BR,2026-07-18,2026-07-18,派对用品,气球,,https://cf.shopee.com.br/file/sg-11134201-825a7-mqso0otikidqa4,http://shopee.com.br/product/443129179/58264513508,11.16,7.71,,,2.68,2.0,8.29
20条装仙女灯，买10送10，1米/2米LED灯串，派对装饰，暖白光/混色,50863495046,436167811932,PH,2026-07-06,2026-07-06,派对用品,其他的,,https://cf.shopee.ph/file/sg-11134201-8259n-mqbt5vku5szve6,http://shopee.ph/product/1836175650/50863495046,-6.6,0.96,,,3.18,3.5,9.57
透明泡泡气球 5英寸​​、9英寸、12英寸、18英寸和24英寸 - BOBO BALLON,54163192132,321143433051,BR,2026-07-02,2026-07-02,派对用品,气球,,https://cf.shopee.com.br/file/br-11134207-820lw-mq4zh21vby0y04,http://shopee.com.br/product/660773044/54163192132,31.61,11.23,,0.12,17.76,17.69,30.62
迷你画架套装，3毫米原色中密度纤维板，LorenMix，照片架，标牌，派对装饰，工艺品,58263312945,229445521374,BR,2026-06-28,2026-06-28,派对用品,背景幕布和横幅,,https://cf.shopee.com.br/file/br-11134207-820lf-mp2ru5148hs1ab,http://shopee.com.br/product/604832144/58263312945,-17.11,4.33,,0.11,2.21,2.83,3.14
太阳能LED壁灯，安装简便，无需布线。感应式设计，利用太阳能。详情请咨询。HS-992 Plus,27355895051,341258468557,TH,2024-07-22,2026-07-23,灯具,太阳能灯,太阳能壁灯,https://cf.shopee.co.th/file/th-11134207-81ztp-mpu7x3dmzpxc2f,http://shopee.co.th/product/184790630/27355895051,-1.86,4.62,4.99,4.71,6.71,2.42,9.67
【50个】定制标签 | 伴手礼标签 | 感谢标签 | 可定制任意形状 | 发送您自己的设计,55653855753,376206923214,MY,2025-12-28,2026-07-14,派对用品,其他的,,https://cf.shopee.com.my/file/my-11134207-820le-mqebfkwa5yj124,http://shopee.com.my/product/20949853/55653855753,10.68,4.4,2.3,3.17,5.02,5.0,6.29
粉色和金色数字年龄气球，多色，彩虹色，70厘米尺寸，生日和派对装饰,20246273354,346219932213,VN,2022-09-16,2026-07-17,派对用品,气球,,https://cf.shopee.vn/file/vn-11134207-7qukw-ljjfqee6426a0d,http://shopee.vn/product/807475139/20246273354,-6.28,0.34,2.55,2.82,3.73,3.73,4.14
饮品菜单标牌套装#1（带白色圆圈）。适用于商店和咖啡馆的覆膜海报标牌。,53906550819,326204559353,TH,2026-02-28,2026-07-14,派对用品,背景幕布和横幅,,https://cf.shopee.co.th/file/th-11134207-81ztd-mqmituo9f9qjcf,http://shopee.co.th/product/28701341/53906550819,1.36,2.37,3.83,8.56,5.57,4.07,5.51
批发塑料杯盖，适用于95个杯子，密封性好，不变形，防尘，易于开启和关闭。,42881457466,426247354297,VN,2026-06-05,2026-07-22,派对用品,一次性餐具,,https://cf.shopee.vn/file/vn-11134207-81ztc-mqy6flet5a8474,http://shopee.vn/product/1600371624/42881457466,-10.28,0.99,,0.72,2.66,1.67,5.57
🇹🇭现货发售🇹🇭 DIY卡通刮刮卡（20张卡片+贴纸）,19667806766,376270439321,TH,2022-12-09,2026-07-25,派对用品,牌,,https://cf.shopee.co.th/file/th-11134207-81zto-mr73a8xj435x7f,http://shopee.co.th/product/8769800/19667806766,2.24,1.5,1.88,1.58,2.15,1.75,3.14
TBF 2026年独立日海报 | 高级PVC防水教育海报 | 马来西亚爱国主义墙饰,28488329751,341206422431,MY,2025-07-04,2026-07-14,派对用品,背景幕布和横幅,,https://cf.shopee.com.my/file/my-11134207-820l4-mqn1l1y6pgxv83,http://shopee.com.my/product/344284946/28488329751,-2.72,1.18,,0.02,3.25,4.15,8.94
粉色系兔子和猫咪生日气球组合，适合女孩 - 家居派对装饰气球套装,26562141868,426177987361,VN,2024-09-23,2026-07-08,派对用品,气球,,https://cf.shopee.vn/file/vn-11134207-7ras8-m0igtfaex5v120,http://shopee.vn/product/203500372/26562141868,13.33,5.68,5.7,6.35,7.84,9.42,9.54
恐龙主题派对一次性餐具，儿童恐龙派对套装装饰用品,12974054165,316248744877,PH,2022-01-25,2026-07-22,派对用品,一次性餐具,,https://cf.shopee.ph/file/ph-11134207-820lg-mqg1hhhlncht04,http://shopee.ph/product/646678126/12974054165,-12.32,1.44,5.01,4.86,6.08,5.16,7.52
微型 Orishas 5 厘米树脂玻璃容器、模型、祭坛、IEMANJA、OXUM、OMOLU、XANGÔ/OXOSSI/NANÔ/OGUN/OXALAV。单价。,22198811820,159793581932,BR,2025-08-07,2026-07-15,派对用品,其他的,,https://cf.shopee.com.br/file/br-11134207-820lm-mqnq8weop7uq52,http://shopee.com.br/product/222307131/22198811820,-6.86,4.53,,0.31,2.46,2.81,3.31
中心装饰品/派对礼品套装，快速发货，适用于婚礼、活动、任何主题。,20298328667,129658025067,BR,2025-10-12,2026-07-29,派对用品,其他的,,https://cf.shopee.com.br/file/br-11134207-81z1k-mfq6zta1u32f8d,http://shopee.com.br/product/780632144/20298328667,0.15,6.52,3.04,3.07,3.86,3.33,4.71
【货到付款】太阳能帘幕冰柱灯，IP65防水LED瀑布灯，适用于婚礼、庭院和装饰,43882221753,366146879241,PH,2026-07-02,2026-07-02,灯具,太阳能灯,太阳能装饰灯,https://cf.shopee.ph/file/ph-11134207-820l6-mq30z7o5wpvm2f,http://shopee.ph/product/1871249164/43882221753,-8.94,2.42,,,3.67,3.5,8.55
父亲节金属蓝气球套装，包含10英寸和18英寸气球，适用于派对装饰和庆祝活动,58211879542,209623998810,BR,2026-06-03,2026-07-09,派对用品,气球,,https://cf.shopee.com.br/file/br-11134207-820lh-mqf50afee0hsa2,http://shopee.com.br/product/1800875490/58211879542,-4.85,4.13,1.21,5.33,2.15,2.33,5.95
买一送三！户外防水IP67太阳能泛光灯，150000W LED灯，带遥控器,25146362964,302812109171,PH,2025-08-14,2026-07-23,灯具,太阳能灯,太阳能投光灯,https://cf.shopee.ph/file/ph-11134207-820lb-mof2evpvtm2oc9,http://shopee.ph/product/995278851/25146362964,-19.16,0.1,60.46,72.44,2.18,1.25,1.79
Luna LED E27 壁灯，现代风格，适用于卧室、床头柜、客厅等场所，装饰性强。,58214581668,209624475628,BR,2026-07-19,2026-07-19,灯具,装饰氛围灯,灯串/灯带/窗帘灯/装饰灯/舞台灯,https://cf.shopee.com.br/file/br-11134207-820lq-mqtsn4te9beo04,http://shopee.com.br/product/299222705/58214581668,-33.04,8.09,,,7.75,5.67,26.0
塑料搅拌棒，100个,23660702540,366177553096,PH,2023-11-11,2026-07-08,派对用品,一次性餐具,,https://cf.shopee.ph/file/ph-11134207-820lf-mqeiswncoxkxcf,http://shopee.ph/product/122866812/23660702540,-4.17,0.44,2.5,3.48,8.81,8.49,8.88
60-120 个醋酸纤维水晶四瓣模具，适用于糖果、派对和甜点 - 立即发货！,58263787287,159555394551,BR,2026-07-07,2026-07-07,派对用品,其他的,,https://cf.shopee.com.br/file/br-11134207-820lh-mmuq2cny0wsic1,http://shopee.com.br/product/345860980/58263787287,-10.9,4.09,,,2.18,2.17,6.29
罗马风格蝴蝶魔法花园垂直派对背景幕布，2米 x 1米，采用优质升华印花面料,56363269586,371150060565,BR,2026-07-03,2026-07-03,派对用品,背景幕布和横幅,,https://cf.shopee.com.br/file/sg-11134201-8259s-mq6joifun2tr75,http://shopee.com.br/product/1720116020/56363269586,10.91,9.76,,,5.73,4.75,5.57
中秋节灯笼有各种形状和设计（35-45 种不同款式），包括动物形状的纸灯笼、圆柱形纸灯笼、星形灯笼和动物形状的笼形灯笼。,21829691341,401237423126,VN,2022-07-31,2026-07-20,派对用品,其他的,,https://cf.shopee.vn/file/vn-11134207-81ztc-mqvxqgru7jese6,http://shopee.vn/product/13443652/21829691341,1.66,4.0,,0.04,3.28,5.14,8.14
装饰性布艺门套，带松紧带 - 多种款式 - 易于安装 - Desapega,28787474040,311246579389,BR,2025-06-11,2026-07-22,派对用品,背景幕布和横幅,,https://cf.shopee.com.br/file/br-11134207-820m7-mqvvklobg0zrae,http://shopee.com.br/product/776725570/28787474040,-11.0,4.53,4.4,13.99,3.79,3.67,4.48
个性化DIY派对套装/白雪公主宝宝/24小时内送达/派对礼品/儿童派对,23899440315,209191497558,BR,2026-05-03,2026-07-08,派对用品,其他的,,https://cf.shopee.com.br/file/br-11134207-820lz-mnrwspf74u0x59,http://shopee.com.br/product/491527782/23899440315,-15.59,3.43,,,2.48,3.33,6.29
Merdeka Tanjak 儿童默迪卡帽子 DIY 工艺品默迪卡日学生活动 马来西亚国庆日,29852750004,366287143467,MY,2024-06-13,2026-07-28,派对用品,派对帽和面具,,https://cf.shopee.com.my/file/my-11134207-820lc-mr75zh5ecxs225,http://shopee.com.my/product/27979518/29852750004,-2.93,0.24,,0.21,3.2,2.75,8.52
10/20/30 和 50 个亚克力管套装，8 厘米，适用于派对礼品。,58264665951,219192084833,BR,2026-07-21,2026-07-21,派对用品,其他的,,https://cf.shopee.com.br/file/br-11134207-820m0-mqwnnv8hyfidf0,http://shopee.com.br/product/1690147505/58264665951,-20.33,1.54,,,9.93,8.5,31.8
圆形装饰片，升华印花面料，1.50 x 1.50，易于安装，弹性材质，生日派对快乐,22194990730,219623826837,BR,2026-05-15,2026-07-04,派对用品,背景幕布和横幅,,https://cf.shopee.com.br/file/sg-11134201-825a8-mq92ddx7k9hd01,http://shopee.com.br/product/1447772459/22194990730,16.79,11.07,0.11,0.59,2.27,1.92,2.14
LED面板灯 18W 方形表面安装 6500K 双电压 强光,58213376251,209623606269,BR,2026-06-29,2026-06-29,灯具,室内固定照明-天花板灯,吊灯/吸顶灯/面板灯/风扇灯,https://cf.shopee.com.br/file/br-11134207-820lx-mq1z4teip5vk98,http://shopee.com.br/product/1690205047/58213376251,-42.67,6.72,,0.3,2.3,2.83,4.36
派对桌布背景罩 - 生日快乐蝴蝶结图案 - 热升华印花面料，带松紧带包边 - 50x50厘米,23395031500,119874530020,BR,2026-07-15,2026-07-15,派对用品,背景幕布和横幅,,https://cf.shopee.com.br/file/br-11134207-820me-mqnkziaapvy9b0,http://shopee.com.br/product/1724395837/23395031500,-16.18,3.85,,,2.71,3.5,7.57
生日背景装饰 - 为您心爱的孩子准备的生日装饰,40768188154,341245440104,VN,2025-09-09,2026-07-21,派对用品,背景幕布和横幅,,https://cf.shopee.vn/file/vn-11134207-81ztc-mqxjfir9mr5s32,http://shopee.vn/product/32324147/40768188154,-2.47,1.9,1.39,2.91,7.07,5.63,10.45
10/20/30 和 50 个亚克力管套装，8 厘米，适用于派对礼品。,58264665951,229446890825,BR,2026-07-21,2026-07-21,派对用品,其他的,,https://cf.shopee.com.br/file/br-11134207-820ls-mqwnnv8hvmdhc7,http://shopee.com.br/product/1690147505/58264665951,-19.28,2.35,,,9.93,8.5,31.8
LED灯灯笼装饰灯罩派对活动装饰高14厘米,22393750149,366252760804,BR,2025-03-05,2026-07-22,灯具,灯具配件,灯带配件/控制器,https://cf.shopee.com.br/file/br-11134207-820lo-mqywino45vr961,http://shopee.com.br/product/770968144/22393750149,-39.97,6.9,0.32,,4.69,7.08,12.19
生日派对礼品套装（婆婆舌），派对小礼物，儿童玩具,58214096394,219624093551,BR,2026-07-12,2026-07-12,派对用品,其他的,,https://cf.shopee.com.br/file/br-11134207-820li-mqrxjw0caubkf4,http://shopee.com.br/product/1759834741/58214096394,-16.82,2.95,,,2.02,2.67,3.14
生日快乐蛋糕装饰纸（10厘米）,23899232663,159793526312,BR,2025-12-22,2026-07-12,派对用品,其他的,,https://cf.shopee.com.br/file/br-11134207-81z1k-mijl0jwlh0xy01,http://shopee.com.br/product/1707289807/23899232663,-20.45,2.17,3.43,2.81,4.89,4.42,4.71
派对用气球杆支架套装，20/50/100/200个装，33厘米，透明水晶,58264513508,189624426809,BR,2026-07-18,2026-07-18,派对用品,气球,,https://cf.shopee.com.br/file/sg-11134201-825a7-mqso0otikidqa4,http://shopee.com.br/product/443129179/58264513508,-3.31,4.54,,,2.68,2.0,8.29
12W 20W 30W COB轨道灯，经典圆形LED灯管，高亮度，适用于服装店、餐厅、咖啡馆和家庭。,56412770979,376133774652,VN,2026-06-25,2026-06-30,灯具,室内固定照明-其他,筒灯/射灯/嵌灯/轨道灯/壁灯/镜前灯/橱窗灯,https://cf.shopee.vn/file/vn-11134207-81ztc-mpvo6bzcm96p0b,http://shopee.vn/product/1581486452/56412770979,-9.43,2.38,,0.69,9.96,11.5,12.5
装饰布艺圣诞老人 30厘米 圣诞装饰品 Shopsul,42623420107,331261903695,BR,2025-10-10,2026-07-23,派对用品,其他的,,https://cf.shopee.com.br/file/br-11134207-820m9-mr0bjp6smtqc02,http://shopee.com.br/product/1474606866/42623420107,16.47,9.27,,,3.23,,12.93
✔【🇹🇭现货🎁】LED水晶台灯，可调光，护眼，USB充电，婚礼和酒店的理想之选 8899 09,43451895880,351130118308,TH,2025-05-23,2026-06-29,灯具,室内移动照明,台灯/落地灯/夹子灯/学习灯/小夜灯,https://cf.shopee.co.th/file/th-11134207-81zti-mpx0zw3plyq642,http://shopee.co.th/product/235896386/43451895880,4.67,5.07,0.73,1.74,2.06,1.97,3.19
手工制作的拉出式照片卡（6张照片 - 照片将在下单后立即发送）,52609089213,421284186162,VN,2026-04-19,2026-07-28,派对用品,牌,,https://cf.shopee.vn/file/vn-11134207-81ztc-mr6cm70fhs79a9,http://shopee.vn/product/47298249/52609089213,-0.73,1.64,1.23,2.56,4.05,3.22,5.57
10/20/30/40/50支装PET管，1号，带透明盖，R28，适用于派对礼品、糖果等。,18598052032,446274878834,BR,2025-02-19,2026-07-25,派对用品,其他的,,https://cf.shopee.com.br/file/br-11134207-820l4-mr35v97p6bd1fa,http://shopee.com.br/product/973078096/18598052032,-18.51,2.55,15.21,13.55,17.02,16.75,25.0
建筑主题气球花环，适合男孩儿童生日派对装饰用品和背景装饰,24454053434,416201724691,PH,2023-12-20,2026-07-13,派对用品,气球,,https://cf.shopee.ph/file/ph-11134207-820l7-mqlo7c8ncikhe4,http://shopee.ph/product/646678126/24454053434,-1.78,1.44,5.4,5.49,6.95,7.79,8.05
派对金属帘，装饰帘，生日派对装饰帘，1米 x 2米，带流苏和装饰丝带，多种颜色可选,48913675073,401180829150,BR,2026-07-09,2026-07-09,派对用品,背景幕布和横幅,,https://cf.shopee.com.br/file/br-11134207-820m1-mqdgo7e8rh8h8f,http://shopee.com.br/product/911966033/48913675073,-23.91,1.38,,,4.59,0.58,17.57
海洋动物气球：鱼、章鱼、河豚——是可爱派对装饰的完美之选 (F),5277439691,259278049105,TH,2021-01-21,2026-07-03,派对用品,气球,,https://cf.shopee.co.th/file/sg-11134201-8259l-mqyxdftj60p0cb,http://shopee.co.th/product/54031427/5277439691,-1.79,0.63,0.12,0.45,2.43,1.89,3.26
10/20/30 和 50 个亚克力管套装，8 厘米，适用于派对礼品。,58264665951,229446890812,BR,2026-07-21,2026-07-21,派对用品,其他的,,https://cf.shopee.com.br/file/br-11134207-820lo-mqwnnv8i5gcl8c,http://shopee.com.br/product/1690147505/58264665951,-15.42,3.23,,,9.93,8.5,31.8
圆形桌布，奶牛图案，热升华印花弹力布，50厘米,19299896387,436269861958,BR,2025-10-08,2026-07-24,派对用品,背景幕布和横幅,,https://cf.shopee.com.br/file/br-11134207-820lz-mr1pwg9bljba1c,http://shopee.com.br/product/823626901/19299896387,-15.72,3.95,2.89,1.82,3.91,3.17,5.43
杯盖单独出售[50个]。小纸杯，冰淇淋杯，白色，130毫升，160毫升，260毫升。,24144507109,361235035134,TH,2025-04-24,2026-07-20,派对用品,一次性餐具,,https://cf.shopee.co.th/file/th-11134207-81ztm-mqvnqumkjn6109,http://shopee.co.th/product/1380956798/24144507109,-0.11,2.4,4.41,10.99,8.72,5.11,9.52
金银三层覆膜糖果盘，适用于盛放糖果、糖果盒、派对礼品、豪华派对装饰,45664014743,307784473937,BR,2026-07-15,2026-07-15,派对用品,其他的,,https://cf.shopee.com.br/file/sg-11134201-825ag-mqnor7b9whzif5,http://shopee.com.br/product/1527548837/45664014743,-16.81,2.95,,,2.05,1.67,6.07
Bendera Malaysia Flag Malaysia 3x6ft 2x8ft 2x4ft Classroom / Office Assembly/ 马来西亚国旗,46163886291,371197653050,MY,2026-07-12,2026-07-12,派对用品,背景幕布和横幅,,https://cf.shopee.com.my/file/sg-11134201-825aw-mqk86d12ktfz8a,http://shopee.com.my/product/369427716/46163886291,-1.94,1.52,,,6.37,3.64,20.07
Zippo打火机外壳及类似物品的燃料。,53513277635,297749963406,VN,2026-07-03,2026-07-03,其他,,,https://cf.shopee.vn/file/vn-11134207-81ztc-mq6hga2yqbrj8e,http://shopee.vn/product/1332458291/53513277635,0.35,3.42,,0.07,4.62,3.81,6.26
农场主题生日蜡烛，适合男孩或女孩，牛仔或女牛仔主题。,22698091518,351305901804,BR,2024-12-17,2026-08-01,派对用品,其他的,,https://cf.shopee.com.br/file/br-11134207-820lm-mrchkc3r1wxxef,http://shopee.com.br/product/490340444/22698091518,-4.02,5.67,5.61,4.67,5.68,4.33,6.43
一套25个心形气球，10英寸（22厘米），适用于派对装饰、生日，多种颜色可选,58213698339,209191394103,BR,2026-07-04,2026-07-04,派对用品,气球,,https://cf.shopee.com.br/file/br-11134207-820lx-mq98edd159fk2f,http://shopee.com.br/product/1800875490/58213698339,0.47,4.72,,,6.35,10.12,11.87
20个蓝色心形气球套装，上面写着“我爱你，爸爸”，直径22厘米，含气球杆,58264582015,219624449982,BR,2026-07-19,2026-07-19,派对用品,气球,,https://cf.shopee.com.br/file/br-11134207-820lf-mqtpq62v4q2pe7,http://shopee.com.br/product/679749082/58264582015,-0.82,4.94,,,2.02,0.33,7.79
粉色和金色数字年龄气球，多色，彩虹色，70厘米尺寸，生日和派对装饰,20246273354,346219932218,VN,2022-09-16,2026-07-17,派对用品,气球,,https://cf.shopee.vn/file/sg-11134201-22110-n6wra1zfpekvb6,http://shopee.vn/product/807475139/20246273354,-6.34,0.34,2.55,2.82,3.73,3.73,4.14
快速发货套装，内含 45、90 和 135 只蝴蝶，适用于蛋糕装饰、花束和各种装饰 - Creative Pop,58201039080,189624885792,BR,2025-11-26,2026-07-29,派对用品,其他的,,https://cf.shopee.com.br/file/br-11134207-81zuf-mkltv003wu8289,http://shopee.com.br/product/1145017938/58201039080,-17.95,2.77,1.12,1.78,3.79,3.0,6.0
🎉派对音乐会婚礼圣诞节装饰发光LED眼镜玩具礼品夜光眼镜,44211973311,406219764563,MY,2025-08-08,2026-07-17,派对用品,派对帽和面具,,https://cf.shopee.com.my/file/my-11134207-820ld-mqr39r2dorurf0,http://shopee.com.my/product/879192182/44211973311,4.07,2.54,5.62,3.03,3.11,2.08,4.26
马来西亚国旗捆扎彩旗 马来西亚国旗彩旗,2377135880,336194634546,MY,2019-07-02,2026-07-11,派对用品,背景幕布和横幅,,https://cf.shopee.com.my/file/my-11134207-820l9-mqj0osxvvt35dd,http://shopee.com.my/product/110136638/2377135880,-4.97,0.61,0.08,0.19,2.45,2.64,5.53
生日快乐蛋糕装饰插牌，金色、银色和玫瑰金色可选，适用于派对装饰,56163505469,346169501980,BR,2026-07-07,2026-07-07,派对用品,其他的,,https://cf.shopee.com.br/file/br-11134207-820le-mn64gxpjl1xde4,http://shopee.com.br/product/318152476/56163505469,-17.06,3.06,,,3.23,3.17,5.14
250毫升粉色蓝色男孩女孩性别揭晓灭火器烟雾粉喷雾婴儿派对庆祝活动,55251537398,361258070370,PH,2025-11-17,2026-07-23,派对用品,其他的,,https://cf.shopee.ph/file/ph-11134207-820lc-mqzp16ujmt4x65,http://shopee.ph/product/1098247967/55251537398,11.36,5.75,11.82,8.63,12.29,8.08,11.79
个性化人脸蛋糕装饰插牌 4.5 厘米 | 迷你派对装饰插牌 | 可印儿童照片的插牌 | 生日套装 | 派对 | 装饰,23694692816,169729205574,BR,2025-11-21,2026-07-06,派对用品,背景幕布和横幅,,https://cf.shopee.com.br/file/br-11134207-81z1k-mhbcbm7lmr5w9f,http://shopee.com.br/product/779376739/23694692816,-18.61,3.34,0.04,0.5,2.27,2.17,3.93
1号蝴蝶图案 - 使用180克Colorplus相纸,58262541279,179417637832,BR,2026-06-16,2026-07-03,派对用品,其他的,,https://cf.shopee.com.br/file/br-11134207-820m3-mq67vk203thd84,http://shopee.com.br/product/1240665295/58262541279,-18.55,2.75,,0.67,2.48,2.0,3.07
（10件套）独立日装饰套装 - 半圆形 / 庆祝活动 / 墙面装饰（12x6 英寸 / 30x18.5 厘米）,18783989700,411211974795,MY,2023-09-09,2026-07-15,派对用品,背景幕布和横幅,,https://cf.shopee.com.my/file/my-11134207-820l7-mqoiuxp8u1ot8a,http://shopee.com.my/product/60384153/18783989700,6.92,3.63,0.06,0.13,3.57,4.91,6.47
浅粉色和香槟色豪华气球套装，108 个 LL-1588。适用于主题派对和特殊庆典的多功能装饰。,58263771428,109874685203,BR,2026-07-07,2026-07-20,派对用品,气球,,https://cf.shopee.com.br/file/br-11134207-820mb-mqw38hz21rly08,http://shopee.com.br/product/1692493049/58263771428,12.59,7.61,,,4.89,5.67,10.86
50个装一次性透明塑料甜点慕斯杯/甜点勺/圆形布丁杯/纸杯蛋糕杯,56162357194,361232481387,MY,2026-06-17,2026-07-20,派对用品,一次性餐具,,https://cf.shopee.com.my/file/cn-11134207-820l4-mqva4mh0yschcf,http://shopee.com.my/product/1524956130/56162357194,-4.6,1.52,,0.94,4.97,2.6,3.82
粉色气球套装，包含数字、蝴蝶结和星星，适合女孩生日派对装饰,58214001274,239446198966,BR,2026-07-10,2026-07-10,派对用品,气球,,https://cf.shopee.com.br/file/sg-11134201-82584-mqgsbe4i4y6m83,http://shopee.com.br/product/1276615576/58214001274,0.0,5.75,,,5.36,6.17,14.71
1 x 2 Meter Rain Foil Curtain for Party Wall Decoration Backdrops Banners Hiasan Belon Tirai Hiasan Dinding 派对布置背景 背景设计,40132116718,311130195499,MY,2026-06-29,2026-06-29,派对用品,背景幕布和横幅,,https://cf.shopee.com.my/file/my-11134207-820lc-mq1kugmrvi0y07,http://shopee.com.my/product/1063909647/40132116718,-5.48,0.48,,0.19,4.47,2.9,7.78
微型 Orishas 5 厘米树脂玻璃容器、模型、祭坛、IEMANJA、OXUM、OMOLU、XANGÔ/OXOSSI/NANÔ/OGUN/OXALAV。单价。,22198811820,149793680730,BR,2025-08-07,2026-07-16,派对用品,其他的,,https://cf.shopee.com.br/file/br-11134207-820ma-mrcecw7u0xl053,http://shopee.com.br/product/222307131/22198811820,-11.61,3.56,,0.31,2.46,2.81,3.31
瓢虫主题派对礼品套装，含80/160件物品（不含姓名） - 24小时送达,42856938877,262787336109,BR,2025-07-02,2026-07-16,派对用品,其他的,,https://cf.shopee.com.br/file/br-11134207-7r98o-mbnzq4o6jujd59,http://shopee.com.br/product/578785010/42856938877,-5.57,5.35,2.79,1.63,2.43,1.17,4.14
LED灯箱装饰灯，带电影院字母标志。,22493980995,179729224705,BR,2025-05-14,2026-07-07,灯具,应急及标识照明,指示牌/灯箱招牌/标识,https://cf.shopee.com.br/file/br-11134207-820lg-mqdegjmir9qaa3,http://shopee.com.br/product/1537789406/22493980995,-41.69,6.74,,,3.08,3.83,6.57
2个装饰性LED球形灯，月球银河太阳系宇航员水晶球,23893729095,189624787949,BR,2025-09-01,2026-07-27,灯具,装饰氛围灯,灯串/灯带/窗帘灯/装饰灯/舞台灯,https://cf.shopee.com.br/file/br-11134207-820ls-mr5d7t2xy9z93f,http://shopee.com.br/product/1220163366/23893729095,-44.32,5.86,3.79,7.23,26.48,31.33,38.79
PP餐盘/塑料餐盘/一次性餐盘/派对餐盘/塑料餐盘/PET餐盘,51163761126,426188805450,MY,2026-07-10,2026-07-10,派对用品,一次性餐具,,https://cf.shopee.com.my/file/sg-11134201-825ah-mqhbcsi9iccr7f,http://shopee.com.my/product/1654980627/51163761126,-1.98,2.24,,,2.74,2.44,4.63
饮品菜单标牌套装#1（带白色圆圈）。适用于商店和咖啡馆的覆膜海报标牌。,53906550819,267781963987,TH,2026-02-28,2026-07-14,派对用品,背景幕布和横幅,,https://cf.shopee.co.th/file/th-11134207-81ztq-mqmivaj2h69tcf,http://shopee.co.th/product/28701341/53906550819,1.64,2.37,3.83,8.56,5.57,4.07,5.51
金属彩纸发射器，适用于性别揭晓派对、庆典、活动、夜总会、演出、嘉年华、银雨,58263848496,169417794435,BR,2026-07-08,2026-07-08,派对用品,其他的,,https://cf.shopee.com.br/file/sg-11134201-825af-mqdruqaqtpfz15,http://shopee.com.br/product/1356229733/58263848496,-18.6,2.57,,,3.32,2.83,9.86
肽类药物瓶盖，印有肽的名称，10-15毫升规格（颜色随机）。,57263404637,391174100674,TH,2026-07-05,2026-07-07,其他,,,https://cf.shopee.co.th/file/th-11134207-81ztf-mq9wekejek1u6d,http://shopee.co.th/product/533405186/57263404637,-5.78,0.75,,0.04,2.59,2.88,3.21
定制横幅，请发送您的设计稿或照片（通过消息发送）,58213814966,238809516003,BR,2026-07-07,2026-07-07,派对用品,背景幕布和横幅,,https://cf.shopee.com.br/file/br-11134207-820m6-mr0oib4kgf0k4b,http://shopee.com.br/product/1462180064/58213814966,-11.62,4.94,,,6.21,9.83,16.0
50个装素色气球，10英寸，适用于装饰、庆祝、派对、惊喜、生日,58214679615,129841208221,BR,2026-07-21,2026-07-21,派对用品,气球,,https://cf.shopee.com.br/file/br-11134207-820ls-mqxdgz6iuficde,http://shopee.com.br/product/1692493049/58214679615,-7.03,2.94,,,16.7,15.75,53.21
个性化DIY派对套装/白雪公主宝宝/24小时内送达/派对礼品/儿童派对,23899440315,209191497561,BR,2026-05-03,2026-07-08,派对用品,其他的,,https://cf.shopee.com.br/file/br-11134207-820lz-mnrwspf74u0x59,http://shopee.com.br/product/491527782/23899440315,-4.65,5.68,,,2.48,3.33,6.29
Luna LED E27 壁灯，现代风格，适用于卧室、床头柜、客厅等场所，装饰性强。,58214581668,209624475625,BR,2026-07-19,2026-07-19,灯具,装饰氛围灯,灯串/灯带/窗帘灯/装饰灯/舞台灯,https://cf.shopee.com.br/file/br-11134207-820lv-mqtsvsz662gxb3,http://shopee.com.br/product/299222705/58214581668,-31.66,8.09,,,7.75,5.67,26.0
打火机 - 5个装和10个装两种规格，有带点火器和不带点火器的两种。,55513731463,426187339298,PH,2026-07-10,2026-07-10,其他,,,https://cf.shopee.ph/file/ph-11134207-820ld-mqg2b21e9fcy6e,http://shopee.ph/product/1774967603/55513731463,-12.13,1.14,,,3.32,5.08,7.84
1 x 2 Meter Rain Foil Curtain for Party Wall Decoration Backdrops Banners Hiasan Belon Tirai Hiasan Dinding 派对布置背景 背景设计,40132116718,267738443798,MY,2026-06-29,2026-06-29,派对用品,背景幕布和横幅,,https://cf.shopee.com.my/file/my-11134207-820li-mq1lotaoxbeo57,http://shopee.com.my/product/1063909647/40132116718,-5.12,0.57,,0.19,4.47,2.9,7.78
100/50气球套装，适用于派对、生日、装饰和拱门 - 7英寸,49213215421,262746208275,BR,2026-07-01,2026-07-01,派对用品,气球,,https://cf.shopee.com.br/file/br-11134207-820lz-mq4x5j8k9nnk56,http://shopee.com.br/product/369669985/49213215421,6.08,5.91,,0.04,14.74,17.5,18.96
定制带Logo的饼干模具印章，适用于陶瓷、饼干、糕点和陶土制品。,58262423502,209624159957,BR,2026-06-13,2026-07-14,派对用品,其他的,,https://cf.shopee.com.br/file/br-11134207-820mc-mr7jsyrou77r7f,http://shopee.com.br/product/1807117476/58262423502,6.54,7.1,,0.48,4.04,3.67,5.71
220V COB LED灯带，防水硅胶涂层，超亮，直接插入电源，户外吸顶照明装饰【不含电源适配器】,47909568948,341300952827,VN,2026-04-27,2026-07-31,灯具,装饰氛围灯,灯串/灯带/窗帘灯/装饰灯/舞台灯,https://cf.shopee.vn/file/vn-11134207-81ztc-mr9wd4jq00ee63,http://shopee.vn/product/1775702143/47909568948,-7.12,3.54,2.84,7.47,16.24,15.47,18.93
买一送一 300000W 太阳能泛光灯 户外防水 LED 灯 带太阳能板,49464662332,186415538853,PH,2026-07-23,2026-07-23,灯具,太阳能灯,太阳能投光灯,https://cf.shopee.ph/file/ph-11134207-820l5-mqzupc6ov18gef,http://shopee.ph/product/823861135/49464662332,-1.97,4.21,,,2.1,1.42,7.13
两件套测量模板，适用于大型和小型气球，采用原色中密度纤维板制成，可用于庆祝活动和派对。,58214125368,109874504822,BR,2026-07-13,2026-07-13,派对用品,气球,,https://cf.shopee.com.br/file/br-11134207-820mf-mqgeruqc09hee5,http://shopee.com.br/product/1098541939/58214125368,-12.38,3.54,,,3.93,6.0,8.86
生日派对礼品套装（婆婆舌），派对小礼物，儿童玩具,58214096394,219624093550,BR,2026-07-12,2026-07-12,派对用品,其他的,,https://cf.shopee.com.br/file/br-11134207-820li-mqrxjw0caubkf4,http://shopee.com.br/product/1759834741/58214096394,-21.47,1.96,,,2.02,2.67,3.14
100/50气球套装，适用于派对、生日、装饰和拱门 - 7英寸,49213215421,262746208300,BR,2026-07-01,2026-07-01,派对用品,气球,,https://cf.shopee.com.br/file/br-11134207-820lf-mq4x7lz6835u8e,http://shopee.com.br/product/369669985/49213215421,-3.57,3.54,,0.04,14.74,17.5,18.96
七件套生日派对餐桌装饰套装：蛋糕架、糖果架、花瓶、托盘,47763677751,366181520531,BR,2026-07-09,2026-07-09,派对用品,其他的,,https://cf.shopee.com.br/file/br-11134207-820m6-mqg8rld8x5355e,http://shopee.com.br/product/660668454/47763677751,25.44,11.84,,,6.21,1.83,12.48
蛋糕架三件套，包含两个多层甜点架和两个中密度纤维板派对装饰架,58264343860,199624236151,BR,2026-07-16,2026-07-16,派对用品,其他的,,https://cf.shopee.com.br/file/br-11134207-820l4-mqo1ts5dj4shfa,http://shopee.com.br/product/1158914399/58264343860,-7.73,5.12,,,10.18,10.33,29.86
粉色和金色数字年龄气球，多色，彩虹色，70厘米尺寸，生日和派对装饰,20246273354,346219932208,VN,2022-09-16,2026-07-17,派对用品,气球,,https://cf.shopee.vn/file/vn-11134207-7qukw-ljjfqee66vb641,http://shopee.vn/product/807475139/20246273354,-6.28,0.34,2.55,2.82,3.73,3.73,4.14
父亲节蛋糕装饰 | 爸爸生日 | 与孩子们一起,58213731559,199192410205,BR,2026-07-05,2026-07-29,派对用品,背景幕布和横幅,,https://cf.shopee.com.br/file/br-11134207-820ly-mqai3emm69kz97,http://shopee.com.br/product/1877829037/58213731559,-20.45,2.87,,,5.36,6.33,15.57
LED触控台灯，无线设计，可调光，是阅读和装饰的理想之选。,23994534623,199624827138,BR,2025-10-21,2026-07-28,灯具,装饰氛围灯,灯串/灯带/窗帘灯/装饰灯/舞台灯,https://cf.shopee.com.br/file/br-11134207-820lb-mr6mkqwz6upzc8,http://shopee.com.br/product/1643127302/23994534623,-30.55,8.68,12.11,0.85,3.45,1.67,12.21
TBF 2026年独立日海报 | 高级PVC防水教育海报 | 马来西亚爱国主义墙饰,28488329751,341206422416,MY,2025-07-04,2026-07-14,派对用品,背景幕布和横幅,,https://cf.shopee.com.my/file/my-11134207-820l7-mqn1knpv73epd8,http://shopee.com.my/product/344284946/28488329751,-1.12,1.58,,0.02,3.25,4.15,8.94
双面罗马派对背景幕布，2x1米，纯色，热升华印花。,58213735006,199192348001,BR,2026-07-05,2026-07-27,派对用品,背景幕布和横幅,,https://cf.shopee.com.br/file/br-11134207-820m9-mr60rz5vn090ae,http://shopee.com.br/product/1875732069/58213735006,9.08,8.88,,,3.88,3.33,12.5
LED灯箱装饰灯，带电影院字母标志。,22493980995,179729224706,BR,2025-05-14,2026-07-07,灯具,应急及标识照明,指示牌/灯箱招牌/标识,https://cf.shopee.com.br/file/br-11134207-820l5-mqdegjmiu2v66f,http://shopee.com.br/product/1537789406/22493980995,-53.18,3.76,,,3.08,3.83,6.57
亚克力礼品管 13厘米 - 用于装饰、儿童派对、调料罐 - 10个、20个、30个、40个和50个装,22294882115,109874796273,BR,2026-02-24,2026-07-29,派对用品,其他的,,https://cf.shopee.com.br/file/sg-11134201-8259d-mr7v301gho1y24,http://shopee.com.br/product/820641225/22294882115,-20.24,2.17,0.96,,8.82,,35.29
Evora 自动感应灯，无线 LED 灯，带磁铁的自动路径灯，无需电池，适用于卧室。,55652975993,376241279822,TH,2025-12-12,2026-07-21,灯具,室内移动照明,感应灯/磁吸灯/粘贴灯/橱柜灯/衣柜灯/走廊灯,https://cf.shopee.co.th/file/th-11134207-81ztp-mqwr2uyvd69sb5,http://shopee.co.th/product/1689038851/55652975993,0.38,3.87,2.51,2.15,5.34,5.21,7.52
10/20/30 和 50 个亚克力管套装，8 厘米，适用于派对礼品。,58264665951,229446890791,BR,2026-07-21,2026-07-21,派对用品,其他的,,https://cf.shopee.com.br/file/br-11134207-820la-mqwnus3akf7pf3,http://shopee.com.br/product/1690147505/58264665951,-19.28,2.35,,,9.93,8.5,31.8
这款趣味表情口罩采用弹性、透气、舒适的网状面料制成。,57413165691,401140936900,VN,2026-07-01,2026-07-01,派对用品,派对帽和面具,,https://cf.shopee.vn/file/sg-11134201-824iv-mpyuptcdxuz103,http://shopee.vn/product/1193016035/57413165691,-4.77,1.03,,0.04,6.64,0.33,2.0
220V COB LED灯带，防水硅胶涂层，超亮，直接插入电源，户外吸顶照明装饰【不含电源适配器】,47909568948,341300952826,VN,2026-04-27,2026-07-31,灯具,装饰氛围灯,灯串/灯带/窗帘灯/装饰灯/舞台灯,https://cf.shopee.vn/file/vn-11134207-81ztc-mr9wd4jq00ee63,http://shopee.vn/product/1775702143/47909568948,2.92,5.71,2.84,7.47,16.24,15.47,18.93
TBF 2026年独立日海报 | 高级PVC防水教育海报 | 马来西亚爱国主义墙饰,28488329751,341206422409,MY,2025-07-04,2026-07-14,派对用品,背景幕布和横幅,,https://cf.shopee.com.my/file/my-11134207-820lh-mqn1kdzlyhvz2f,http://shopee.com.my/product/344284946/28488329751,-2.72,1.18,,0.02,3.25,4.15,8.94
适用于楼梯和扶手的4/8/12个太阳能LED灯套装，IP65防护等级，无线设计，自动户外照明,22595040011,179417860380,BR,2026-07-10,2026-07-10,灯具,太阳能灯,太阳能庭院灯,https://cf.shopee.com.br/file/br-11134207-820lt-mr70yollabyc42,http://shopee.com.br/product/1737160008/22595040011,-12.8,13.01,,,5.61,3.92,17.21
毛根条 100 根 30cm 彩色毛根条 蓬松金属丝 手工学校 - CH,53259373757,411270779652,BR,2026-04-24,2026-07-25,派对用品,其他的,,https://cf.shopee.com.br/file/br-11134207-820md-mr1m55vc72faef,http://shopee.com.br/product/1367299138/53259373757,-14.89,3.36,0.36,0.11,2.54,2.33,7.57
横幅尺寸 120x80厘米 您的设计稿 高品质印刷 可定制 高分辨率 多种尺寸可选,58213383487,159793253862,BR,2026-06-30,2026-06-30,派对用品,背景幕布和横幅,,https://cf.shopee.com.br/file/br-11134207-820ls-mq25on1tgflue1,http://shopee.com.br/product/1638927302/58213383487,0.04,7.12,,,2.71,2.17,6.43
针形吸顶式筒灯，三色带记忆功能，聚光灯/吸顶灯,19437249590,391192410210,PH,2022-08-22,2026-07-11,灯具,室内固定照明-天花板灯,吊灯/吸顶灯/面板灯/风扇灯,https://cf.shopee.ph/file/ph-11134207-820lc-mqig8at9sa9u64,http://shopee.ph/product/839991762/19437249590,5.95,5.86,1.79,2.66,3.11,1.58,4.21
太阳能壁灯，带运动传感器，复古灯丝户外花园灯，防水夜灯,49313747142,371187464603,PH,2026-07-10,2026-07-10,灯具,太阳能灯,太阳能壁灯,https://cf.shopee.ph/file/sg-11134201-82597-mqgzzoo9au4g5d,http://shopee.ph/product/1749882632/49313747142,1.45,3.23,,,5.29,8.5,13.86
肽类药物瓶盖，印有肽的名称，10-15毫升规格（颜色随机）。,57263404637,426199329548,TH,2026-07-05,2026-07-13,其他,,,https://cf.shopee.co.th/file/th-11134207-81ztf-mq9wekejek1u6d,http://shopee.co.th/product/533405186/57263404637,-5.31,0.9,,0.04,2.59,2.88,3.21
金属心形气球，蓝色，24厘米，父亲节，“爸爸，我爱你，我的英雄”，派对装饰,58213787805,229446002665,BR,2026-07-07,2026-07-07,派对用品,气球,,https://cf.shopee.com.br/file/sg-11134201-8258s-mqc8br4u77k2ad,http://shopee.com.br/product/1696392283/58213787805,-10.19,2.96,,,8.21,6.67,22.86
5/10/25个金属心形气球套装，5英寸（12厘米）蛋糕装饰，派对装饰，中心摆件,58213680087,169729151269,BR,2026-07-04,2026-07-04,派对用品,气球,,https://cf.shopee.com.br/file/br-11134207-820lv-mq7tnsxtv2mb65,http://shopee.com.br/product/1800875490/58213680087,-6.18,3.93,,0.04,14.64,20.68,25.4
10/20/30 和 50 个亚克力管套装，8 厘米，适用于派对礼品。,58264665951,229446890813,BR,2026-07-21,2026-07-21,派对用品,其他的,,https://cf.shopee.com.br/file/br-11134207-820m8-mqwnus3aesxx09,http://shopee.com.br/product/1690147505/58264665951,-19.92,2.35,,,9.93,8.5,31.8
包含 50/100/150/200 个 25 毫升迷你杯和亚克力勺的套装。,58213740776,179417728322,BR,2026-07-06,2026-07-06,派对用品,其他的,,https://cf.shopee.com.br/file/br-11134207-820m9-mr4q9vo2trt28f,http://shopee.com.br/product/1690147505/58213740776,20.01,10.55,,0.06,18.88,17.25,41.81
迷你画架套装，3毫米原色中密度纤维板，LorenMix，照片架，标牌，派对装饰，工艺品,58263312945,229445521371,BR,2026-06-28,2026-06-28,派对用品,背景幕布和横幅,,https://cf.shopee.com.br/file/br-11134207-820ma-mp2ru514cphd1f,http://shopee.com.br/product/604832144/58263312945,-10.22,5.91,,0.11,2.21,2.83,3.14
个性化卡片/迷你邀请函 - 10x7厘米（可印制您的设计稿）,58256178851,169417928271,BR,2026-03-04,2026-07-13,派对用品,其他的,,https://cf.shopee.com.br/file/br-11134207-820lf-mqw1w3bfk5j820,http://shopee.com.br/product/390891249/58256178851,-8.47,4.72,0.21,1.24,2.11,2.33,2.71
TBF 2026年独立日海报 | 高级PVC防水教育海报 | 马来西亚爱国主义墙饰,28488329751,341206422423,MY,2025-07-04,2026-07-14,派对用品,背景幕布和横幅,,https://cf.shopee.com.my/file/my-11134207-820ld-mqn1ktka9ybl4d,http://shopee.com.my/product/344284946/28488329751,-2.72,1.18,,0.02,3.25,4.15,8.94
AGAR.SHOP 14色 1*2 米 金属箔帘 生日背景幕 箔片流苏 亮片派对装饰,1892659508,411136916890,PH,2019-02-06,2026-06-30,派对用品,背景幕布和横幅,,https://cf.shopee.ph/file/ph-11134207-820lf-mq3dcry8kd8r81,http://shopee.ph/product/35340243/1892659508,-10.94,0.31,4.81,4.61,5.82,4.93,6.38
（本地库存）教师节感谢卡 | 可爱的教师节感谢贺卡 - 可混搭,29989725574,426140537679,SG,2025-08-12,2026-07-01,派对用品,牌,,https://cf.shopee.sg/file/sg-11134207-8259d-mq4gmb7m3i18d6,http://shopee.sg/product/6802173/29989725574,-6.58,0.86,0.04,0.2,2.07,2.5,4.29
10个封装气球套装 - 18英寸泡泡气球 + 16英寸空气气球,58253267701,149555358039,BR,2026-01-15,2026-07-06,派对用品,气球,,https://cf.shopee.com.br/file/br-11134207-820lo-mqascdlep7gi28,http://shopee.com.br/product/1032217049/58253267701,15.95,7.89,19.44,31.0,33.03,31.92,40.45
30串红星旗帜风车装饰（10米）适用于9月2日咖啡馆和商店的户外装饰,41811479002,366315644479,VN,2025-08-04,2026-08-03,派对用品,背景幕布和横幅,,https://cf.shopee.vn/file/vn-11134207-81ztc-mr061ms7ib5t18,http://shopee.vn/product/1399575144/41811479002,4.57,3.86,0.07,0.04,2.84,2.0,8.5
【货到付款】24个装 10英寸 加厚纸盘架 铝箔盘架 防油纸托盘架 #018,51813683861,321184221759,PH,2026-07-09,2026-07-09,派对用品,一次性餐具,,https://cf.shopee.ph/file/ph-11134207-820l4-mqg3xtowojd748,http://shopee.ph/product/1724399062/51813683861,-5.25,3.08,,,3.04,2.94,8.1
30串红星旗帜风车装饰（10米）适用于9月2日咖啡馆和商店的户外装饰,41811479002,441252801759,VN,2025-08-04,2026-07-22,派对用品,背景幕布和横幅,,https://cf.shopee.vn/file/vn-11134207-81ztc-mqxih3lk969t9c,http://shopee.vn/product/1399575144/41811479002,13.46,6.26,0.07,0.04,2.84,2.0,8.5
50/100/200/300/400个迷你衣夹/迷你木制衣夹照片展示套装,58207255113,219192263427,BR,2026-03-20,2026-07-24,派对用品,木制夹子,,https://cf.shopee.com.br/file/br-11134201-820lo-mqylac8v4f0k48,http://shopee.com.br/product/419088855/58207255113,-15.67,2.03,0.68,1.02,9.79,9.25,28.96
大尺寸马来西亚国旗手旗 Jalur Gemilang 国庆独立手旗 14*21*30 厘米,26153986694,336234909694,MY,2024-06-28,2026-07-20,派对用品,背景幕布和横幅,,https://cf.shopee.com.my/file/my-11134207-820l5-mqo9g9dzwhkz42,http://shopee.com.my/product/1133542366/26153986694,-7.11,0.08,0.79,0.43,2.11,0.75,3.98
迷你父亲节贺卡 | 父亲节贺卡 | 4x4 套装，现货发售,58213406920,209191179234,BR,2026-06-30,2026-06-30,派对用品,牌,,https://cf.shopee.com.br/file/br-11134207-820lq-mq2p8cfqd2iq53,http://shopee.com.br/product/1012142437/58213406920,-5.27,2.96,,0.04,4.55,8.33,8.36
5个金属蜘蛛侠星星气球套装（蓝色或红色）+ 1或2个蓝色数字,51914109029,361218141614,BR,2026-07-16,2026-07-16,派对用品,气球,,https://cf.shopee.com.br/file/br-11134207-7r98o-mat681ufzjwvdd,http://shopee.com.br/product/457402009/51914109029,-0.09,5.24,,,3.07,3.33,8.43
50-400 个侏罗纪恐龙宝宝纸杯蛋糕衬垫，4 片花瓣，个性化派对礼品，生日礼品，巴西巧克力软糖球 (Brigadeiros)。,4654231702,302819508683,BR,2020-09-24,2026-07-24,派对用品,其他的,,https://cf.shopee.com.br/file/br-11134207-820la-mr1mm1t7ixafde,http://shopee.com.br/product/290461822/4654231702,-20.33,2.17,0.89,0.81,3.75,4.67,8.57
派对桌布背景罩 - 生日快乐蝴蝶结图案 - 热升华印花面料，带松紧带包边 - 50x50厘米,23395031500,119874530017,BR,2026-07-15,2026-07-15,派对用品,背景幕布和横幅,,https://cf.shopee.com.br/file/br-11134207-820me-mqnkziaak9oh90,http://shopee.com.br/product/1724395837/23395031500,-15.64,3.85,,,2.71,3.5,7.57
10条装1米超薄铝制LED灯条，适用于表面安装和嵌入式安装 - 黑色、灰色、白色、金色 - 1米,23494519126,169418575566,BR,2025-10-14,2026-08-01,灯具,装饰氛围灯,灯串/灯带/窗帘灯/装饰灯/舞台灯,https://cf.shopee.com.br/file/br-11134207-820l7-mrd67r0lis5g5b,http://shopee.com.br/product/294809424/23494519126,1.46,15.81,0.35,1.46,24.31,20.75,32.29
【买二送一】600W智能感应太阳能夹灯太阳能壁灯户外防水花园照明,51413247144,316203950252,MY,2026-07-02,2026-07-13,灯具,太阳能灯,太阳能壁灯,https://cf.shopee.com.my/file/cn-11134207-820l4-mqm1tpvr65fv30,http://shopee.com.my/product/1489976643/51413247144,-9.88,3.4,,0.6,3.08,2.25,3.43
饮料标签/卡片，适用于酒吧、餐厅，4x4厘米，可个性化定制，包含趣味短语,22198446683,149793509520,BR,2025-04-22,2026-07-10,派对用品,牌,,https://cf.shopee.com.br/file/br-11134207-820me-mpnrlyn8dvcz04,http://shopee.com.br/product/624595308/22198446683,-1.68,3.93,0.39,3.11,7.36,6.0,10.29
亚克力礼品管 13厘米 - 用于装饰、儿童派对、调料罐 - 10个、20个、30个、40个和50个装,22294882115,109874796278,BR,2026-02-24,2026-07-29,派对用品,其他的,,https://cf.shopee.com.br/file/sg-11134201-8258j-mr7v30ffo64mcf,http://shopee.com.br/product/820641225/22294882115,-18.86,2.17,0.96,,8.82,,35.29
中秋节灯笼有各种形状和设计（35-45 种不同款式），包括动物形状的纸灯笼、圆柱形纸灯笼、星形灯笼和动物形状的笼形灯笼。,21829691341,426240500052,VN,2022-07-31,2026-07-21,派对用品,其他的,,https://cf.shopee.vn/file/vn-11134207-820l4-mehvx1i63chy8f,http://shopee.vn/product/13443652/21829691341,-7.06,0.49,,0.04,3.28,5.14,8.14
OOAKS 太阳能壁灯、围栏灯、防水，适用于楼梯、屋檐和围栏，自动开/关。,44213216205,431242897718,TH,2025-08-15,2026-07-21,灯具,太阳能灯,太阳能壁灯,https://cf.shopee.co.th/file/th-11134207-81zte-mqfvdkoyhxxo5e,http://shopee.co.th/product/1091876779/44213216205,-5.92,2.67,15.12,15.45,17.5,8.31,13.31
适用于 50x50 结构的迷你面板罩，专为桌面派对定制 - 蜘蛛侠,51063502440,228312717556,BR,2026-07-06,2026-07-06,派对用品,背景幕布和横幅,,https://cf.shopee.com.br/file/sg-11134201-825a4-mqc0grsrd8nf33,http://shopee.com.br/product/655360808/51063502440,-24.31,2.95,,,3.46,4.14,8.29
已售出10000+件的旋转黄铜十二生肖钥匙扣，招财十二生肖吊坠,55063162648,381140898085,PH,2026-07-01,2026-07-01,其他,,,https://cf.shopee.ph/file/sg-11134201-8258c-mq4j2glfaozzf8,http://shopee.ph/product/457981738/55063162648,-7.46,2.27,,,2.89,1.33,2.86
COB LED灯条，3000K、4000K、6000K，5米，8毫米，320颗LED灯珠，12V，IP20，适用于型材。,58264755929,149793845381,BR,2026-07-22,2026-07-22,灯具,装饰氛围灯,灯串/灯带/窗帘灯/装饰灯/舞台灯,https://cf.shopee.com.br/file/br-11134207-820lh-mqy8a7kqw6pzc6,http://shopee.com.br/product/1726837783/58264755929,-38.97,6.5,,,2.12,3.67,5.36
30串红星旗帜风车装饰（10米）适用于9月2日咖啡馆和商店的户外装饰,41811479002,292846224027,VN,2025-08-04,2026-08-03,派对用品,背景幕布和横幅,,https://cf.shopee.vn/file/vn-11134207-81ztc-mqywlqpz77d184,http://shopee.vn/product/1399575144/41811479002,8.64,6.1,0.07,0.04,2.84,2.0,8.5
定制横幅，请发送您的设计稿或照片（通过消息发送）,58213814966,228809933026,BR,2026-07-07,2026-08-02,派对用品,背景幕布和横幅,,https://cf.shopee.com.br/file/br-11134207-820m3-mr0oib4kj85g79,http://shopee.com.br/product/1462180064/58213814966,-1.72,6.52,,,6.21,9.83,16.0
带盖铰链式酱料杯，可微波加热，容量可选1/2/3/4盎司，环保型，一次性使用。,52313497005,326168542082,PH,2026-07-06,2026-07-06,派对用品,一次性餐具,,https://cf.shopee.ph/file/ph-11134207-820l4-mqbz2r3df1u75a,http://shopee.ph/product/1879419413/52313497005,-12.83,1.29,,,2.87,0.71,9.19
带 3 种 LED 颜色、可调光、可充电的台灯，适用于客厅装饰。,22695020197,179729863881,BR,2026-06-24,2026-07-28,灯具,装饰氛围灯,灯串/灯带/窗帘灯/装饰灯/舞台灯,https://cf.shopee.com.br/file/sg-11134201-82597-mr6q0tn8u4u9fd,http://shopee.com.br/product/1788075231/22695020197,-37.82,7.31,,,6.07,5.0,18.71
EPS Foam Box / Poly Foam Box / Polystyrene Fish Box / Styrofoam Ice 泡沫箱 发泡胶箱 保丽龙箱,47713330511,272751237138,MY,2026-07-03,2026-07-03,其他,,,https://cf.shopee.com.my/file/my-11134207-820lb-mq60h3gnf8jzfb,http://shopee.com.my/product/1017187794/47713330511,-7.0,0.79,,,4.0,4.33,5.79
带盖铰链式酱料杯，可微波加热，容量可选1/2/3/4盎司，环保型，一次性使用。,52313497005,326168542081,PH,2026-07-06,2026-07-06,派对用品,一次性餐具,,https://cf.shopee.ph/file/ph-11134207-820li-mqbz2n1hauxa88,http://shopee.ph/product/1879419413/52313497005,-10.29,1.89,,,2.87,0.71,9.19
浅粉色和香槟色豪华气球套装，108 个 LL-1588。适用于主题派对和特殊庆典的多功能装饰。,58263771428,109874685202,BR,2026-07-07,2026-07-20,派对用品,气球,,https://cf.shopee.com.br/file/br-11134207-820mh-mqvywsrg42yv1f,http://shopee.com.br/product/1692493049/58263771428,13.7,7.61,,,4.89,5.67,10.86
RH气球鱼套装 **这套气球鱼套装非常漂亮，鱼儿个头很大，而且价格超级划算！~详情请咨询。**,52459625650,391257619728,TH,2026-04-28,2026-07-23,派对用品,气球,,https://cf.shopee.co.th/file/th-11134207-81ztn-mrdzxlm9getc1a,http://shopee.co.th/product/56311129/52459625650,3.33,2.25,0.68,2.04,2.66,3.42,4.21
可充电无线磁吸式 LED 夜灯，带运动传感器，适用于卧室、楼梯和衣柜。,23995010421,109729503407,BR,2026-07-02,2026-07-02,灯具,装饰氛围灯,灯串/灯带/窗帘灯/装饰灯/舞台灯,https://cf.shopee.com.br/file/br-11134207-820l8-mq5vgzadbk75af,http://shopee.com.br/product/1797330630/23995010421,-48.36,5.1,,,2.68,0.17,10.43
批发2000个PP Y型杯，1000个U型杯，12盎司/16盎司/22盎司一次性塑料透明杯，95毫米奶茶杯,49863010417,436125545839,PH,2026-06-28,2026-06-28,派对用品,一次性餐具,,https://cf.shopee.ph/file/sg-11134201-824gq-mq081dejmjnv8e,http://shopee.ph/product/1770693998/49863010417,82.38,22.7,,0.3,3.59,4.75,5.86
【多款全新设计】卡通牛皮纸贺卡和信封（随机图案）,22081945946,366176938556,VN,2023-09-30,2026-07-08,派对用品,牌,,https://cf.shopee.vn/file/vn-11134207-81ztc-mqefbsfwcb9qc6,http://shopee.vn/product/122395498/22081945946,-5.13,0.46,7.28,3.79,8.36,5.56,9.36
LED招牌、咖啡店招牌、发光字母招牌、店面招牌、店铺装饰、霓虹灯招牌、房间装饰，精美醒目的文字设计……,6717139844,391177966474,TH,2020-02-15,2026-07-08,灯具,应急及标识照明,指示牌/灯箱招牌/标识,https://cf.shopee.co.th/file/th-11134207-81zth-mqekgvn485xq27,http://shopee.co.th/product/219102618/6717139844,12.31,7.26,3.67,4.29,4.54,1.71,3.07
10/20/30/40/50个装透明PET泰迪熊造型塑料管，带塑料盖，R28糖果罐，适用于派对礼品,21698034291,406308062720,BR,2025-02-19,2026-08-01,派对用品,其他的,,https://cf.shopee.com.br/file/br-11134207-820lu-mrd0dlim2xhh5d,http://shopee.com.br/product/973078096/21698034291,-17.97,2.55,11.49,12.0,11.88,3.5,15.64
海洋动物气球：鱼、章鱼、河豚——是可爱派对装饰的完美之选 (F),5277439691,259278049106,TH,2021-01-21,2026-07-03,派对用品,气球,,https://cf.shopee.co.th/file/sg-11134201-825b8-mqyxdcfq5o8w8d,http://shopee.co.th/product/54031427/5277439691,-1.79,0.63,0.12,0.45,2.43,1.89,3.26
EPS Foam Box / Poly Foam Box / Polystyrene Fish Box / Styrofoam Ice 泡沫箱 发泡胶箱 保丽龙箱,47713330511,272751237137,MY,2026-07-03,2026-07-03,其他,,,https://cf.shopee.com.my/file/my-11134207-820lg-mq60h3gblmgx5a,http://shopee.com.my/product/1017187794/47713330511,-5.89,1.07,,,4.0,4.33,5.79
客户定制的横幅设计作品,58264697915,169418246745,BR,2026-07-21,2026-07-21,派对用品,背景幕布和横幅,,https://cf.shopee.com.br/file/br-11134207-820m8-mqzbx1zg0b2f00,http://shopee.com.br/product/395721774/58264697915,-2.33,6.97,,,2.3,0.83,8.36
150*100厘米 可爱恐龙背景幕布 霸王龙戴生日帽 主题生日派对装饰道具,41509520428,416176470109,PH,2025-07-23,2026-07-08,派对用品,背景幕布和横幅,,https://cf.shopee.ph/file/ph-11134207-820l4-mqeasj7gftouf8,http://shopee.ph/product/646678126/41509520428,-0.27,1.11,2.91,3.35,4.0,4.4,6.39
100/50气球套装，适用于派对、生日、装饰和拱门 - 7英寸,49213215421,262746208307,BR,2026-07-01,2026-07-01,派对用品,气球,,https://cf.shopee.com.br/file/br-11134207-820mh-mq4x7lz6cav6c7,http://shopee.com.br/product/369669985/49213215421,5.33,5.91,,0.04,14.74,17.5,18.96
Agar.Shop 闪光生日绶带派对装饰生日绶带,12756436939,381158806331,PH,2021-12-01,2026-07-04,派对用品,腰带,,https://cf.shopee.ph/file/ph-11134207-820lg-mq8yr0b6vi8e4f,http://shopee.ph/product/35340243/12756436939,-3.06,0.64,7.15,9.05,9.77,8.84,12.13
50-400 个侏罗纪恐龙宝宝纸杯蛋糕衬垫，4 片花瓣，个性化派对礼品，生日礼品，巴西巧克力软糖球 (Brigadeiros)。,4654231702,346269624870,BR,2020-09-24,2026-07-24,派对用品,其他的,,https://cf.shopee.com.br/file/br-11134207-7r98o-lr4zkanj0zs4de,http://shopee.com.br/product/290461822/4654231702,-15.5,3.36,0.89,0.81,3.75,4.67,8.57
10/20/30/40/50支装PET管（1号），带透明盖（R28），适用于派对礼品和糖果,17804585440,431307837437,BR,2022-02-17,2026-08-01,派对用品,其他的,,https://cf.shopee.com.br/file/br-11134207-820m1-mrcy818hjuvb52,http://shopee.com.br/product/395155703/17804585440,2.9,7.14,26.17,40.31,48.84,44.64,62.08
AO2026- 腰带/民族服饰/多种颜色和款式,16193833214,292852975768,PH,2023-03-27,2026-08-06,派对用品,腰带,,https://cf.shopee.ph/file/ph-11134207-820lf-mrjkec6i991k7a,http://shopee.ph/product/290327114/16193833214,1.24,1.62,0.21,0.52,2.23,1.83,4.76
3D立体蝴蝶 - 20只、40只和60只装 - 蝴蝶花束 - 贴花 - 标签 - 蛋糕装饰 - 蝴蝶花园,58206806543,199192329123,BR,2026-03-13,2026-07-27,派对用品,其他的,,https://cf.shopee.com.br/file/br-11134207-820mg-mpic1qlwyi2q91,http://shopee.com.br/product/865413223/58206806543,-21.37,1.98,0.14,1.56,3.89,3.33,5.43
罗马冰棒图案面板盖 - 易于安装，纯色，双面可用 - 快速发货,22497756765,129841212961,BR,2024-09-02,2026-07-22,派对用品,背景幕布和横幅,,https://cf.shopee.com.br/file/br-11134207-820lq-mqxos05ipybqeb,http://shopee.com.br/product/568896525/22497756765,11.23,9.69,3.64,3.59,2.32,0.83,2.57
9英寸素色乳胶气球，50个装，适用于派对和生日装饰,44513363874,441155024439,BR,2026-07-03,2026-07-03,派对用品,气球,,https://cf.shopee.com.br/file/br-11134207-820md-mq924d7dyh35ad,http://shopee.com.br/product/1225422954/44513363874,-5.14,3.85,,,13.2,14.72,23.14
个性化礼品袋，可印姓名和年龄 - 汽车总动员麦昆主题 - 生日派对礼物 - DIY,58264123639,159793528978,BR,2026-07-13,2026-07-13,派对用品,其他的,,https://cf.shopee.com.br/file/sg-11134201-824i0-mpiqurerkvlu14,http://shopee.com.br/product/1577308592/58264123639,-11.01,4.52,,,3.21,4.5,7.43
Zippo打火机外壳及类似物品的燃料。,53513277635,376211068539,VN,2026-07-03,2026-07-15,其他,,,https://cf.shopee.vn/file/vn-11134207-81ztc-mq6hga2yqbrj8e,http://shopee.vn/product/1332458291/53513277635,3.09,4.19,,0.07,4.62,3.81,6.26
5/10/20/50 个 24 英寸（60 厘米）水晶泡泡气球套装，适用于派对和活动装饰,58214118463,199191666002,BR,2026-07-13,2026-07-13,派对用品,气球,,https://cf.shopee.com.br/file/br-11134207-820lc-mqkwg1ltimm87e,http://shopee.com.br/product/481485318/58214118463,7.58,6.52,,,7.18,10.83,16.71
嵌入式吸顶灯灯罩，尺寸分别为 76 毫米、90 毫米和 110 毫米；嵌入式吸顶灯灯罩盖，尺寸分别为 90 毫米和 110 毫米。,23784926380,416159029050,VN,2023-10-28,2026-07-04,灯具,灯具配件,灯带配件/控制器,https://cf.shopee.vn/file/vn-11134207-81ztc-mq90sxw0hgy6d2,http://shopee.vn/product/993132269/23784926380,-17.1,0.29,2.62,3.33,3.77,3.33,4.07
（五折优惠）100片装水龙头滤芯棉质净水器一次性通用防溅水龙头滤芯，用于去除自来水和泉水中的沙垢和沉淀物,52063039291,297738872911,MY,2026-06-29,2026-06-29,其他,,,https://cf.shopee.com.my/file/cn-11134207-820l4-mq1rxaelp98if2,http://shopee.com.my/product/1032444488/52063039291,0.65,1.37,,,2.52,2.0,6.07
迷你 RGB LED 球形灯，彩色，USB 供电，派对灯，DJ 音效，频闪，氛围灯，卧室，手机,22695005745,189192542291,BR,2026-05-28,2026-07-31,灯具,装饰氛围灯,灯串/灯带/窗帘灯/装饰灯/舞台灯,https://cf.shopee.com.br/file/sg-11134201-8259v-mrbpxy77xdzae6,http://shopee.com.br/product/1082548498/22695005745,-63.87,2.17,0.04,0.26,2.62,2.5,4.86
肽类药物瓶盖，印有肽的名称，10-15毫升规格（颜色随机）。,57263404637,426161382197,TH,2026-07-05,2026-07-05,其他,,,https://cf.shopee.co.th/file/th-11134207-81ztf-mq9wekejek1u6d,http://shopee.co.th/product/533405186/57263404637,-5.78,0.75,,0.04,2.59,2.88,3.21
100个一次性沙拉碗，牛皮纸圆形碗，带透明盖，容量1000毫升,57664633465,206415544080,PH,2026-07-23,2026-07-23,派对用品,一次性餐具,,https://cf.shopee.ph/file/ph-11134207-820l6-mqzwntldnnkc77,http://shopee.ph/product/1865924200/57664633465,21.36,8.98,,,6.42,12.14,15.29
【货到付款】太阳能帘幕冰柱灯，IP65防水LED瀑布灯，适用于婚礼、庭院和装饰,43882221753,366146879246,PH,2026-07-02,2026-07-02,灯具,太阳能灯,太阳能装饰灯,https://cf.shopee.ph/file/ph-11134207-820l9-mq30zcslps7fe8,http://shopee.ph/product/1871249164/43882221753,-3.67,3.66,,,3.67,3.5,8.55
1米-15米 RGB LED灯带 蓝牙 USB 串灯 5050 SMD 红外遥控 柔性胶带 电视卧室游戏装饰,49363988715,361206522480,MY,2026-07-14,2026-07-14,灯具,装饰氛围灯,灯串/灯带/窗帘灯/装饰灯/舞台灯,https://cf.shopee.com.my/file/my-11134207-820ld-mqn1fefkzf9rfb,http://shopee.com.my/product/1519196990/49363988715,-9.9,1.71,,,3.45,4.08,7.86
（快速货到付款）E27 LED灯泡座 E27底座吊灯底座圆形灯座,25059745216,234719776784,PH,2024-01-21,2026-07-16,灯具,灯具配件,灯带配件/控制器,https://cf.shopee.ph/file/ph-11134207-820l6-mqpl03eaetq81c,http://shopee.ph/product/341793153/25059745216,-18.25,0.34,3.91,5.27,3.81,3.57,5.21
一套6支豪华弧形石蜡生日蜡烛，适用于蛋糕装饰、派对、婚礼,23099558415,179417781910,BR,2026-07-07,2026-07-07,派对用品,其他的,,https://cf.shopee.com.br/file/sg-11134201-8259r-mqdg5ienh62zaa,http://shopee.com.br/product/1734958341/23099558415,-17.84,2.55,,,21.09,31.17,38.21
GeeParty 7件套巨型粉色蝴蝶结铝箔气球套装，粉色数字32英寸，适合女孩生日派对装饰,52454589700,411157109838,MY,2026-01-13,2026-07-04,派对用品,气球,,https://cf.shopee.com.my/file/cn-11134207-820l4-mq1rvvt9cqv5a6,http://shopee.com.my/product/833679123/52454589700,-1.4,0.79,1.91,3.84,4.89,3.83,5.68
装饰性3D蝴蝶套装，适用于墙面装饰、生日派对、卧室、客厅、蛋糕装饰，色彩缤纷，简约时尚,22498835845,287842259698,BR,2025-08-21,2026-08-02,派对用品,其他的,,https://cf.shopee.com.br/file/br-11134207-81ztc-mjexk2lq4c1ve4,http://shopee.com.br/product/445215136/22498835845,-16.77,2.77,11.43,7.57,9.54,7.17,12.5
50个一次性塑料慕斯杯圆柱形布丁杯甜点蛋糕杯,49503592254,292844737901,MY,2025-12-24,2026-08-03,派对用品,一次性餐具,,https://cf.shopee.com.my/file/cn-11134207-820l4-mrfblu4wtrepd9,http://shopee.com.my/product/1514829160/49503592254,-4.31,1.59,3.93,6.05,5.25,3.25,8.4
5/10/25个金属心形气球套装，5英寸（12厘米）蛋糕装饰，派对装饰，中心摆件,58213680087,169729151268,BR,2026-07-04,2026-07-04,派对用品,气球,,https://cf.shopee.com.br/file/br-11134207-820mc-mq7tnsxts9hfb4,http://shopee.com.br/product/1800875490/58213680087,-3.2,3.93,,0.04,14.64,20.68,25.4
新娘金属气球套装 + 戒指气球，适合单身派对和婚礼派对,23698776278,441164036179,BR,2025-08-01,2026-07-06,派对用品,背景幕布和横幅,,https://cf.shopee.com.br/file/br-11134207-820lw-mqat66v1eyo0eb,http://shopee.com.br/product/318152476/23698776278,-16.45,3.93,0.79,0.7,2.59,2.08,4.64
吸顶灯 LED 三色吸顶灯 北欧现代方形吊灯 适用于客厅、餐厅、卧室,21712798303,381202060802,PH,2022-06-17,2026-07-13,灯具,室内固定照明-天花板灯,吊灯/吸顶灯/面板灯/风扇灯,https://cf.shopee.ph/file/ph-11134207-820ld-mqzn9igc2kg2b4,http://shopee.ph/product/510991130/21712798303,4.63,5.65,0.08,0.33,3.13,3.75,5.79
（本地库存）教师节感谢卡 | 可爱的教师节感谢贺卡 - 可混搭,29989725574,331142027008,SG,2025-08-12,2026-07-01,派对用品,牌,,https://cf.shopee.sg/file/sg-11134207-823ph-mpdae8hmfvnvf6,http://shopee.sg/product/6802173/29989725574,-7.18,0.71,0.04,0.2,2.07,2.5,4.29
一次性塑料餐具派对长款 6.5 英寸勺叉 [50 个±] Sudu Garpu Panjang 白色/黑色/透明,13726051248,361232651139,MY,2021-10-11,2026-07-20,派对用品,一次性餐具,,https://cf.shopee.com.my/file/my-11134207-820ld-mqwced3mdy4k4e,http://shopee.com.my/product/202332340/13726051248,-8.52,0.61,5.86,6.05,6.61,6.17,6.56
一套20只双面3D蝴蝶，可用于墙面装饰、卧室装饰、派对装饰、生日装饰、蛋糕装饰，色彩缤纷，美观精致，适合DIY。,23098924502,436308853296,BR,2025-09-23,2026-08-02,派对用品,背景幕布和横幅,,https://cf.shopee.com.br/file/br-11134207-820lx-mn3n2o0z8fluab,http://shopee.com.br/product/445215136/23098924502,-21.25,2.77,4.4,5.87,6.14,3.33,12.64
【超快2小时】毕业典礼开幕式精选表格 - 2026年热门精美模板,27036665416,336299526581,VN,2025-05-17,2026-07-31,派对用品,其他的,,https://cf.shopee.vn/file/vn-11134207-81ztc-mraiz7umt79if8,http://shopee.vn/product/223479836/27036665416,25.96,9.48,0.4,0.07,2.3,2.58,5.56
【每包25个】一次性勺子/叉子/勺叉餐具，可重复使用勺子 kutsara 勺子和叉子,52863620552,406178455428,PH,2026-07-08,2026-07-08,派对用品,一次性餐具,,https://cf.shopee.ph/file/ph-11134207-820l6-mqen7nrrammnea,http://shopee.ph/product/1302321365/52863620552,-4.51,0.34,,,6.83,7.0,10.33
Uniluxe [买一送一] 200000W 钻石太阳能泛光灯 防水 IP68 路灯 带太阳能电池板,41409270058,346279964289,PH,2025-07-21,2026-07-27,灯具,太阳能灯,太阳能路灯,https://cf.shopee.ph/file/ph-11134207-820ld-mr5e3i0l6y9t80,http://shopee.ph/product/1000257553/41409270058,7.77,6.27,18.41,40.37,33.9,17.25,92.07
仿真泡沫塑料蛋糕，外层包裹白色EVA泡沫，三层，适用于派对、活动、生日、订婚等场合,58210081065,189624605526,BR,2026-05-05,2026-07-22,派对用品,其他的,,https://cf.shopee.com.br/file/br-11134207-820mb-mqyw464tcf0l8d,http://shopee.com.br/product/287079590/58210081065,7.91,8.2,3.17,6.4,11.77,11.42,20.5
LED贴片式荧光棒，可充电，无线，磁吸式安装，触摸控制，3种颜色，带遥控器,23299516645,119874336660,BR,2026-07-01,2026-07-01,灯具,室内移动照明,感应灯/磁吸灯/粘贴灯/橱柜灯/衣柜灯/走廊灯,https://cf.shopee.com.br/file/br-11134207-820mb-mqji13702x3525,http://shopee.com.br/product/451332066/23299516645,-27.64,9.68,,0.04,2.37,1.25,8.14
个性化 15x15 MDF 邀请函盒，适用于洗礼、坚信礼、奉献礼和婚礼的教父母。,23594991997,179729144567,BR,2026-05-30,2026-07-05,派对用品,牌,,https://cf.shopee.com.br/file/br-11134207-820l7-mq9d67cg62v717,http://shopee.com.br/product/236511013/23594991997,56.32,15.4,0.11,1.98,2.25,2.0,2.29
打火机 - 5个装和10个装两种规格，有带点火器和不带点火器的两种。,55513731463,426187339287,PH,2026-07-10,2026-07-10,其他,,,https://cf.shopee.ph/file/ph-11134207-820lb-mqgxvok6h4ox00,http://shopee.ph/product/1774967603/55513731463,-11.67,1.31,,,3.32,5.08,7.84
彩色生日快乐字母气球套装，高40厘米，生日派对装饰 - Miubabyclothing,21845955556,311220970129,VN,2022-09-15,2026-07-17,派对用品,气球,,https://cf.shopee.vn/file/aa62e9c42cf7c2727e6073b95ec6b94d,http://shopee.vn/product/807475139/21845955556,-2.93,1.26,3.19,4.92,3.02,0.62,2.05
马来西亚旗帜/各州旗帜/马来西亚及各国小旗帜,16075428990,426317475658,MY,2022-06-16,2026-08-04,派对用品,背景幕布和横幅,,https://cf.shopee.com.my/file/sg-11134201-825ao-mrgs4t8l179h3a,http://shopee.com.my/product/369427716/16075428990,-1.67,1.47,,0.04,2.37,0.47,8.77
可爱LED花朵夜灯床头柜装饰，适合儿童房,58263980229,189624020586,BR,2026-07-10,2026-07-10,灯具,装饰氛围灯,灯串/灯带/窗帘灯/装饰灯/舞台灯,https://cf.shopee.com.br/file/sg-11134201-82587-mqgiow5i6bym25,http://shopee.com.br/product/394731864/58263980229,-55.23,3.56,,,2.04,2.67,4.57
恐龙主题派对一次性餐具，儿童恐龙派对套装装饰用品,12974054165,376153735728,PH,2022-01-25,2026-07-03,派对用品,一次性餐具,,https://cf.shopee.ph/file/ph-11134207-820lc-mq7hkftugbgu8c,http://shopee.ph/product/646678126/12974054165,-14.47,0.95,5.01,4.86,6.08,5.16,7.52
磁性奖励罐，家庭教育玩具，强化、教育、学习，蒙特梭利。,23799459383,139841283307,BR,2026-05-16,2026-07-27,派对用品,其他的,,https://cf.shopee.com.br/file/br-11134207-820m7-mr4r64wx8g043b,http://shopee.com.br/product/384876735/23799459383,-17.26,2.15,3.31,3.09,4.18,3.67,6.43
简约风格现代简约LED落地灯，适用于客厅、卧室、书房等场所。,26671395695,361129858057,MY,2024-12-23,2026-06-29,灯具,室内移动照明,台灯/落地灯/夹子灯/学习灯/小夜灯,https://cf.shopee.com.my/file/my-11134207-820li-mq1nkhbz5hq979,http://shopee.com.my/product/1405439411/26671395695,22.18,9.78,0.8,3.62,6.33,7.5,10.29
5件套蛋糕架 – 优雅金色款，适合派对餐桌,58263171107,199624869312,BR,2026-06-25,2026-07-29,派对用品,背景幕布和横幅,,https://cf.shopee.com.br/file/br-11134207-820ly-mpvkzz1cqj9cc2,http://shopee.com.br/product/410003805/58263171107,-18.6,2.96,,0.07,3.25,4.0,4.71
【热销】纽扣电池LED串灯 1米/2米/3米 铜线灯串 圣诞派对房间装饰,40005324256,431130365902,PH,2025-06-20,2026-06-29,灯具,装饰氛围灯,灯串/灯带/窗帘灯/装饰灯/舞台灯,https://cf.shopee.ph/file/ph-11134207-7rasf-manl96ziszxu6a,http://shopee.ph/product/535402461/40005324256,-17.0,0.59,1.31,0.65,3.56,1.53,7.57
带集成式电线和开关的灯座 - 电线长度可选 3 米、5 米、8 米和 10 米 - 标准 E27 灯座，带圆形插头,24419056405,311131644654,VN,2024-03-14,2026-06-29,灯具,灯具配件,灯带配件/控制器,https://cf.shopee.vn/file/vn-11134207-81ztc-mq4pjxwqk4y74e,http://shopee.vn/product/575133036/24419056405,-13.21,1.33,4.31,1.69,2.94,2.85,3.24
TBF 2026 独立日雨伞和棋盘格装饰 | 高级艺术卡片装饰 | 40+ 款设计,42713196920,421215392486,MY,2025-08-15,2026-07-16,派对用品,其他的,,https://cf.shopee.com.my/file/my-11134207-820l5-mqmzhnr7sydn2f,http://shopee.com.my/product/344284946/42713196920,4.74,2.87,,0.2,8.57,5.76,26.19
5个金属蜘蛛侠星星气球套装（蓝色或红色）+ 1或2个蓝色数字,51914109029,361218141609,BR,2026-07-16,2026-07-16,派对用品,气球,,https://cf.shopee.com.br/file/br-11134207-820mf-mnxidz2rd34275,http://shopee.com.br/product/457402009/51914109029,-4.33,4.33,,,3.07,3.33,8.43
200W LED泛光灯，防水，双电压，冷白光,58263878897,228808427422,BR,2026-07-08,2026-07-08,灯具,室内固定照明-其他,筒灯/射灯/嵌灯/轨道灯/壁灯/镜前灯/橱窗灯,https://cf.shopee.com.br/file/sg-11134201-825a0-mfu48se154p6a3,http://shopee.com.br/product/1553736756/58263878897,-46.2,5.93,,,10.77,12.25,23.0
☘️现货 | 价格实惠☘️【母亲节贺卡，10张装】,52263370294,406157133452,TH,2026-07-04,2026-07-04,派对用品,牌,,https://cf.shopee.co.th/file/th-11134207-81ztl-mq8kpsgez1fw62,http://shopee.co.th/product/32334343/52263370294,-1.13,0.3,,0.11,3.14,1.58,10.41
E27 LED灯泡 120W UFO 冷白灯泡 220V 适用于家庭厨房卧室车库天花板照明,46354291778,406145549544,MY,2026-01-07,2026-07-02,灯具,灯泡/灯管,灯泡/灯管,https://cf.shopee.com.my/file/my-11134207-820ld-mqfogwhbebd75c,http://shopee.com.my/product/1627291089/46354291778,-8.86,1.93,1.62,1.83,2.34,1.08,4.9
定制美甲展示架，可印上您的Logo和照片 - 展示柜,55013194996,426144299348,BR,2026-07-02,2026-07-02,派对用品,其他的,,https://cf.shopee.com.br/file/br-11134207-820mf-mq5abqmgzsow55,http://shopee.com.br/product/1402369562/55013194996,-11.94,4.01,,,5.3,6.0,11.71
可爱迷人的生日装饰套装，男女童皆宜 - SK6 儿童生日装饰,20782853953,416178334547,VN,2023-08-12,2026-07-08,派对用品,气球,,https://cf.shopee.vn/file/vn-11134207-7ras8-mbqozqo7qj11ae,http://shopee.vn/product/203500372/20782853953,8.19,4.3,2.59,3.2,3.43,2.07,3.72
【批量购买可享折扣】1厘米宽，1.9米长的仿毛皮绳，用于制作中秋节灯笼。,45557684585,406166048465,VN,2026-03-25,2026-07-06,其他,,,https://cf.shopee.vn/file/vn-11134207-81ztc-mqbia9lmeyha58,http://shopee.vn/product/602502085/45557684585,-11.21,0.35,0.29,2.51,4.38,5.0,5.06
UORRIS Spotlight Touch 2000mAh 磁吸底座 LED 无线壁灯 USB 可充电壁柜,49064359476,307803968600,PH,2026-07-20,2026-07-21,灯具,室内移动照明,感应灯/磁吸灯/粘贴灯/橱柜灯/衣柜灯/走廊灯,https://cf.shopee.ph/file/ph-11134207-820l9-mqwzsqy7a58sea,http://shopee.ph/product/1891985243/49064359476,-5.44,3.25,,,3.86,1.5,13.71
父亲节派对套装，包括窗帘、“爸爸”字样装饰、星星气球和心形气球,22994189663,179418440957,BR,2025-07-02,2026-07-28,派对用品,其他的,,https://cf.shopee.com.br/file/br-11134207-820lo-mr7cryca8npg54,http://shopee.com.br/product/1181583520/22994189663,6.45,7.9,0.54,0.74,2.64,2.0,3.14
Evora 太阳能 LED 灯：太阳能壁灯、楼梯灯，可安装在房屋墙壁、栅栏和庭院墙壁上，以增强户外空间的美观和装饰。,56103895632,386241092030,TH,2025-12-29,2026-07-21,灯具,太阳能灯,太阳能壁灯,https://cf.shopee.co.th/file/th-11134207-81ztc-mqwq7o9ze1vw82,http://shopee.co.th/product/1689038851/56103895632,-6.19,2.37,5.96,4.15,6.3,4.03,7.76
彩色塑料六月节横幅套装（10/50/100米）,47810129554,277743287452,BR,2026-05-07,2026-07-01,派对用品,其他的,,https://cf.shopee.com.br/file/sg-11134201-820n5-mnydtjinvp5465,http://shopee.com.br/product/504894896/47810129554,-19.53,2.37,52.86,110.43,30.75,1.5,3.29
带盖铰链式酱料杯，可微波加热，容量可选1/2/3/4盎司，环保型，一次性使用。,52313497005,326168542086,PH,2026-07-06,2026-07-06,派对用品,一次性餐具,,https://cf.shopee.ph/file/ph-11134207-820lb-mqbz2ze5337wf3,http://shopee.ph/product/1879419413/52313497005,-11.9,1.52,,,2.87,0.71,9.19
木制展示架，可用于展示香水、化妆品、珠宝、糖果和派对装饰品,23599552882,149793388654,BR,2026-07-05,2026-07-05,派对用品,其他的,,https://cf.shopee.com.br/file/br-11134207-820li-mqabvaosey2r83,http://shopee.com.br/product/225023451/23599552882,-2.12,5.71,,,4.38,5.33,7.64
12W 20W 30W COB轨道灯，经典圆形LED灯管，高亮度，适用于服装店、餐厅、咖啡馆和家庭。,56412770979,376133774655,VN,2026-06-25,2026-06-30,灯具,室内固定照明-其他,筒灯/射灯/嵌灯/轨道灯/壁灯/镜前灯/橱窗灯,https://cf.shopee.vn/file/vn-11134207-81ztc-mpvo6okt2qki18,http://shopee.vn/product/1581486452/56412770979,-7.33,2.95,,0.69,9.96,11.5,12.5
【每包25个】一次性勺子/叉子/勺叉餐具，可重复使用勺子 kutsara 勺子和叉子,52863620552,321222574576,PH,2026-07-08,2026-07-17,派对用品,一次性餐具,,https://cf.shopee.ph/file/ph-11134207-820l6-mqen7nrrammnea,http://shopee.ph/product/1302321365/52863620552,-3.47,0.64,,,6.83,7.0,10.33
10/20/30 和 50 个亚克力管套装，8 厘米，适用于派对礼品。,58264665951,219192084830,BR,2026-07-21,2026-07-21,派对用品,其他的,,https://cf.shopee.com.br/file/br-11134207-820lo-mqwnnv8i5gcl8c,http://shopee.com.br/product/1690147505/58264665951,-20.06,1.54,,,9.93,8.5,31.8
TBF 2026年独立日海报 | 高级PVC防水教育海报 | 马来西亚爱国主义墙饰,28488329751,341206422421,MY,2025-07-04,2026-07-14,派对用品,背景幕布和横幅,,https://cf.shopee.com.my/file/my-11134207-820l9-mqn1krf1mkubb7,http://shopee.com.my/product/344284946/28488329751,-2.72,1.18,,0.02,3.25,4.15,8.94
10/20/30 和 50 个亚克力管套装，8 厘米，适用于派对礼品。,58264665951,219192084835,BR,2026-07-21,2026-07-21,派对用品,其他的,,https://cf.shopee.com.br/file/br-11134207-820me-mqwnnv8hu7t1b5,http://shopee.com.br/product/1690147505/58264665951,-20.32,1.54,,,9.93,8.5,31.8
EVA泡沫塑料包裹的仿真泡沫塑料蛋糕 - 派对装饰 - 生日派对 - 性别揭晓派对 - 圆形或圆柱形,58260153393,149555570566,BR,2026-05-06,2026-07-15,派对用品,其他的,,https://cf.shopee.com.br/file/br-11134207-820lt-mqoruz6xdo1vbb,http://shopee.com.br/product/287079590/58260153393,-9.21,4.53,7.69,43.21,41.66,36.25,45.67
台灯，便携式 USB 可充电 LED 灯，高扁平设计，3 种颜色，亮度可调，适用于酒吧、咖啡馆、酒店、书房、卧室，可用作夜灯。,58063158429,302744534254,TH,2026-07-01,2026-07-01,灯具,装饰氛围灯,灯串/灯带/窗帘灯/装饰灯/舞台灯,https://cf.shopee.co.th/file/th-11134207-81zte-mq4fqg8m96o0ec,http://shopee.co.th/product/1767262335/58063158429,1.5,4.2,,0.11,4.61,5.33,7.71
100个10英寸复古莫兰迪彩色圆形乳胶气球，生日派对装饰必备,56659463405,381291000751,PH,2026-04-25,2026-07-29,派对用品,气球,,https://cf.shopee.ph/file/ph-11134207-820lf-mr8dthayry8cf3,http://shopee.ph/product/887319932/56659463405,-1.17,1.62,1.03,3.4,5.42,3.87,5.98
透明PET塑料折叠盖盒，带锁扣，方形底座，尺寸14.5x14.5x7.5厘米，50个/包。适用于盛放蛋糕、汉堡和其他烘焙食品。安全锁扣。,56413329796,292753089849,TH,2026-07-03,2026-07-03,派对用品,一次性餐具,,https://cf.shopee.co.th/file/th-11134207-81zto-mq7v0bg5mej318,http://shopee.co.th/product/84993392/56413329796,17.42,7.35,,0.29,3.28,1.73,2.64
5/10/25个金属心形气球套装，5英寸（12厘米）蛋糕装饰，派对装饰，中心摆件,58213680087,169417706755,BR,2026-07-04,2026-07-04,派对用品,气球,,https://cf.shopee.com.br/file/br-11134207-820l7-mq80sml1c0she9,http://shopee.com.br/product/1800875490/58213680087,-2.23,3.93,,0.04,14.64,20.68,25.4
透明泡泡气球 5英寸​​、9英寸、12英寸、18英寸和24英寸 - BOBO BALLON,54163192132,321143433034,BR,2026-07-02,2026-07-02,派对用品,气球,,https://cf.shopee.com.br/file/br-11134207-820m7-mq4zh21v7qbmb8,http://shopee.com.br/product/660773044/54163192132,5.28,6.15,,0.12,17.76,17.69,30.62
可充电伸缩触摸式台灯，可伸缩钢制灯架，暖白光LED灯，可调节，USB供电,22999529881,219623642668,BR,2026-06-30,2026-06-30,灯具,室内移动照明,台灯/落地灯/夹子灯/学习灯/小夜灯,https://cf.shopee.com.br/file/sg-11134201-8258t-mq3j3lg0dngub5,http://shopee.com.br/product/1760490898/22999529881,-44.84,5.93,,0.11,7.79,8.0,21.0
父亲节金属气球 10 英寸（25 厘米）“父亲节快乐”和“爸爸，我爱你” | 套装包含 5 个、10 个、25 个、30 个、40 个和 50 个气球,58263457981,219191230337,BR,2026-07-01,2026-07-01,派对用品,气球,,https://cf.shopee.com.br/file/sg-11134201-8259z-mq5nemjbuzuq6f,http://shopee.com.br/product/1718553599/58263457981,5.97,6.52,,0.59,39.9,61.5,68.21
PP塑料杯（50个）800/900/1000毫升/1300毫升，带盖（直径120毫米）,50662193445,341206741529,VN,2026-06-14,2026-07-14,派对用品,一次性餐具,,https://cf.shopee.vn/file/vn-11134207-81ztc-mqn33yxnu9sb2c,http://shopee.vn/product/1839950630/50662193445,-5.11,2.09,,0.98,3.24,1.58,4.43
定制横幅 80x120厘米 - 照片分辨率,58212179690,119729449528,BR,2026-06-10,2026-06-30,派对用品,背景幕布和横幅,,https://cf.shopee.com.br/file/br-11134207-820l7-mq3iah5693ib1c,http://shopee.com.br/product/1638927302/58212179690,-13.64,4.01,,0.15,6.11,7.75,14.93
10/20/30 和 50 个亚克力管套装，8 厘米，适用于派对礼品。,58264665951,219192084831,BR,2026-07-21,2026-07-21,派对用品,其他的,,https://cf.shopee.com.br/file/br-11134207-820lo-mqwnnv8i5gcl8c,http://shopee.com.br/product/1690147505/58264665951,-19.6,2.35,,,9.93,8.5,31.8
☘️现货 | 价格实惠☘️【母亲节贺卡，10张装】,52263370294,406157133446,TH,2026-07-04,2026-07-04,派对用品,牌,,https://cf.shopee.co.th/file/th-11134207-81ztq-mq8kojy7udqk2e,http://shopee.co.th/product/32334343/52263370294,-1.13,0.3,,0.11,3.14,1.58,10.41
巴厘岛白色模具，金色边框，40个装 - 120个。Lulli Fest,22399509743,219624496971,BR,2026-06-04,2026-07-20,派对用品,其他的,,https://cf.shopee.com.br/file/br-11134207-820lq-mqp3z0atc3y84a,http://shopee.com.br/product/1462048397/22399509743,7.31,8.09,,1.24,5.81,5.83,7.21
中秋节灯笼有各种形状和设计（35-45 种不同款式），包括动物形状的纸灯笼、圆柱形纸灯笼、星形灯笼和动物形状的笼形灯笼。,21829691341,401237423122,VN,2022-07-31,2026-07-20,派对用品,其他的,,https://cf.shopee.vn/file/vn-11134207-81ztc-mr1fxtoxf6km36,http://shopee.vn/product/13443652/21829691341,1.24,3.62,,0.04,3.28,5.14,8.14
[SIRIM] Ginic® LED筒灯 | 4英寸/6英寸/8英寸 | 12瓦/18瓦/24瓦 | 嵌入式LED吸顶灯,20479647018,331273424750,MY,2023-05-10,2026-07-25,灯具,室内固定照明-天花板灯,吊灯/吸顶灯/面板灯/风扇灯,https://cf.shopee.com.my/file/my-11134207-820lc-mrfjatlvuj9oe0,http://shopee.com.my/product/62599503/20479647018,-8.38,2.15,3.15,4.48,3.74,3.75,4.98
5/10 E27 灯座瓷质吸顶灯套装 100W 圆形 白色/黑色吸顶灯具,48763149155,416138097572,BR,2026-07-01,2026-07-01,灯具,灯具配件,灯带配件/控制器,https://cf.shopee.com.br/file/br-11134207-820lm-mqhn8ni4vncyce,http://shopee.com.br/product/442506479/48763149155,-55.05,3.89,,,3.07,3.33,6.07
5/10 E27 灯座瓷质吸顶灯套装 100W 圆形 白色/黑色吸顶灯具,48763149155,416138097571,BR,2026-07-01,2026-07-01,灯具,灯具配件,灯带配件/控制器,https://cf.shopee.com.br/file/br-11134207-820lv-mqhn8nhyiosj9c,http://shopee.com.br/product/442506479/48763149155,-55.19,3.89,,,3.07,3.33,6.07
【组合10】迷你手工复古干花贺卡，完美的圣诞礼物和装饰品 - M33,23386733872,59607633279,VN,2023-11-20,2026-07-23,派对用品,牌,,https://cf.shopee.vn/file/vn-11134207-7r98o-loazx54lm0on4b,http://shopee.vn/product/49080293/23386733872,0.67,2.02,2.95,3.17,3.2,1.92,2.19
Luna LED E27 壁灯，现代风格，适用于卧室、床头柜、客厅等场所，装饰性强。,28345323707,311229351162,BR,2026-07-19,2026-07-19,灯具,装饰氛围灯,灯串/灯带/窗帘灯/装饰灯/舞台灯,https://cf.shopee.com.br/file/br-11134207-820lo-mqtsn4teapz428,http://shopee.com.br/product/224459040/28345323707,-32.64,7.93,,,4.14,5.5,11.86
双面罗马派对背景幕布，2x1米，纯色，热升华印花。,58213735006,199192348007,BR,2026-07-05,2026-07-27,派对用品,背景幕布和横幅,,https://cf.shopee.com.br/file/br-11134207-820m9-mr60rz5vptdwa1,http://shopee.com.br/product/1875732069/58213735006,8.35,8.88,,,3.88,3.33,12.5
3D 5x5 AI吉祥物贴花，可个性化定制，适用于亚克力盒和锡制派对礼品。,58209148644,159793394916,BR,2026-04-18,2026-07-06,派对用品,其他的,,https://cf.shopee.com.br/file/br-11134201-820ln-mqyinwy7cr9i37,http://shopee.com.br/product/366286506/58209148644,-3.27,5.83,0.82,2.13,3.83,3.33,3.86
名人同款口罩✨风靡各行各业💥曼谷地区立即发货💥48种款式可供选择。,42180270816,446180121551,TH,2026-04-21,2026-07-08,派对用品,派对帽和面具,,https://cf.shopee.co.th/file/th-11134207-81ztl-mqeyc434y70gd6,http://shopee.co.th/product/92353442/42180270816,-1.77,0.87,10.07,18.94,20.11,17.87,18.27
TBF 2026年独立日背景幕布 | 高级帆布背景幕布 | 防水活动横幅 | 4种尺寸 | 4种设计,54163899638,381258187062,MY,2026-07-13,2026-07-23,派对用品,背景幕布和横幅,,https://cf.shopee.com.my/file/my-11134207-820l9-mqzuiednxh5841,http://shopee.com.my/product/344284946/54163899638,6.75,3.59,,,5.36,1.89,19.82
Bendera Malaysia Flag Malaysia 3x6ft 2x8ft 2x4ft Classroom / Office Assembly/ 马来西亚国旗,46163886291,371197653040,MY,2026-07-12,2026-07-12,派对用品,背景幕布和横幅,,https://cf.shopee.com.my/file/sg-11134201-8259x-mqk86as5f7cxf7,http://shopee.com.my/product/369427716/46163886291,-1.67,1.44,,,6.37,3.64,20.07
装饰性文字“生日快乐”镜面亚克力35x22厘米字母墙贴派对生日装饰,58213530522,169729061808,BR,2026-07-02,2026-07-02,派对用品,背景幕布和横幅,,https://cf.shopee.com.br/file/br-11134207-820ly-mq58zuy615hf4b,http://shopee.com.br/product/1593084782/58213530522,-2.16,6.9,,,3.5,2.5,6.0
【胡志明市】派对、生日、婚礼用迷你彩纸喷泉 - MiuParty,21560153798,406280041182,VN,2022-11-04,2026-07-27,派对用品,其他的,,https://cf.shopee.vn/file/vn-11134207-81ztc-mqzrqf1fak8ycb,http://shopee.vn/product/807475139/21560153798,-3.78,1.37,19.24,39.52,19.55,17.61,21.45
1 x 2 Meter Rain Foil Curtain for Party Wall Decoration Backdrops Banners Hiasan Belon Tirai Hiasan Dinding 派对布置背景 背景设计,40132116718,311130195506,MY,2026-06-29,2026-06-29,派对用品,背景幕布和横幅,,https://cf.shopee.com.my/file/my-11134207-820l8-mq1kv9fmczdb6a,http://shopee.com.my/product/1063909647/40132116718,-5.48,0.48,,0.19,4.47,2.9,7.78
220V COB LED灯带，防水硅胶涂层，超亮，直接插入电源，户外吸顶照明装饰【不含电源适配器】,47909568948,371200259951,VN,2026-04-27,2026-07-13,灯具,装饰氛围灯,灯串/灯带/窗帘灯/装饰灯/舞台灯,https://cf.shopee.vn/file/vn-11134207-81ztc-mqlamyf2pzwh26,http://shopee.vn/product/1775702143/47909568948,-12.61,2.28,2.84,7.47,16.24,15.47,18.93
宝可梦蛋糕装饰摆件特价促销,20599674136,109874510948,BR,2025-04-07,2026-07-13,派对用品,其他的,,https://cf.shopee.com.br/file/br-11134207-820lu-mookr1lmqkg58c,http://shopee.com.br/product/550613314/20599674136,-15.2,2.96,5.93,5.37,6.45,4.83,7.57
【胡志明市】派对、生日、婚礼用迷你彩纸喷泉 - MiuParty,21560153798,406280041180,VN,2022-11-04,2026-07-27,派对用品,其他的,,https://cf.shopee.vn/file/vn-11134207-81ztc-mqzrqdes07453e,http://shopee.vn/product/807475139/21560153798,-3.78,1.37,19.24,39.52,19.55,17.61,21.45
LED太阳能花园灯 IP65路径灯 防水户外适用于庭院草坪走道景观,40768160143,267807793370,PH,2025-09-09,2026-07-22,灯具,太阳能灯,太阳能装饰灯,https://cf.shopee.ph/file/ph-11134207-820lf-mqyfb3crg07g0f,http://shopee.ph/product/1036303351/40768160143,26.4,10.51,1.41,1.41,3.01,2.56,3.76
个性化卡片/迷你邀请函 - 10x7厘米（可印制您的设计稿）,58256178851,239445577025,BR,2026-03-04,2026-06-29,派对用品,其他的,,https://cf.shopee.com.br/file/br-11134207-820lf-mqw1w3bfk5j820,http://shopee.com.br/product/390891249/58256178851,-14.04,3.54,0.21,1.24,2.11,2.33,2.71
套装 - 4 至 8 个装饰蜡烛灯笼 LED 灯,21297751615,311150795526,BR,2024-07-11,2026-07-03,灯具,室内移动照明,台灯/落地灯/夹子灯/学习灯/小夜灯,https://cf.shopee.com.br/file/br-11134207-820ln-mq6ie7htz1mo21,http://shopee.com.br/product/360103072/21297751615,-21.13,11.27,5.99,4.78,9.88,8.17,12.07
一套 2 个玫瑰金数字气球，80 厘米，大号，优质金属质感，32 英寸，优雅的生日派对装饰。,58263797249,199191480468,BR,2026-07-07,2026-07-07,派对用品,气球,,https://cf.shopee.com.br/file/br-11134207-820lz-mqe1tqzegqgw3c,http://shopee.com.br/product/526783271/58263797249,-8.08,3.53,,,3.14,3.58,8.64
带盖铰链式酱料杯，可微波加热，容量可选1/2/3/4盎司，环保型，一次性使用。,52313497005,326168542083,PH,2026-07-06,2026-07-06,派对用品,一次性餐具,,https://cf.shopee.ph/file/ph-11134207-820l4-mqbz2r3df1u75a,http://shopee.ph/product/1879419413/52313497005,-9.05,2.48,,,2.87,0.71,9.19
TBF 2026年独立日海报 | 高级PVC防水教育海报 | 马来西亚爱国主义墙饰,28488329751,341206422408,MY,2025-07-04,2026-07-14,派对用品,背景幕布和横幅,,https://cf.shopee.com.my/file/my-11134207-820lh-mqn1kdzlyhvz2f,http://shopee.com.my/product/344284946/28488329751,-1.12,1.58,,0.02,3.25,4.15,8.94
定制横幅，请发送您的设计稿或照片（通过消息发送）,58213814966,228809933020,BR,2026-07-07,2026-08-02,派对用品,背景幕布和横幅,,https://cf.shopee.com.br/file/br-11134207-820m2-mr0oib4km1acc3,http://shopee.com.br/product/1462180064/58213814966,5.65,8.5,,,6.21,9.83,16.0
父亲节蛋糕装饰 | 爸爸生日 | 与孩子们一起,58213731559,199192410203,BR,2026-07-05,2026-07-29,派对用品,背景幕布和横幅,,https://cf.shopee.com.br/file/br-11134207-820lv-mr058v420d1g49,http://shopee.com.br/product/1877829037/58213731559,-20.37,2.87,,,5.36,6.33,15.57
Meiwa 一次性泡沫塑料餐盘 23厘米 白色 耐用 | 25个、50个、75个、100个或125个装，适用于派对和烧烤,56113576454,244282268732,BR,2026-07-08,2026-07-08,派对用品,一次性餐具,,https://cf.shopee.com.br/file/br-11134207-820m5-mqdklvsisw76c3,http://shopee.com.br/product/1514468195/56113576454,-33.13,3.31,,,3.95,1.85,5.05
定制美甲展示架，可印上您的Logo和照片 - 展示柜,55013194996,426144299349,BR,2026-07-02,2026-07-02,派对用品,其他的,,https://cf.shopee.com.br/file/br-11134207-820lc-mq5abqmh179c87,http://shopee.com.br/product/1402369562/55013194996,-12.12,4.01,,,5.3,6.0,11.71
10个雏菊气球，尺寸45厘米（18英寸），适合派对,52003127705,336137411659,BR,2025-12-16,2026-06-30,派对用品,气球,,https://cf.shopee.com.br/file/sg-11134201-8262q-mjrgs2nx1y4ka7,http://shopee.com.br/product/424262284/52003127705,12.38,7.89,5.8,12.98,13.81,14.96,17.21
10/20/30 和 50 个亚克力管套装，8 厘米，适用于派对礼品。,58264665951,229446890798,BR,2026-07-21,2026-07-21,派对用品,其他的,,https://cf.shopee.com.br/file/br-11134207-820mb-mqwnnv8hx0xx4c,http://shopee.com.br/product/1690147505/58264665951,-20.07,1.54,,,9.93,8.5,31.8
金属质感生日快乐横幅/派对装饰标准横幅,58214128139,149793533466,BR,2026-07-13,2026-07-13,派对用品,腰带,,https://cf.shopee.com.br/file/br-11134207-820m9-mql5m891lx4x4d,http://shopee.com.br/product/1468035717/58214128139,-2.48,3.16,,,4.61,7.17,7.43
派对桌布背景罩 - 生日快乐蝴蝶结图案 - 热升华印花面料，带松紧带包边 - 50x50厘米,23395031500,119874530015,BR,2026-07-15,2026-07-15,派对用品,背景幕布和横幅,,https://cf.shopee.com.br/file/br-11134207-820mb-mqnkzia9uzgjd4,http://shopee.com.br/product/1724395837/23395031500,-16.17,3.85,,,2.71,3.5,7.57
Agar.Shop 生日女王绶带和闪亮皇冠套装 21岁 30岁生日礼物 女士绶带,14867199548,254276228651,PH,2022-03-26,2026-07-01,派对用品,腰带,,https://cf.shopee.ph/file/ph-11134207-820lf-mq4tiqu643cw9d,http://shopee.ph/product/35340243/14867199548,-1.2,1.06,20.88,22.05,30.98,29.16,43.21
【货到付款】24个装 10英寸 加厚纸盘架 铝箔盘架 防油纸托盘架 #018,51813683861,321184221756,PH,2026-07-09,2026-07-09,派对用品,一次性餐具,,https://cf.shopee.ph/file/ph-11134207-820l6-mqg3xwuzj18vb9,http://shopee.ph/product/1724399062/51813683861,-12.2,1.62,,,3.04,2.94,8.1
饮料标签/卡片，适用于酒吧、餐厅，4x4厘米，可个性化定制，包含趣味短语,22198446683,139841183754,BR,2025-04-22,2026-07-20,派对用品,牌,,https://cf.shopee.com.br/file/br-11134207-820me-mpnrlyn8dvcz04,http://shopee.com.br/product/624595308/22198446683,44.87,13.62,0.39,3.11,7.36,6.0,10.29
带闪光的豪华15岁生日蛋糕装饰蜡烛,58263724212,209623852662,BR,2026-07-05,2026-07-05,派对用品,其他的,,https://cf.shopee.com.br/file/br-11134207-820lq-mqanti72yz2889,http://shopee.com.br/product/1834201432/58263724212,-7.54,4.92,,,4.32,2.33,7.29
Bendera Malaysia Flag Malaysia 3x6ft 2x8ft 2x4ft Classroom / Office Assembly/ 马来西亚国旗,46163886291,401197657949,MY,2026-07-12,2026-07-12,派对用品,背景幕布和横幅,,https://cf.shopee.com.my/file/sg-11134201-825bb-mqk8684qxtzjb3,http://shopee.com.my/product/369427716/46163886291,-1.03,0.86,,,6.37,3.64,20.07
Eici 12-22 盎司胶囊杯，配有 EPP 3A 盖，每包 50 个。,28744720341,287736079500,TH,2026-05-01,2026-06-28,派对用品,一次性餐具,,https://cf.shopee.co.th/file/th-11134207-81ztk-mpue77a34xzi92,http://shopee.co.th/product/257939562/28744720341,2.06,3.06,4.11,4.45,6.54,4.75,6.0
5/10/20/50 个 24 英寸（60 厘米）水晶泡泡气球套装，适用于派对和活动装饰,58214118463,199191665994,BR,2026-07-13,2026-07-13,派对用品,气球,,https://cf.shopee.com.br/file/br-11134207-820lq-mqkwg1lteeww69,http://shopee.com.br/product/481485318/58214118463,-11.41,2.57,,,7.18,10.83,16.71
父亲节圆形背景布，1.50米，采用升华印花面料，带松紧带，适合派对装饰,41757332287,262743284670,BR,2025-07-04,2026-07-01,派对用品,背景幕布和横幅,,https://cf.shopee.com.br/file/br-11134207-7r98o-mbs57cxqmief18,http://shopee.com.br/product/776725570/41757332287,-0.93,9.86,,0.07,3.93,5.04,8.64
粉色系兔子和猫咪生日气球组合，适合女孩 - 家居派对装饰气球套装,26562141868,297766322508,VN,2024-09-23,2026-07-08,派对用品,气球,,https://cf.shopee.vn/file/vn-11134207-7ras8-m0igtk8to39rcc,http://shopee.vn/product/203500372/26562141868,9.94,4.78,5.7,6.35,7.84,9.42,9.54
生日糖果派对一次性餐具套装（220件）+ 15厘米深碗/盘（含勺子或叉子）,58263670365,219623822874,BR,2026-07-04,2026-07-04,派对用品,一次性餐具,,https://cf.shopee.com.br/file/br-11134207-820lz-mq7qf6giehvmc3,http://shopee.com.br/product/1285754633/58263670365,-6.31,8.84,,,5.63,5.67,10.33
简易安装马来西亚国旗手持旗所有州旗马来西亚国旗手持旗,50363033334,272738493579,MY,2026-06-29,2026-06-29,派对用品,背景幕布和横幅,,https://cf.shopee.com.my/file/my-11134207-820lc-mqbfl15uc5c1bc,http://shopee.com.my/product/1639069555/50363033334,-1.67,1.44,,0.04,2.18,2.83,3.21
适用于 50x50 结构的迷你面板罩，专为桌面派对定制 - 蜘蛛侠,51063502440,216409099050,BR,2026-07-06,2026-07-06,派对用品,背景幕布和横幅,,https://cf.shopee.com.br/file/sg-11134201-825aw-mqc0ggane87gb6,http://shopee.com.br/product/655360808/51063502440,-23.04,2.95,,,3.46,4.14,8.29
Agar.Shop 闪光生日绶带派对装饰生日绶带,12756436939,341287683616,PH,2021-12-01,2026-07-28,派对用品,腰带,,https://cf.shopee.ph/file/ph-11134207-820li-mr7aes2t7cht28,http://shopee.ph/product/35340243/12756436939,-3.06,0.64,7.15,9.05,9.77,8.84,12.13
可充电无线磁吸式 LED 夜灯，带运动传感器，适用于卧室、楼梯和衣柜。,23995010421,109729503408,BR,2026-07-02,2026-07-02,灯具,装饰氛围灯,灯串/灯带/窗帘灯/装饰灯/舞台灯,https://cf.shopee.com.br/file/br-11134207-820l8-mq5vgzadbk75af,http://shopee.com.br/product/1797330630/23995010421,-39.03,7.08,,,2.68,0.17,10.43
50个装素色气球，10英寸，适用于装饰、庆祝、派对、惊喜、生日,58214679615,129841208220,BR,2026-07-21,2026-07-21,派对用品,气球,,https://cf.shopee.com.br/file/br-11134207-820l4-mqxdgz6iq7t090,http://shopee.com.br/product/1692493049/58214679615,-6.34,2.94,,,16.7,15.75,53.21
带盖铰链式酱料杯，可微波加热，容量可选1/2/3/4盎司，环保型，一次性使用。,52313497005,326168542087,PH,2026-07-06,2026-07-06,派对用品,一次性餐具,,https://cf.shopee.ph/file/ph-11134207-820lb-mqbz2ze5337wf3,http://shopee.ph/product/1879419413/52313497005,-7.44,2.53,,,2.87,0.71,9.19
定制横幅，请发送您的设计稿或照片（通过消息发送）,58213814966,238809516006,BR,2026-07-07,2026-07-07,派对用品,背景幕布和横幅,,https://cf.shopee.com.br/file/br-11134207-820m2-mr0oib4km1acc3,http://shopee.com.br/product/1462180064/58213814966,3.78,7.89,,,6.21,9.83,16.0
星空投影仪 5/10/12/17 件套，星空投影灯，360° 旋转，图案可变，USB 接口。,49713185292,311141394634,TH,2026-07-01,2026-07-01,灯具,装饰氛围灯,灯串/灯带/窗帘灯/装饰灯/舞台灯,https://cf.shopee.co.th/file/sg-11134201-82598-mq4ijn3cllhd8a,http://shopee.co.th/product/1571488104/49713185292,-3.9,2.67,,0.04,2.55,2.08,3.0
粉色和金色数字年龄气球，多色，彩虹色，70厘米尺寸，生日和派对装饰,20246273354,346219932219,VN,2022-09-16,2026-07-17,派对用品,气球,,https://cf.shopee.vn/file/sg-11134201-22110-4p4qn32fpekv8b,http://shopee.vn/product/807475139/20246273354,-6.28,0.34,2.55,2.82,3.73,3.73,4.14
Goldstar 可折叠 LED 台灯，3 档亮度调节，智能触控，Type-C 充电，节能护眼,54458937122,411312874350,VN,2026-04-16,2026-08-03,灯具,室内移动照明,台灯/落地灯/夹子灯/学习灯/小夜灯,https://cf.shopee.vn/file/vn-11134207-81ztc-mn44db1kqgw5eb,http://shopee.vn/product/1133531707/54458937122,-0.82,4.76,3.46,7.27,8.23,3.33,14.76
9英寸纸盘，25个装、50个装、100个装，银色，平纹和螺旋纹,15748490017,228323014650,PH,2022-01-31,2026-07-24,派对用品,一次性餐具,,https://cf.shopee.ph/file/ph-11134207-7rasc-m6dng7fcsq3e4a,http://shopee.ph/product/54980064/15748490017,-16.4,1.8,,0.11,3.04,2.61,5.31
马来西亚各州旗帜串挂旗/串旗/马来西亚国旗 15厘米 x 30厘米,42057454748,381284874455,MY,2025-07-05,2026-07-28,派对用品,背景幕布和横幅,,https://cf.shopee.com.my/file/my-11134207-820lc-mr6perlagydhef,http://shopee.com.my/product/104136418/42057454748,-3.51,1.03,0.04,0.12,2.25,2.61,4.91
（本地库存）教师节感谢卡 | 可爱的教师节感谢贺卡 - 可混搭,29989725574,426140537666,SG,2025-08-12,2026-07-01,派对用品,牌,,https://cf.shopee.sg/file/sg-11134207-825b3-mqpmcw6r1p1p87,http://shopee.sg/product/6802173/29989725574,-7.52,0.63,0.04,0.2,2.07,2.5,4.29
1 x 2 Meter Rain Foil Curtain for Party Wall Decoration Backdrops Banners Hiasan Belon Tirai Hiasan Dinding 派对布置背景 背景设计,40132116718,311130195504,MY,2026-06-29,2026-06-29,派对用品,背景幕布和横幅,,https://cf.shopee.com.my/file/my-11134207-820lf-mq1kuvo7krnxb0,http://shopee.com.my/product/1063909647/40132116718,-1.63,0.48,,0.19,4.47,2.9,7.78
人体感应LED灯 - 可充电磁吸无线灯，适用于橱柜、衣柜、卧室、厨房照明,23265491119,302771821642,SG,2023-04-19,2026-07-10,灯具,室内移动照明,感应灯/磁吸灯/粘贴灯/橱柜灯/衣柜灯/走廊灯,https://cf.shopee.sg/file/sg-11134207-825av-mqgzsspol9n382,http://shopee.sg/product/17824459/23265491119,-12.17,8.16,13.37,13.76,11.03,9.74,11.9
TBF 2026年独立日背景幕布 | 高级帆布背景幕布 | 防水活动横幅 | 4种尺寸 | 4种设计,54163899638,381258187065,MY,2026-07-13,2026-07-23,派对用品,背景幕布和横幅,,https://cf.shopee.com.my/file/my-11134207-820l9-mqzuiednxh5841,http://shopee.com.my/product/344284946/54163899638,38.46,11.54,,,5.36,1.89,19.82
GeeParty 53 件套奶油色铝箔数字气球套装，包括铝箔动物气球和毛毡横幅，非常适合以野生动物园为主题的生日派对。,54310484182,391287277754,TH,2026-05-14,2026-07-28,派对用品,气球,,https://cf.shopee.co.th/file/th-11134207-81zto-mr76ovnuzt3a4d,http://shopee.co.th/product/1410110089/54310484182,15.81,5.49,0.2,1.11,2.31,1.48,3.08
可充电无线磁吸式 LED 夜灯，带运动传感器，适用于卧室、楼梯和衣柜。,23995010421,109729503406,BR,2026-07-02,2026-07-02,灯具,装饰氛围灯,灯串/灯带/窗帘灯/装饰灯/舞台灯,https://cf.shopee.com.br/file/br-11134207-820l8-mq5vgzadbk75af,http://shopee.com.br/product/1797330630/23995010421,-58.76,3.12,,,2.68,0.17,10.43
LED吸顶灯，三色可调，带遥控器，适用于客厅、卧室等现代家居照明,28525808073,431189624458,PH,2025-02-11,2026-07-10,灯具,室内固定照明-天花板灯,吊灯/吸顶灯/面板灯/风扇灯,https://cf.shopee.ph/file/ph-11134207-820lf-mri90gixj9jgf8,http://shopee.ph/product/566692146/28525808073,37.39,32.95,2.47,14.94,36.07,34.38,34.4
KKSKY 买一送一！IP67 防水、防雷 800000W 太阳能灯，带传感器和遥控器。,41804558910,356249612876,TH,2025-06-15,2026-07-22,灯具,太阳能灯,太阳能庭院灯,https://cf.shopee.co.th/file/th-11134207-81ztk-mqyhjbnoyqrlbe,http://shopee.co.th/product/1050385833/41804558910,58.32,20.27,2.9,6.33,5.32,3.0,7.36
这款LED灯条可随音乐闪烁，拥有1600万种颜色和声音传感器，非常适合装饰电脑、办公桌或汽车。,53756333561,406243603836,VN,2026-02-23,2026-07-21,灯具,车灯&车库灯,车灯/车库灯,https://cf.shopee.vn/file/vn-11134207-81ztc-ml20kgqxsx6ob6,http://shopee.vn/product/1703772268/53756333561,-8.2,2.74,1.64,4.3,3.11,3.5,3.57
定制展示套件,22794429825,238811031854,BR,2025-09-23,2026-07-31,派对用品,背景幕布和横幅,,https://cf.shopee.com.br/file/br-11134207-820lf-mrapbvd18y6f65,http://shopee.com.br/product/1634961778/22794429825,14.03,10.28,3.5,5.5,6.84,5.33,5.64
饮品菜单标牌套装#1（带白色圆圈）。适用于商店和咖啡馆的覆膜海报标牌。,53906550819,326204559357,TH,2026-02-28,2026-07-14,派对用品,背景幕布和横幅,,https://cf.shopee.co.th/file/th-11134207-81ztn-mqmiu0mp105ecf,http://shopee.co.th/product/28701341/53906550819,1.64,2.37,3.83,8.56,5.57,4.07,5.51
MDF派对装饰套装：三件套蛋糕架，配两把梯子和搁板,58214313958,179729462349,BR,2026-07-15,2026-07-15,派对用品,其他的,,https://cf.shopee.com.br/file/br-11134207-820l4-mqo1ts5dj4shfa,http://shopee.com.br/product/1098541939/58214313958,-12.53,4.33,,,3.79,5.17,8.29
100/50气球套装，适用于派对、生日、装饰和拱门 - 7英寸,49213215421,336142976150,BR,2026-07-01,2026-07-01,派对用品,气球,,https://cf.shopee.com.br/file/br-11134207-820md-mq4x7lz6f4022e,http://shopee.com.br/product/369669985/49213215421,-3.57,3.54,,0.04,14.74,17.5,18.96
2026年独立日墙面艺术卡片 300gsm UV | 辉煌条纹悬挂装饰 | 幼儿园教室学校花卉设计,50613530363,416171073191,MY,2026-07-07,2026-07-07,派对用品,背景幕布和横幅,,https://cf.shopee.com.my/file/my-11134207-820lc-mqct98gze2oc97,http://shopee.com.my/product/1248407813/50613530363,1.35,2.08,,,4.85,6.0,12.62
1 x 2 Meter Rain Foil Curtain for Party Wall Decoration Backdrops Banners Hiasan Belon Tirai Hiasan Dinding 派对布置背景 背景设计,40132116718,267738443792,MY,2026-06-29,2026-06-29,派对用品,背景幕布和横幅,,https://cf.shopee.com.my/file/my-11134207-820lf-mq1l201cy5fxd0,http://shopee.com.my/product/1063909647/40132116718,-5.12,0.57,,0.19,4.47,2.9,7.78
中秋节灯笼有各种形状和设计（35-45 种不同款式），包括动物形状的纸灯笼、圆柱形纸灯笼、星形灯笼和动物形状的笼形灯笼。,21829691341,401237423125,VN,2022-07-31,2026-07-20,派对用品,其他的,,https://cf.shopee.vn/file/vn-11134207-81ztc-mqvxqgru7jese6,http://shopee.vn/product/13443652/21829691341,-1.21,2.21,,0.04,3.28,5.14,8.14
个性化餐巾架 - 中心装饰品 - 派对礼品（快速发货） - 蝴蝶,58262669202,239447612239,BR,2026-06-17,2026-08-02,派对用品,其他的,,https://cf.shopee.com.br/file/br-11134207-820lg-mrdopnz1wp3a6a,http://shopee.com.br/product/333663191/58262669202,-12.53,4.92,,0.04,3.66,2.67,11.21
✨智能LED感应夜灯，3种颜色变化选项，可调光，USB充电，无线壁挂式安装。,53111077273,401220892904,TH,2026-05-25,2026-07-17,灯具,装饰氛围灯,灯串/灯带/窗帘灯/装饰灯/舞台灯,https://cf.shopee.co.th/file/th-11134207-81ztg-mqrb90qnufb76e,http://shopee.co.th/product/1684561845/53111077273,-4.54,2.4,,0.64,2.05,0.72,3.19
T8 LED 游乐场灯，18 瓦，彩色霓虹灯，防水，适用于店面装饰、市场摊位和商店招牌。,53813013152,346128616083,TH,2026-06-29,2026-06-29,灯具,应急及标识照明,指示牌/灯箱招牌/标识,https://cf.shopee.co.th/file/sg-11134201-824ji-mq1etnnzq2v406,http://shopee.co.th/product/1820921733/53813013152,-9.36,1.35,,0.04,2.18,0.83,4.14
（本地库存）教师节感谢卡 | 可爱的教师节感谢贺卡 - 可混搭,29989725574,426140537678,SG,2025-08-12,2026-07-01,派对用品,牌,,https://cf.shopee.sg/file/sg-11134207-8259d-mq4gmb7m3i18d6,http://shopee.sg/product/6802173/29989725574,-7.51,0.63,0.04,0.2,2.07,2.5,4.29
透明泡泡气球 5英寸​​、9英寸、12英寸、18英寸和24英寸 - BOBO BALLON,54163192132,321143433039,BR,2026-07-02,2026-07-02,派对用品,气球,,https://cf.shopee.com.br/file/br-11134207-820l6-mq4zh21v94w29c,http://shopee.com.br/product/660773044/54163192132,10.33,7.1,,0.12,17.76,17.69,30.62
10/20/30 和 50 个亚克力管套装，8 厘米，适用于派对礼品。,58264665951,229446890784,BR,2026-07-21,2026-07-21,派对用品,其他的,,https://cf.shopee.com.br/file/br-11134207-820lx-mqwnz6m70j5y76,http://shopee.com.br/product/1690147505/58264665951,-19.05,2.35,,,9.93,8.5,31.8
【多款全新设计】卡通牛皮纸贺卡和信封（随机图案）,22081945946,238313177300,VN,2023-09-30,2026-07-07,派对用品,牌,,https://cf.shopee.vn/file/vn-11134207-81ztc-mqd895u1dgy49b,http://shopee.vn/product/122395498/22081945946,-5.02,0.46,7.28,3.79,8.36,5.56,9.36
金属彩纸发射器，适用于性别揭晓派对、庆典、活动、夜总会、演出、嘉年华、银雨,58263848496,169417794438,BR,2026-07-08,2026-07-08,派对用品,其他的,,https://cf.shopee.com.br/file/sg-11134201-825af-mqdruqaqtpfz15,http://shopee.com.br/product/1356229733/58263848496,-18.6,2.57,,,3.32,2.83,9.86
创阳射灯吸顶灯 LED嵌入式筒灯 三色可折叠筒灯 220V电源 适用于客厅卧室,21759788760,311212568766,VN,2022-11-03,2026-07-15,灯具,室内固定照明-天花板灯,吊灯/吸顶灯/面板灯/风扇灯,https://cf.shopee.vn/file/cn-11134207-820l4-mqoinxhdl8n63c,http://shopee.vn/product/399316061/21759788760,7.37,4.95,2.64,2.39,3.15,3.0,3.14
生日背景装饰 - 为您心爱的孩子准备的生日装饰,40768188154,381157220128,VN,2025-09-09,2026-07-04,派对用品,背景幕布和横幅,,https://cf.shopee.vn/file/vn-11134207-81ztc-mq8lhcx5t3ilcc,http://shopee.vn/product/32324147/40768188154,-2.47,1.9,1.39,2.91,7.07,5.63,10.45
草莓甜心主题婴儿派对礼品套装，含80/160件物品（不含姓名） - 快速发货,23198399136,431204264787,BR,2025-04-15,2026-07-14,派对用品,其他的,,https://cf.shopee.com.br/file/br-11134207-7r98o-m8kwg6zfqepd9d,http://shopee.com.br/product/578785010/23198399136,-5.7,5.35,2.75,2.37,2.8,2.67,3.29
100个5英寸、10英寸、12英寸金属乳胶橡胶气球，派对用品，生日婚礼装饰,51363043441,411130407915,PH,2026-06-29,2026-06-29,派对用品,气球,,https://cf.shopee.ph/file/ph-11134207-820lg-mpthh2rpx79pd5,http://shopee.ph/product/1618706028/51363043441,-2.86,2.25,,,2.48,3.17,4.57
个性化婚礼戒指枕，可刻上姓名和日期 - 马太福音 19:6 - 新郎新娘入场 - 白色中密度纤维板,23498717685,109874419571,BR,2025-07-16,2026-07-07,派对用品,其他的,,https://cf.shopee.com.br/file/br-11134207-820lh-mqca3c10p3430e,http://shopee.com.br/product/1157332675/23498717685,16.59,10.06,4.8,5.87,4.2,3.33,4.43
5/10/20/50 个 24 英寸（60 厘米）水晶泡泡气球套装，适用于派对和装饰,58213677860,189623844159,BR,2026-07-04,2026-07-05,派对用品,气球,,https://cf.shopee.com.br/file/br-11134207-820l5-mq8fbsxt06wx85,http://shopee.com.br/product/1839639459/58213677860,-7.0,3.16,,,38.04,17.17,29.0
Agar.Shop 高品质皇冠+绶带套装生日装饰,24033139448,341281459055,PH,2024-07-06,2026-07-27,派对用品,腰带,,https://cf.shopee.ph/file/ph-11134207-820la-mr5p2jbhrhty15,http://shopee.ph/product/35340243/24033139448,0.63,1.45,5.78,4.96,7.92,9.4,9.42
9英寸素色乳胶气球，50个装，适用于派对和生日装饰,44513363874,441155024427,BR,2026-07-03,2026-07-03,派对用品,气球,,https://cf.shopee.com.br/file/br-11134207-820m0-mq922vkmql8i26,http://shopee.com.br/product/1225422954/44513363874,-5.26,3.24,,,13.2,14.72,23.14
个性化DIY派对套装/白雪公主宝宝/24小时内送达/派对礼品/儿童派对,23899440315,209191497557,BR,2026-05-03,2026-07-08,派对用品,其他的,,https://cf.shopee.com.br/file/br-11134207-820lz-mnrwspf74u0x59,http://shopee.com.br/product/491527782/23899440315,-4.81,5.68,,,2.48,3.33,6.29
TBF 2026年独立日背景幕布 | 高级帆布背景幕布 | 防水活动横幅 | 4种尺寸 | 4种设计,54163899638,381258187060,MY,2026-07-13,2026-07-23,派对用品,背景幕布和横幅,,https://cf.shopee.com.my/file/my-11134207-820lc-mqzuicdyl4hx68,http://shopee.com.my/product/344284946/54163899638,22.4,7.49,,,5.36,1.89,19.82
100/50气球套装，适用于派对、生日、装饰和拱门 - 7英寸,49213215421,262746208281,BR,2026-07-01,2026-07-01,派对用品,气球,,https://cf.shopee.com.br/file/br-11134207-820l9-mq4x5j8kdvcw93,http://shopee.com.br/product/369669985/49213215421,-4.4,3.54,,0.04,14.74,17.5,18.96
360°感应夜灯 LED旋转插电遥控走廊浴室卧室迷你灯,44332106590,391128768868,PH,2026-06-29,2026-06-29,灯具,装饰氛围灯,灯串/灯带/窗帘灯/装饰灯/舞台灯,https://cf.shopee.ph/file/ph-11134207-820la-mq1ebrt9wrgu31,http://shopee.ph/product/1587379074/44332106590,-14.49,1.16,,0.09,2.18,0.17,8.46
可充电无线磁吸式 LED 夜灯，带运动传感器，适用于卧室、楼梯和衣柜。,23995010421,109729503403,BR,2026-07-02,2026-07-02,灯具,装饰氛围灯,灯串/灯带/窗帘灯/装饰灯/舞台灯,https://cf.shopee.com.br/file/br-11134207-820lu-mq5vgzada5mp9a,http://shopee.com.br/product/1797330630/23995010421,-56.46,3.52,,,2.68,0.17,10.43
Agar.Shop 激光方形箔帘生日派对背景装饰大亮片墙面背景装饰,19664166915,426136836185,PH,2022-11-22,2026-06-30,派对用品,背景幕布和横幅,,https://cf.shopee.ph/file/ph-11134207-820lf-mq3chkkxkz5t50,http://shopee.ph/product/35340243/19664166915,-3.88,0.42,2.7,4.05,5.84,4.76,6.7
台灯，便携式 USB 可充电 LED 灯，高扁平设计，3 种颜色，亮度可调，适用于酒吧、咖啡馆、酒店、书房、卧室，可用作夜灯。,58063158429,302744534253,TH,2026-07-01,2026-07-01,灯具,装饰氛围灯,灯串/灯带/窗帘灯/装饰灯/舞台灯,https://cf.shopee.co.th/file/th-11134207-81ztk-mq4fqdc08ff3e2,http://shopee.co.th/product/1767262335/58063158429,1.6,4.2,,0.11,4.61,5.33,7.71
5/10/25个金属心形气球套装，5英寸（12厘米）蛋糕装饰，派对装饰，中心摆件,58213680087,169729151276,BR,2026-07-04,2026-07-04,派对用品,气球,,https://cf.shopee.com.br/file/br-11134207-820lh-mq7tnsxtquwz7e,http://shopee.com.br/product/1800875490/58213680087,-9.19,2.75,,0.04,14.64,20.68,25.4
Bendera Malaysia Flag Malaysia 3x6ft 2x8ft 2x4ft Classroom / Office Assembly/ 马来西亚国旗,46163886291,371197653052,MY,2026-07-12,2026-07-12,派对用品,背景幕布和横幅,,https://cf.shopee.com.my/file/sg-11134201-8259o-mqk86dg2pkw2ff,http://shopee.com.my/product/369427716/46163886291,-4.59,0.86,,,6.37,3.64,20.07
买一送一！户外防水IP67 150000W太阳能泛光灯LED灯带遥控器,27084731745,326243600252,PH,2025-04-24,2026-07-21,灯具,太阳能灯,太阳能投光灯,https://cf.shopee.ph/file/ph-11134207-820lh-mq4ib61fjfgt4e,http://shopee.ph/product/704726832/27084731745,10.61,6.92,43.31,19.74,42.08,50.17,84.74
吸顶灯 LED 三色吸顶灯 北欧现代方形吊灯 适用于客厅、餐厅、卧室,21712798303,381202060800,PH,2022-06-17,2026-07-13,灯具,室内固定照明-天花板灯,吊灯/吸顶灯/面板灯/风扇灯,https://cf.shopee.ph/file/ph-11134207-820lh-mqzn9d6pfz0hf7,http://shopee.ph/product/510991130/21712798303,3.86,5.63,0.08,0.33,3.13,3.75,5.79
100/50气球套装，适用于派对、生日、装饰和拱门 - 7英寸,49213215421,262746208276,BR,2026-07-01,2026-07-01,派对用品,气球,,https://cf.shopee.com.br/file/br-11134207-820ma-mq4x5j8kb280f1,http://shopee.com.br/product/369669985/49213215421,-5.97,3.54,,0.04,14.74,17.5,18.96
带有蝴蝶结的大号数字气球，超级可爱，适合派对装饰、生日等场合……,46213424614,361161373067,VN,2026-07-05,2026-07-05,派对用品,气球,,https://cf.shopee.vn/file/vn-11134207-81ztc-mq9w1wozvgg0b5,http://shopee.vn/product/1574917194/46213424614,-4.05,0.95,,0.02,2.4,3.09,3.97
EVA泡沫塑料包裹的仿真泡沫塑料蛋糕 - 派对装饰 - 生日派对 - 性别揭晓派对 - 圆形或圆柱形,58260153393,149793611126,BR,2026-05-06,2026-07-15,派对用品,其他的,,https://cf.shopee.com.br/file/br-11134207-820lx-mqoruz6xkow389,http://shopee.com.br/product/287079590/58260153393,-9.39,4.53,7.69,43.21,41.66,36.25,45.67
5/10/25个金属心形气球套装，5英寸（12厘米）蛋糕装饰，派对装饰，中心摆件,58213680087,169729151273,BR,2026-07-04,2026-07-04,派对用品,气球,,https://cf.shopee.com.br/file/br-11134207-820lc-mq80smkwrociff,http://shopee.com.br/product/1800875490/58213680087,-13.61,2.35,,0.04,14.64,20.68,25.4
TBF 2026年独立日海报 | 高级PVC防水教育海报 | 马来西亚爱国主义墙饰,28488329751,341206422419,MY,2025-07-04,2026-07-14,派对用品,背景幕布和横幅,,https://cf.shopee.com.my/file/my-11134207-820l7-mqn1kpexc8oxfb,http://shopee.com.my/product/344284946/28488329751,-2.72,1.18,,0.02,3.25,4.15,8.94
【热销】纽扣电池LED串灯 1米/2米/3米 铜线灯串 圣诞派对房间装饰,40005324256,431130365901,PH,2025-06-20,2026-06-29,灯具,装饰氛围灯,灯串/灯带/窗帘灯/装饰灯/舞台灯,https://cf.shopee.ph/file/ph-11134207-7ras8-manl96zsproxb7,http://shopee.ph/product/535402461/40005324256,-15.11,1.06,1.31,0.65,3.56,1.53,7.57
父亲节装饰：窗帘、气球、心形装饰、领带、派对、庆祝活动,23295061717,209191478306,BR,2026-07-07,2026-07-07,派对用品,背景幕布和横幅,,https://cf.shopee.com.br/file/sg-11134201-82593-mqcpt55ug0e929,http://shopee.com.br/product/1181583520/23295061717,-6.43,5.93,,,5.75,3.17,20.29
生日糖果派对一次性餐具套装（220件）+ 15厘米深碗/盘（含勺子或叉子）,58263670365,219623822870,BR,2026-07-04,2026-07-04,派对用品,一次性餐具,,https://cf.shopee.com.br/file/br-11134207-820lx-mq7qf6gimxaae4,http://shopee.com.br/product/1285754633/58263670365,-5.31,8.84,,,5.63,5.67,10.33
三轮车和边车用帘子,23759451213,272826574384,PH,2023-10-28,2026-07-27,其他,,,https://cf.shopee.ph/file/ph-11134207-820l9-mr2qixez6ayte9,http://shopee.ph/product/398292051/23759451213,-8.01,2.12,14.52,16.89,16.11,13.67,22.29
牛皮纸碗，配透明PET盖（50个/包），容量分别为500毫升、750毫升、1000毫升、1100毫升、1300毫升。食品配送盒。,21032235075,326208750273,TH,2022-08-08,2026-07-14,派对用品,一次性餐具,,https://cf.shopee.co.th/file/th-11134207-81zte-mqni8s3w7b4089,http://shopee.co.th/product/181323248/21032235075,13.3,7.44,7.85,8.35,9.4,6.88,12.56
LED萤火虫造型装饰灯 – 多色 – 装饰性强 – 使用AA电池（不含电池）,23323898137,431137665865,VN,2023-02-13,2026-06-30,灯具,装饰氛围灯,灯串/灯带/窗帘灯/装饰灯/舞台灯,https://cf.shopee.vn/file/vn-11134207-81ztc-mq3jlhf93fv3cb,http://shopee.vn/product/905863735/23323898137,-7.4,2.93,2.7,3.6,2.47,1.42,2.14
可爱迷人的生日装饰套装，男女童皆宜 - SK6 儿童生日装饰,20782853953,416178334548,VN,2023-08-12,2026-07-08,派对用品,气球,,https://cf.shopee.vn/file/vn-11134207-7ras8-mbqozqo7qj11ae,http://shopee.vn/product/203500372/20782853953,7.56,4.3,2.59,3.2,3.43,2.07,3.72
1米-15米 RGB LED灯带 蓝牙 USB 串灯 5050 SMD 红外遥控 柔性胶带 电视卧室游戏装饰,49363988715,361206522476,MY,2026-07-14,2026-07-14,灯具,装饰氛围灯,灯串/灯带/窗帘灯/装饰灯/舞台灯,https://cf.shopee.com.my/file/my-11134207-820l7-mqn1f82n72mb65,http://shopee.com.my/product/1519196990/49363988715,-10.01,1.68,,,3.45,4.08,7.86
10/20/30 和 50 个亚克力管套装，8 厘米，适用于派对礼品。,58264665951,219192084836,BR,2026-07-21,2026-07-21,派对用品,其他的,,https://cf.shopee.com.br/file/br-11134207-820me-mqwnnv8hu7t1b5,http://shopee.com.br/product/1690147505/58264665951,-18.16,2.35,,,9.93,8.5,31.8
EPS Foam Box / Poly Foam Box / Polystyrene Fish Box / Styrofoam Ice 泡沫箱 发泡胶箱 保丽龙箱,47713330511,272751237133,MY,2026-07-03,2026-07-03,其他,,,https://cf.shopee.com.my/file/my-11134207-820l7-mq60h3g5a2h9b7,http://shopee.com.my/product/1017187794/47713330511,0.01,2.56,,,4.0,4.33,5.79
带有蝴蝶结的大号数字气球，超级可爱，适合派对装饰、生日等场合……,46213424614,361161373037,VN,2026-07-05,2026-07-05,派对用品,气球,,https://cf.shopee.vn/file/vn-11134207-81ztc-mq9w1wozvgg0b5,http://shopee.vn/product/1574917194/46213424614,-4.11,0.95,,0.02,2.4,3.09,3.97
10/20/30/40/50支装PET管（1号），带透明盖（R28），适用于派对礼品和糖果,17804585440,431307837459,BR,2022-02-17,2026-08-01,派对用品,其他的,,https://cf.shopee.com.br/file/br-11134207-820ld-mrcy818jdurp93,http://shopee.com.br/product/395155703/17804585440,-17.74,2.55,26.17,40.31,48.84,44.64,62.08
Ghostface 可动幽灵游戏玩家套装极客桌,55562379412,396209127156,BR,2026-06-18,2026-07-15,其他,,,https://cf.shopee.com.br/file/br-11134207-820lk-mqnmuk1imwhsea,http://shopee.com.br/product/959650457/55562379412,-13.92,6.77,,0.33,4.04,4.17,4.57
一套 3 个圆形托盘（18 厘米），用于盛放糖果、派对装饰,58213649249,129657542229,BR,2026-07-04,2026-07-04,派对用品,其他的,,https://cf.shopee.com.br/file/br-11134207-820mh-mq7sx0h2dibmf1,http://shopee.com.br/product/1638888673/58213649249,-19.45,1.56,,0.02,8.3,8.75,17.26
COB LED灯条，3000K、4000K、6000K，5米，8毫米，320颗LED灯珠，12V，IP20，适用于型材。,58264755929,149793845378,BR,2026-07-22,2026-07-22,灯具,装饰氛围灯,灯串/灯带/窗帘灯/装饰灯/舞台灯,https://cf.shopee.com.br/file/br-11134207-820l5-mqy8a7kqxlaf82,http://shopee.com.br/product/1726837783/58264755929,-47.4,4.94,,,2.12,3.67,5.36
您将收到1支试管（普通玻璃材质）（耐热）。有多种类型可供选择。,13703208497,431223689661,TH,2021-09-04,2026-07-17,其他,,,https://cf.shopee.co.th/file/th-11134207-81ztp-mqru62l2gfeqd1,http://shopee.co.th/product/325196462/13703208497,6.79,4.77,10.0,12.06,11.93,9.38,11.35
5/10/20/50 个 24 英寸（60 厘米）水晶泡泡气球套装，适用于派对和活动装饰,58214118463,199191665992,BR,2026-07-13,2026-07-13,派对用品,气球,,https://cf.shopee.com.br/file/br-11134207-820l4-mqkwg1lth81s28,http://shopee.com.br/product/481485318/58214118463,5.71,6.52,,,7.18,10.83,16.71
（五折优惠）100片装水龙头滤芯棉质净水器一次性通用防溅水龙头滤芯，用于去除自来水和泉水中的沙垢和沉淀物,52063039291,297738872912,MY,2026-06-29,2026-06-29,其他,,,https://cf.shopee.com.my/file/cn-11134207-820l4-mq1rxcb6jym886,http://shopee.com.my/product/1032444488/52063039291,0.71,1.07,,,2.52,2.0,6.07
批发塑料杯盖，适用于95个杯子，密封性好，不变形，防尘，易于开启和关闭。,42881457466,426247354298,VN,2026-06-05,2026-07-22,派对用品,一次性餐具,,https://cf.shopee.vn/file/vn-11134207-81ztc-mqy6fnphfn5t42,http://shopee.vn/product/1600371624/42881457466,-7.9,2.05,,0.72,2.66,1.67,5.57
木制手工衣夹 | 传统尺寸 | 最多120个,58213429362,159555268813,BR,2026-07-01,2026-07-01,派对用品,木制夹子,,https://cf.shopee.com.br/file/sg-11134201-825ba-mq3no8jz7ifh7c,http://shopee.com.br/product/1234965907/58213429362,-4.18,4.33,,2.11,8.21,3.5,7.71
太阳能水晶球串灯，防水LED泡泡灯，适用于花园、庭院和派对装饰,46963270640,311147981577,PH,2026-07-02,2026-07-02,灯具,太阳能灯,太阳能装饰灯,https://cf.shopee.ph/file/ph-11134207-820lg-mq1lsbm4xc7j74,http://shopee.ph/product/1871249164/46963270640,-11.7,1.83,,0.04,2.62,3.33,3.86
Agar.Shop 高品质皇冠+绶带套装生日装饰,24033139448,341281459058,PH,2024-07-06,2026-07-27,派对用品,腰带,,https://cf.shopee.ph/file/ph-11134207-820la-mr5p3geq2pky51,http://shopee.ph/product/35340243/24033139448,0.58,1.45,5.78,4.96,7.92,9.4,9.42
宠物或泰迪熊的迷你生日帽。,22794904420,228808414445,BR,2026-03-23,2026-07-08,派对用品,派对帽和面具,,https://cf.shopee.com.br/file/br-11134207-820m6-mm64jurim5ms8c,http://shopee.com.br/product/272261397/22794904420,8.78,7.89,0.54,1.67,2.49,1.31,3.57
粉色系兔子和猫咪生日气球组合，适合女孩 - 家居派对装饰气球套装,26562141868,297766322509,VN,2024-09-23,2026-07-08,派对用品,气球,,https://cf.shopee.vn/file/vn-11134207-7ras8-m0igtk8to39rcc,http://shopee.vn/product/203500372/26562141868,9.96,4.78,5.7,6.35,7.84,9.42,9.54
亚克力纸杯蛋糕甜点展示架 化妆品香水玩具模型人偶展示架 派对生日,53214644298,331259912364,PH,2026-07-23,2026-07-23,派对用品,其他的,,https://cf.shopee.ph/file/ph-11134207-820lg-mr01jkbyg9355b,http://shopee.ph/product/544474964/53214644298,12.07,5.19,,,2.23,3.53,5.89
婚礼喜极而泣纸巾套装（纸巾袋+纸巾）快速发货 - 选择数量,22293352133,321143811617,BR,2024-09-19,2026-07-02,派对用品,其他的,,https://cf.shopee.com.br/file/br-11134207-7r98o-lz9fln5kx3f9d1,http://shopee.com.br/product/1077835905/22293352133,-7.82,4.92,16.57,11.44,16.15,11.42,17.5
亚克力纸杯蛋糕甜点展示架 化妆品香水玩具模型人偶展示架 派对生日,53214644298,331259912360,PH,2026-07-23,2026-07-23,派对用品,其他的,,https://cf.shopee.ph/file/ph-11134207-820lb-mr01j9fajdakcc,http://shopee.ph/product/544474964/53214644298,3.1,3.23,,,2.23,3.53,5.89
复古魅力壁灯，双电压，适用于卧室、客厅、走廊，装饰台灯，双电压,58263740347,239445934681,BR,2026-07-06,2026-07-06,灯具,装饰氛围灯,灯串/灯带/窗帘灯/装饰灯/舞台灯,https://cf.shopee.com.br/file/br-11134207-820ll-mq6f4mex9ptsd8,http://shopee.com.br/product/293904303/58263740347,-34.68,7.39,,,3.11,1.67,10.0
100个迷你塑料勺叉，适用于蛋糕和海绵蛋糕 - 超级可爱 | Dang Quynh,44317333442,356257361657,VN,2025-09-03,2026-07-23,派对用品,一次性餐具,,https://cf.shopee.vn/file/vn-11134207-81ztc-mqzpbg8d5jpf6e,http://shopee.vn/product/626012689/44317333442,-9.3,0.95,3.35,1.4,2.65,3.24,3.9
恐龙主题派对一次性餐具，儿童恐龙派对套装装饰用品,12974054165,376153735727,PH,2022-01-25,2026-07-03,派对用品,一次性餐具,,https://cf.shopee.ph/file/ph-11134207-820le-mq7hkejswsgd31,http://shopee.ph/product/646678126/12974054165,-14.47,0.95,5.01,4.86,6.08,5.16,7.52
简易安装马来西亚国旗手持旗所有州旗马来西亚国旗手持旗,50363033334,272738493572,MY,2026-06-29,2026-06-29,派对用品,背景幕布和横幅,,https://cf.shopee.com.my/file/my-11134207-820l6-mqbfkiwukf7m81,http://shopee.com.my/product/1639069555/50363033334,-1.67,1.44,,0.04,2.18,2.83,3.21
饮品菜单标牌套装#1（带白色圆圈）。适用于商店和咖啡馆的覆膜海报标牌。,53906550819,267781964003,TH,2026-02-28,2026-07-14,派对用品,背景幕布和横幅,,https://cf.shopee.co.th/file/th-11134207-81ztj-mqpg670yc8hv4d,http://shopee.co.th/product/28701341/53906550819,1.46,2.34,3.83,8.56,5.57,4.07,5.51
（本地库存）教师节感谢卡 | 可爱的教师节感谢贺卡 - 可混搭,29989725574,431140537544,SG,2025-08-12,2026-07-01,派对用品,牌,,https://cf.shopee.sg/file/sg-11134207-825af-mq4gmi58h1xq23,http://shopee.sg/product/6802173/29989725574,-7.49,0.63,0.04,0.2,2.07,2.5,4.29
一套20只双面3D蝴蝶，可用于墙面装饰、卧室装饰、派对装饰、生日装饰、蛋糕装饰，色彩缤纷，美观精致，适合DIY。,23098924502,436308853295,BR,2025-09-23,2026-08-02,派对用品,背景幕布和横幅,,https://cf.shopee.com.br/file/br-11134207-81z1k-mfj5duy0jthc34,http://shopee.com.br/product/445215136/23098924502,-19.8,2.77,4.4,5.87,6.14,3.33,12.64
塑料搅拌棒，100个,23660702540,366177553097,PH,2023-11-11,2026-07-08,派对用品,一次性餐具,,https://cf.shopee.ph/file/ph-11134207-820l4-mqeit4g84kcgb3,http://shopee.ph/product/122866812/23660702540,-4.17,0.44,2.5,3.48,8.81,8.49,8.88
饮料标签/卡片，适用于酒吧、餐厅，4x4厘米，可个性化定制，包含趣味短语,22198446683,149793509521,BR,2025-04-22,2026-07-10,派对用品,牌,,https://cf.shopee.com.br/file/br-11134207-820me-mpnrlyn8dvcz04,http://shopee.com.br/product/624595308/22198446683,1.97,4.33,0.39,3.11,7.36,6.0,10.29
UORRIS Spotlight Touch 2000mAh 磁吸底座 LED 无线壁灯 USB 可充电壁柜,49064359476,307803968601,PH,2026-07-20,2026-07-21,灯具,室内移动照明,感应灯/磁吸灯/粘贴灯/橱柜灯/衣柜灯/走廊灯,https://cf.shopee.ph/file/ph-11134207-820li-mqwzstdlughx9b,http://shopee.ph/product/1891985243/49064359476,-5.47,3.25,,,3.86,1.5,13.71
仿真实心蛋糕，EVA泡沫包裹 - 多种颜色可选 - 适用于派对、生日 - 新品上市,58212177217,209624908848,BR,2026-06-09,2026-07-30,派对用品,背景幕布和横幅,,https://cf.shopee.com.br/file/br-11134207-820li-mr95vm05qb5y46,http://shopee.com.br/product/287079590/58212177217,-8.94,5.12,,9.62,25.87,22.0,30.07
可爱熊猫卡通动物发光夜暖灯卧室床头桌面装饰灯,58064993453,287830165910,PH,2026-07-28,2026-07-28,灯具,装饰氛围灯,灯串/灯带/窗帘灯/装饰灯/舞台灯,https://cf.shopee.ph/file/sg-11134201-82603-mm1qfef1e8le77,http://shopee.ph/product/1749339138/58064993453,-19.18,0.47,,,2.79,1.5,9.86
（本地库存）教师节感谢卡 | 可爱的教师节感谢贺卡 - 可混搭,29989725574,331142027005,SG,2025-08-12,2026-07-01,派对用品,牌,,https://cf.shopee.sg/file/sg-11134207-8259k-mq4prqgy8glp42,http://shopee.sg/product/6802173/29989725574,-7.51,0.63,0.04,0.2,2.07,2.5,4.29
Bendera Malaysia Flag Malaysia 3x6ft 2x8ft 2x4ft Classroom / Office Assembly/ 马来西亚国旗,46163886291,401197657947,MY,2026-07-12,2026-07-12,派对用品,背景幕布和横幅,,https://cf.shopee.com.my/file/sg-11134201-8257u-mqk867fq055aa3,http://shopee.com.my/product/369427716/46163886291,-2.05,1.35,,,6.37,3.64,20.07
Agar.Shop 生日女王绶带和闪亮皇冠套装 21岁 30岁生日礼物 女士绶带,14867199548,311281942335,PH,2022-03-26,2026-07-27,派对用品,腰带,,https://cf.shopee.ph/file/ph-11134207-820l8-mr5p285yww07a6,http://shopee.ph/product/35340243/14867199548,0.52,1.45,20.88,22.05,30.98,29.16,43.21
10个装气球套装 - 18英寸泡泡气球 + 16英寸封装气球,22199323365,199623858765,BR,2026-01-18,2026-07-06,派对用品,气球,,https://cf.shopee.com.br/file/br-11134207-820ma-mqaqv9kl0ykj04,http://shopee.com.br/product/582351320/22199323365,39.75,12.83,41.52,34.51,49.29,45.5,54.67
18W 方形/圆形 LED 面板灯，表面安装，节能型,54957379583,316150608023,BR,2026-03-19,2026-07-03,灯具,室内固定照明-天花板灯,吊灯/吸顶灯/面板灯/风扇灯,https://cf.shopee.com.br/file/br-11134207-820lj-mq1z4teiw6ps97,http://shopee.com.br/product/1451475530/54957379583,-51.32,4.35,0.96,0.83,2.39,,1.29
桌面派对背景幕布 - 父亲节快乐 - 升华印花面料，带松紧带包边 - 50x50厘米,58214232381,238809923044,BR,2026-07-14,2026-07-14,派对用品,背景幕布和横幅,,https://cf.shopee.com.br/file/sg-11134201-8259u-mqnj5bpnzxmr88,http://shopee.com.br/product/1724395837/58214232381,-16.19,3.85,,,13.43,22.25,28.71
[50个装] 白色纸杯 2.5/4/6/8/10/12/16盎司 家庭饮水杯/一次性肯杜里派对生日纸杯,56153139326,446291326488,MY,2025-12-16,2026-07-29,派对用品,一次性餐具,,https://cf.shopee.com.my/file/my-11134207-820le-mijlzbfsskqva8,http://shopee.com.my/product/1633961637/56153139326,-4.64,1.66,5.23,7.8,9.49,7.92,11.64
七件套生日派对餐桌装饰套装：蛋糕架、糖果架、花瓶、托盘,47763677751,366181520538,BR,2026-07-09,2026-07-09,派对用品,其他的,,https://cf.shopee.com.br/file/br-11134207-820lk-mqg8rld92rcx1b,http://shopee.com.br/product/660668454/47763677751,25.83,11.84,,,6.21,1.83,12.48
50/100/200/300/400个迷你衣夹/迷你木制衣夹照片展示套装,58207255113,219192263423,BR,2026-03-20,2026-07-24,派对用品,木制夹子,,https://cf.shopee.com.br/file/br-11134201-820lo-mqylac8v4f0k48,http://shopee.com.br/product/419088855/58207255113,-15.12,2.03,0.68,1.02,9.79,9.25,28.96
彩色生日快乐字母气球套装，高40厘米，生日派对装饰 - Miubabyclothing,21845955556,311220970124,VN,2022-09-15,2026-07-17,派对用品,气球,,https://cf.shopee.vn/file/sg-11134201-22100-mou07bl488hv07,http://shopee.vn/product/807475139/21845955556,-2.93,1.26,3.19,4.92,3.02,0.62,2.05
饮品菜单标牌套装#1（带白色圆圈）。适用于商店和咖啡馆的覆膜海报标牌。,53906550819,326204559367,TH,2026-02-28,2026-07-14,派对用品,背景幕布和横幅,,https://cf.shopee.co.th/file/th-11134207-81ztk-mqmiubb6nwum1e,http://shopee.co.th/product/28701341/53906550819,1.48,2.25,3.83,8.56,5.57,4.07,5.51
父亲节心形气球 18 英寸 – 套装包含 10 个、20 个或 30 个 | 派对装饰和纪念品,58263562412,189623745387,BR,2026-07-03,2026-07-03,派对用品,气球,,https://cf.shopee.com.br/file/sg-11134201-8259e-mq6ftycfrfup58,http://shopee.com.br/product/1397738960/58263562412,-1.54,4.92,,,2.55,3.83,5.29
优质中密度纤维板饰面，适用于120厘米 x 5厘米 x 1.8厘米的护墙板（带LED灯条凹槽）,58263312906,169417526562,BR,2026-06-28,2026-06-28,灯具,非灯具,非灯具,https://cf.shopee.com.br/file/br-11134207-820mg-mpz9rujrsfeq20,http://shopee.com.br/product/1257423582/58263312906,-31.26,8.88,,0.31,4.79,4.83,6.43
华硕应急照明套装，含30个可充电LED灯泡，双电压，冷白光6500K,58204182050,272839793385,BR,2026-01-28,2026-08-01,灯具,灯泡/灯管,灯泡/灯管,https://cf.shopee.com.br/file/br-11134207-81ztc-mjzriq6nanep6d,http://shopee.com.br/product/563110312/58204182050,-56.5,3.93,0.18,0.22,5.79,0.17,23.0
生日快乐蛋糕装饰插牌，金色、银色和玫瑰金色可选，适用于派对装饰,56163505469,346169501982,BR,2026-07-07,2026-07-07,派对用品,其他的,,https://cf.shopee.com.br/file/br-11134207-820lo-mn64gxpjjncxf4,http://shopee.com.br/product/318152476/56163505469,-17.16,3.06,,,3.23,3.17,5.14
100个一次性纸盘，7-9-10英寸，加厚，微波炉适用，防切防油,45561734655,436281710594,PH,2026-06-05,2026-07-27,派对用品,一次性餐具,,https://cf.shopee.ph/file/ph-11134207-820li-mr5rg9v6m77l0c,http://shopee.ph/product/1292032212/45561734655,7.7,6.02,,0.8,5.05,6.64,9.26
HiGooGoo G40 户外 LED 灯串，30 米长，55 个灯泡，不易碎，是婚礼、花园、派对、装饰的理想之选。,46458085989,272769225928,BR,2026-04-01,2026-07-09,灯具,装饰氛围灯,灯串/灯带/窗帘灯/装饰灯/舞台灯,https://cf.shopee.com.br/file/cn-11134207-820l4-mqfwg8bmewwfd7,http://shopee.com.br/product/1738547123/46458085989,28.76,11.86,6.54,3.37,7.36,7.5,11.0
5个金属蜘蛛侠星星气球套装（蓝色或红色）+ 1或2个蓝色数字,51914109029,361218141615,BR,2026-07-16,2026-07-16,派对用品,气球,,https://cf.shopee.com.br/file/br-11134207-7r98o-mat681ug0yhb8a,http://shopee.com.br/product/457402009/51914109029,-0.06,5.24,,,3.07,3.33,8.43
格子牛奶盒派对礼品，快速发货，六月节,58211787466,179729853533,BR,2026-06-02,2026-07-27,派对用品,其他的,,https://cf.shopee.com.br/file/br-11134207-820lx-movyhn6bg8w0c6,http://shopee.com.br/product/410677534/58211787466,-7.31,4.72,0.04,2.76,9.59,9.0,11.43
语言月绶带，适合儿童、成人、菲律宾文化、联合国服装配饰、学校活动,48613175004,272744532685,PH,2026-07-01,2026-07-01,派对用品,腰带,,https://cf.shopee.ph/file/sg-11134201-825ag-mq4g7l9favbib9,http://shopee.ph/product/556033689/48613175004,8.4,3.41,,,3.64,1.83,12.29
马来西亚国旗（涤纶）手持旗批发，价格实惠,26401830796,371280308531,MY,2024-06-05,2026-07-27,派对用品,背景幕布和横幅,,https://cf.shopee.com.my/file/sg-11134201-82598-mr5gz8vlou86ba,http://shopee.com.my/product/363829740/26401830796,-6.23,0.29,,0.04,2.61,4.14,6.62
透明泡泡气球 5英寸​​、9英寸、12英寸、18英寸和24英寸 - BOBO BALLON,54163192132,321143433044,BR,2026-07-02,2026-07-02,派对用品,气球,,https://cf.shopee.com.br/file/br-11134207-820m0-mq4zh21vajgi8a,http://shopee.com.br/product/660773044/54163192132,11.28,7.14,,0.12,17.76,17.69,30.62
父亲节圆形背景布，1.50米，采用升华印花面料，带松紧带，适合派对装饰,41757332287,262743284682,BR,2025-07-04,2026-07-01,派对用品,背景幕布和横幅,,https://cf.shopee.com.br/file/br-11134207-820lc-mq84gquuk2kj74,http://shopee.com.br/product/776725570/41757332287,1.05,9.86,,0.07,3.93,5.04,8.64
金色迷你一次性塑料叉勺套装，适用于派对、布丁、冰淇淋和开胃菜。,58263358216,199623599261,BR,2026-06-29,2026-06-29,派对用品,一次性餐具,,https://cf.shopee.com.br/file/br-11134207-820l8-mq1ez1fnbe9v07,http://shopee.com.br/product/1761634886/58263358216,-7.13,8.5,,0.04,3.0,3.67,4.0
10/20/30 和 50 个亚克力管套装，8 厘米，适用于派对礼品。,58264665951,219192084832,BR,2026-07-21,2026-07-21,派对用品,其他的,,https://cf.shopee.com.br/file/br-11134207-820m8-mqwnus3aesxx09,http://shopee.com.br/product/1690147505/58264665951,-15.08,3.23,,,9.93,8.5,31.8
KKSKY 买一送一！IP67 防水、防雷 800000W 太阳能灯，带传感器和遥控器。,41804558910,356249612870,TH,2025-06-15,2026-07-22,灯具,太阳能灯,太阳能庭院灯,https://cf.shopee.co.th/file/th-11134207-81zte-mqyhisjmhwcm8f,http://shopee.co.th/product/1050385833/41804558910,39.81,14.87,2.9,6.33,5.32,3.0,7.36
迷你无线LED台灯 + 含LED蜡烛 - 卧室、客厅、办公室,58213449421,239445656191,BR,2026-07-01,2026-07-01,灯具,装饰氛围灯,灯串/灯带/窗帘灯/装饰灯/舞台灯,https://cf.shopee.com.br/file/br-11134207-820m4-mqfjjex30ide8f,http://shopee.com.br/product/770940934/58213449421,-52.82,4.14,,0.15,6.96,8.0,10.0
买一送一 太阳能路灯 户外防水自动感应灯 带遥控器,40810604348,346247819994,PH,2025-07-28,2026-07-22,灯具,太阳能灯,太阳能路灯,https://cf.shopee.ph/file/ph-11134207-820ld-mqy8v1jmjx1cb1,http://shopee.ph/product/890280291/40810604348,8.17,6.33,11.49,9.74,9.76,6.11,9.94
10/20/30 和 50 个亚克力管套装，8 厘米，适用于派对礼品。,58264665951,229446890805,BR,2026-07-21,2026-07-21,派对用品,其他的,,https://cf.shopee.com.br/file/br-11134207-820m0-mqwnnv8hyfidf0,http://shopee.com.br/product/1690147505/58264665951,-7.46,4.99,,,9.93,8.5,31.8
无线USB充电磁吸式LED灯，带运动传感器，3种颜色，适用于厨房橱柜,58262231255,238810303719,BR,2026-06-10,2026-07-20,灯具,室内移动照明,感应灯/磁吸灯/粘贴灯/橱柜灯/衣柜灯/走廊灯,https://cf.shopee.com.br/file/br-11134207-820m7-mqvlrmvsln2d46,http://shopee.com.br/product/1695518686/58262231255,-43.02,5.71,,0.48,7.43,9.67,14.14
🔥买一送一🔥 9500000W 太阳能路灯，IP69 防水，夜间自动亮起。,23158078794,277788138037,TH,2023-10-17,2026-07-16,灯具,太阳能灯,太阳能路灯,https://cf.shopee.co.th/file/th-11134207-81ztj-mq4mk7rfma6kb1,http://shopee.co.th/product/1091876779/23158078794,9.97,6.57,4.49,5.8,5.65,5.11,7.26
一套25个心形气球，10英寸（22厘米），适用于派对装饰、生日，多种颜色可选,58213698339,209191394102,BR,2026-07-04,2026-07-04,派对用品,气球,,https://cf.shopee.com.br/file/br-11134207-820m6-mq98lwuj51xc7b,http://shopee.com.br/product/1800875490/58213698339,0.26,4.72,,,6.35,10.12,11.87
（本地库存）教师节感谢卡 | 可爱的教师节感谢贺卡 - 可混搭,29989725574,426140537668,SG,2025-08-12,2026-07-01,派对用品,牌,,https://cf.shopee.sg/file/sg-11134207-825ag-mq4glw63fh8v79,http://shopee.sg/product/6802173/29989725574,-7.49,0.63,0.04,0.2,2.07,2.5,4.29
Agar.Shop 可爱卡通人物行走充气铝箔气球，儿童款,41730880784,267830334987,PH,2026-05-14,2026-07-28,派对用品,气球,,https://cf.shopee.ph/file/ph-11134207-820l5-mr7cf0ky756qe3,http://shopee.ph/product/35340243/41730880784,-0.5,0.73,0.63,7.59,8.19,6.46,8.95
打火机 - 5个装和10个装两种规格，有带点火器和不带点火器的两种。,55513731463,426187339284,PH,2026-07-10,2026-07-10,其他,,,https://cf.shopee.ph/file/ph-11134207-820lg-mqg25mlzp5otf7,http://shopee.ph/product/1774967603/55513731463,-12.39,1.14,,,3.32,5.08,7.84
迷你画架套装，3毫米原色中密度纤维板，LorenMix，照片架，标牌，派对装饰，工艺品,58263312945,229445521372,BR,2026-06-28,2026-06-28,派对用品,背景幕布和横幅,,https://cf.shopee.com.br/file/br-11134207-820ma-mp2ru514cphd1f,http://shopee.com.br/product/604832144/58263312945,-0.78,7.29,,0.11,2.21,2.83,3.14
蓝粉色调生日气球装饰套装，配大蝴蝶结——热门潮流婴儿派对装饰,51813320011,381152695777,VN,2026-07-03,2026-07-03,派对用品,气球,,https://cf.shopee.vn/file/vn-11134207-81ztc-mq77d4ys1log71,http://shopee.vn/product/1224654426/51813320011,14.43,5.73,,0.04,2.48,3.3,3.31
Agar.Shop 生日女王绶带和闪亮皇冠套装 21岁 30岁生日礼物 女士绶带,14867199548,254276228650,PH,2022-03-26,2026-07-01,派对用品,腰带,,https://cf.shopee.ph/file/ph-11134207-820lb-mq4tisjaobuqf8,http://shopee.ph/product/35340243/14867199548,-1.2,1.06,20.88,22.05,30.98,29.16,43.21
1米-15米 RGB LED灯带 蓝牙 USB 串灯 5050 SMD 红外遥控 柔性胶带 电视卧室游戏装饰,49363988715,356206522493,MY,2026-07-14,2026-07-14,灯具,装饰氛围灯,灯串/灯带/窗帘灯/装饰灯/舞台灯,https://cf.shopee.com.my/file/my-11134207-820l7-mqn1f82n72mb65,http://shopee.com.my/product/1519196990/49363988715,-11.73,1.22,,,3.45,4.08,7.86
5/10/25个心形气球套装，10英寸（22厘米），适用于派对装饰、生日，多种颜色可选,58263700091,239446909753,BR,2026-07-04,2026-07-22,派对用品,气球,,https://cf.shopee.com.br/file/br-11134207-820m6-mq98lwuj51xc7b,http://shopee.com.br/product/1800875490/58263700091,-1.37,4.72,,0.04,22.93,17.15,25.37
60-120 个醋酸纤维水晶四瓣模具，适用于糖果、派对和甜点 - 立即发货！,58263787287,159555394550,BR,2026-07-07,2026-07-07,派对用品,其他的,,https://cf.shopee.com.br/file/br-11134207-820lh-mmuq2cny0wsic1,http://shopee.com.br/product/345860980/58263787287,-18.88,2.55,,,2.18,2.17,6.29
Meiwa 一次性泡沫塑料餐盘 23厘米 白色 耐用 | 25个、50个、75个、100个或125个装，适用于派对和烧烤,56113576454,244282268734,BR,2026-07-08,2026-07-08,派对用品,一次性餐具,,https://cf.shopee.com.br/file/br-11134207-820m5-mqdklvsisw76c3,http://shopee.com.br/product/1514468195/56113576454,-13.95,7.46,,,3.95,1.85,5.05
（1公斤装）各种尺寸的精美木制冰棍棒，非常适合儿童手工项目和手工装饰品。,23721329560,336272248629,VN,2023-02-02,2026-07-25,其他,,,https://cf.shopee.vn/file/vn-11134207-81ztc-mr2hmly9845c2e,http://shopee.vn/product/582034089/23721329560,-5.39,1.86,0.23,0.88,3.32,2.67,5.59
白色节能LED球形灯泡 E27接口-5W 7W 12W 18W,44182104403,341127983509,PH,2026-06-29,2026-06-29,灯具,灯泡/灯管,灯泡/灯管,https://cf.shopee.ph/file/ph-11134207-820la-mq191w2qbeh98d,http://shopee.ph/product/981401544/44182104403,-17.75,0.46,,0.18,2.4,0.72,1.64
适用于 50x50 结构的迷你面板罩，专为桌面派对定制 - 蜘蛛侠,51063502440,216409099056,BR,2026-07-06,2026-07-06,派对用品,背景幕布和横幅,,https://cf.shopee.com.br/file/sg-11134201-8258k-mqc0gkbbaxov21,http://shopee.com.br/product/655360808/51063502440,-20.42,2.95,,,3.46,4.14,8.29
仿真实心蛋糕，EVA泡沫包裹 - 多种颜色可选 - 适用于派对、生日 - 新品上市,58212177217,179418017061,BR,2026-06-09,2026-07-15,派对用品,背景幕布和横幅,,https://cf.shopee.com.br/file/br-11134207-820lt-mqoubfn4gyrl52,http://shopee.com.br/product/287079590/58212177217,-9.66,5.12,,9.62,25.87,22.0,30.07
Eici 12-22 盎司胶囊杯，配有 EPP 3A 盖，每包 50 个。,28744720341,421198605199,TH,2026-05-01,2026-07-12,派对用品,一次性餐具,,https://cf.shopee.co.th/file/th-11134207-81ztk-mpue77a34xzi92,http://shopee.co.th/product/257939562/28744720341,1.82,3.06,4.11,4.45,6.54,4.75,6.0
迷你无线LED台灯 + 含LED蜡烛 - 卧室、客厅、办公室,58213449421,239445656184,BR,2026-07-01,2026-07-01,灯具,装饰氛围灯,灯串/灯带/窗帘灯/装饰灯/舞台灯,https://cf.shopee.com.br/file/br-11134207-820lv-mqfjjex2z3sy12,http://shopee.com.br/product/770940934/58213449421,-54.61,4.14,,0.15,6.96,8.0,10.0
9英寸纸盘，银色设计，铂金盘，20/40/100个装#纸,44426834120,426192353701,PH,2025-11-28,2026-07-11,派对用品,一次性餐具,,https://cf.shopee.ph/file/ph-11134207-820lh-mqifsyemv01ucd,http://shopee.ph/product/134971227/44426834120,-16.26,0.54,47.24,43.6,65.04,62.97,71.45
1 x 2 Meter Rain Foil Curtain for Party Wall Decoration Backdrops Banners Hiasan Belon Tirai Hiasan Dinding 派对布置背景 背景设计,40132116718,311130195508,MY,2026-06-29,2026-06-29,派对用品,背景幕布和横幅,,https://cf.shopee.com.my/file/my-11134207-820lf-mq1l1rayy3gib2,http://shopee.com.my/product/1063909647/40132116718,-5.12,0.57,,0.19,4.47,2.9,7.78
生日糖果派对一次性餐具套装（220件）+ 15厘米深碗/盘（含勺子或叉子）,58263670365,239446752362,BR,2026-07-04,2026-07-18,派对用品,一次性餐具,,https://cf.shopee.com.br/file/br-11134207-820l9-mqt4nfut9ngj39,http://shopee.com.br/product/1285754633/58263670365,-5.38,8.84,,,5.63,5.67,10.33
220V COB LED灯带，防水硅胶涂层，超亮，直接插入电源，户外吸顶照明装饰【不含电源适配器】,47909568948,366301010201,VN,2026-04-27,2026-07-31,灯具,装饰氛围灯,灯串/灯带/窗帘灯/装饰灯/舞台灯,https://cf.shopee.vn/file/vn-11134207-81ztc-mrbcso51x8uk2e,http://shopee.vn/product/1775702143/47909568948,-14.9,0.88,2.84,7.47,16.24,15.47,18.93
GLEAMS 吊扇灯，香薰吊扇，带灯泡吊扇，三合一，静音吊扇灯。,45055678750,346318958349,TH,2026-01-31,2026-08-04,灯具,灯泡/灯管,灯泡/灯管,https://cf.shopee.co.th/file/th-11134207-81zti-mrh4gy9w48hz9f,http://shopee.co.th/product/1503227381/45055678750,7.24,5.79,14.3,9.82,10.09,12.33,16.57
220V 超亮 LED 芯片 - 集成 LED 电路及 IC 驱动器，专用 LED 维修组件,43630576499,381169139868,VN,2026-05-03,2026-07-06,灯具,灯具配件,灯带配件/控制器,https://cf.shopee.vn/file/vn-11134207-81ztc-mrfykcdysuma34,http://shopee.vn/product/1557387924/43630576499,-16.2,0.53,4.79,18.26,13.43,7.75,11.86
3D立体蝴蝶 - 20只、40只和60只装 - 蝴蝶花束 - 贴花 - 标签 - 蛋糕装饰 - 蝴蝶花园,58206806543,199192329135,BR,2026-03-13,2026-07-27,派对用品,其他的,,https://cf.shopee.com.br/file/br-11134207-820l6-mlqblncypn9g29,http://shopee.com.br/product/865413223/58206806543,-17.89,2.57,0.14,1.56,3.89,3.33,5.43
定制横幅，请发送您的设计稿或照片（通过消息发送）,58213814966,238809516002,BR,2026-07-07,2026-07-07,派对用品,背景幕布和横幅,,https://cf.shopee.com.br/file/br-11134207-820mh-mr0oib4kf0g404,http://shopee.com.br/product/1462180064/58213814966,-17.24,3.56,,,6.21,9.83,16.0
KKSKY 80000W 可充电无线 LED 灯泡，防水，便携式应急灯，夜灯，床头灯，USB 充电。,44262721715,431285051850,TH,2025-08-14,2026-07-28,灯具,户外出行灯,头灯/手电筒/电棒灯/便携灯/露营灯/应急灯,https://cf.shopee.co.th/file/th-11134207-81ztl-mr6qmwkbnll849,http://shopee.co.th/product/1050385833/44262721715,18.53,8.94,1.1,4.17,3.37,3.08,3.33
父亲节圆形背景布，1.50米，采用升华印花面料，带松紧带，适合派对装饰,41757332287,262743284744,BR,2025-07-04,2026-07-01,派对用品,背景幕布和横幅,,https://cf.shopee.com.br/file/br-11134207-820l5-mq84gquuoa9ve4,http://shopee.com.br/product/776725570/41757332287,2.96,9.86,,0.07,3.93,5.04,8.64
宇航员LED灯光投影仪星空银河星云USB控制,21099297903,219624866703,BR,2024-06-17,2026-07-29,灯具,装饰氛围灯,灯串/灯带/窗帘灯/装饰灯/舞台灯,https://cf.shopee.com.br/file/br-11134207-820lb-mr8g2pejbabr9a,http://shopee.com.br/product/1239677646/21099297903,-36.57,7.89,,,6.01,,24.04
毛根条 100 根 30cm 彩色毛根条 蓬松金属丝 手工学校 - CH,53259373757,411270779651,BR,2026-04-24,2026-07-25,派对用品,其他的,,https://cf.shopee.com.br/file/br-11134207-820m2-mr1m55vc5nuue1,http://shopee.com.br/product/1367299138/53259373757,-11.44,3.36,0.36,0.11,2.54,2.33,7.57
格子牛奶盒派对礼品，快速发货，六月节,58211787466,179729853536,BR,2026-06-02,2026-07-27,派对用品,其他的,,https://cf.shopee.com.br/file/br-11134207-820m5-movyhn6bdfr4e5,http://shopee.com.br/product/410677534/58211787466,-7.35,4.72,0.04,2.76,9.59,9.0,11.43
Goldstar太阳能壁灯（IP67防水）LED壁灯，装饰灯🔥🔥🔥,41800021444,302812338947,VN,2025-05-07,2026-07-23,灯具,太阳能灯,太阳能壁灯,https://cf.shopee.vn/file/vn-11134207-81ztc-mr2v2pv7ngue47,http://shopee.vn/product/1133531707/41800021444,8.23,7.19,1.97,2.15,2.19,1.33,2.67
Agar.Shop 闪光生日绶带派对装饰生日绶带,12756436939,381158806332,PH,2021-12-01,2026-07-04,派对用品,腰带,,https://cf.shopee.ph/file/ph-11134207-820lf-mq8yqx9zarcy3d,http://shopee.ph/product/35340243/12756436939,-3.06,0.64,7.15,9.05,9.77,8.84,12.13
迷你无线LED台灯 + 含LED蜡烛 - 卧室、客厅、办公室,58213449421,239445656188,BR,2026-07-01,2026-07-01,灯具,装饰氛围灯,灯串/灯带/窗帘灯/装饰灯/舞台灯,https://cf.shopee.com.br/file/br-11134207-820lv-mqfjjewrw6ipb1,http://shopee.com.br/product/770940934/58213449421,-54.61,4.14,,0.15,6.96,8.0,10.0
包含 180 件糖果色生日派对用品的完整套装，一次性钻石图案餐具套装，包括盘子、杯子、叉子和餐巾纸。,19098331916,179729685289,BR,2025-10-22,2026-07-22,派对用品,一次性餐具,,https://cf.shopee.com.br/file/br-11134207-820l6-mqxywcdtf11jac,http://shopee.com.br/product/1095069651/19098331916,-17.0,6.51,6.27,6.2,6.77,6.67,7.29
5/10/25个金属心形气球套装，5英寸（12厘米）蛋糕装饰，派对装饰，中心摆件,58213680087,169729151277,BR,2026-07-04,2026-07-04,派对用品,气球,,https://cf.shopee.com.br/file/br-11134207-820mf-mq7tnsxtwh6r18,http://shopee.com.br/product/1800875490/58213680087,-7.77,2.75,,0.04,14.64,20.68,25.4
50个装素色气球，10英寸，适用于装饰、庆祝、派对、惊喜、生日,58214679615,129841208215,BR,2026-07-21,2026-07-21,派对用品,气球,,https://cf.shopee.com.br/file/br-11134207-820lc-mqxdgz6ihsecf7,http://shopee.com.br/product/1692493049/58214679615,-6.59,2.94,,,16.7,15.75,53.21
已售出10000+件的旋转黄铜十二生肖钥匙扣，招财十二生肖吊坠,55063162648,381140898089,PH,2026-07-01,2026-07-01,其他,,,https://cf.shopee.ph/file/sg-11134201-8259l-mq4j2gldrwuj85,http://shopee.ph/product/457981738/55063162648,-4.76,2.89,,,2.89,1.33,2.86
✅现货！推荐标牌、价格标牌、烤虾串/覆膜、透明、防水店铺装饰标牌（单张价格）- jakjai,55563197020,346143469377,TH,2026-07-02,2026-07-02,派对用品,背景幕布和横幅,,https://cf.shopee.co.th/file/th-11134207-81ztd-mq51nj0qf37l0c,http://shopee.co.th/product/26600325/55563197020,-2.49,1.05,,0.11,2.04,1.64,2.36
26/117 件套生日快乐气球帘桌布气球派对装饰摆件,22893197852,238809411852,BR,2024-07-31,2026-07-05,派对用品,气球,,https://cf.shopee.com.br/file/sg-11134201-825ab-mq9cdxhscy6m21,http://shopee.com.br/product/1102625640/22893197852,18.88,9.49,1.39,3.54,4.52,3.5,4.36
东姑阿都拉曼旗帜 / 独立日装饰 / 学校独立日装饰 / 国庆日 / 历史 / 爱国主义 BBM,52662740832,436126481873,MY,2026-06-24,2026-06-28,派对用品,背景幕布和横幅,,https://cf.shopee.com.my/file/sg-11134201-824hi-mpux5fjz9b7x64,http://shopee.com.my/product/1075588944/52662740832,12.14,4.89,,0.15,6.51,7.92,14.1
GeeParty 7件套巨型粉色蝴蝶结铝箔气球套装，粉色数字32英寸，适合女孩生日派对装饰,52454589700,411157109840,MY,2026-01-13,2026-07-04,派对用品,气球,,https://cf.shopee.com.my/file/cn-11134207-820l4-mq8kc88kgm4ifa,http://shopee.com.my/product/833679123/52454589700,-0.28,1.08,1.91,3.84,4.89,3.83,5.68
买一送一！880000W LED IP68太阳能灯。亮度极高，防水，天黑后自动亮起。,40104006671,351135439705,TH,2025-06-10,2026-06-30,灯具,太阳能灯,太阳能庭院灯,https://cf.shopee.co.th/file/th-11134207-81ztg-mq32ymjsiqry69,http://shopee.co.th/product/1376073833/40104006671,26.44,19.07,2.37,2.15,2.54,2.0,2.71
5/10个太阳能LED地插灯套装，适用于花园、小径、草坪，防水，可选暖光或冷光,58263815868,189191475985,BR,2026-07-07,2026-07-07,灯具,太阳能灯,太阳能装饰灯,https://cf.shopee.com.br/file/br-11134207-820lr-mq5vrzdr9ibl27,http://shopee.com.br/product/409939729/58263815868,-39.16,7.27,,,2.0,2.0,3.57
塑料搅拌棒，100个,23660702540,366177553094,PH,2023-11-11,2026-07-08,派对用品,一次性餐具,,https://cf.shopee.ph/file/ph-11134207-820l5-mqeisa3q5szkec,http://shopee.ph/product/122866812/23660702540,-4.17,0.44,2.5,3.48,8.81,8.49,8.88
亚克力礼品管 13厘米 - 用于装饰、儿童派对、调料罐 - 10个、20个、30个、40个和50个装,22294882115,238810873850,BR,2026-02-24,2026-07-29,派对用品,其他的,,https://cf.shopee.com.br/file/sg-11134201-82583-mr7v30kfwb9i27,http://shopee.com.br/product/820641225/22294882115,-8.51,4.72,0.96,,8.82,,35.29
1号蝴蝶图案 - 使用180克Colorplus相纸,58262541279,179417637829,BR,2026-06-16,2026-07-03,派对用品,其他的,,https://cf.shopee.com.br/file/br-11134207-820m3-mq67vk203thd84,http://shopee.com.br/product/1240665295/58262541279,-16.56,2.75,,0.67,2.48,2.0,3.07
5件套蛋糕架 – 优雅金色款，适合派对餐桌,58263171107,199624869308,BR,2026-06-25,2026-07-29,派对用品,背景幕布和横幅,,https://cf.shopee.com.br/file/br-11134207-820ly-mpvkzz1cqj9cc2,http://shopee.com.br/product/410003805/58263171107,3.83,7.91,,0.07,3.25,4.0,4.71
Bendera Malaysia Flag Malaysia 3x6ft 2x8ft 2x4ft Classroom / Office Assembly/ 马来西亚国旗,46163886291,371197653043,MY,2026-07-12,2026-07-12,派对用品,背景幕布和横幅,,https://cf.shopee.com.my/file/sg-11134201-825ag-mqk86bgw20pae7,http://shopee.com.my/product/369427716/46163886291,-2.73,1.44,,,6.37,3.64,20.07
复古圆形乳胶莫兰迪色气球，10英寸，100个装，适用于周年纪念日和生日,57409551162,238325669744,PH,2026-04-27,2026-07-29,派对用品,气球,,https://cf.shopee.ph/file/ph-11134207-820lf-mr8dthayry8cf3,http://shopee.ph/product/887319932/57409551162,-1.27,1.62,0.1,0.6,4.68,2.51,4.63
（草莓/蓝莓菜单及价格表）A4尺寸菜单板，覆膜防水。,25847681439,331219268589,TH,2025-10-31,2026-07-17,派对用品,背景幕布和横幅,,https://cf.shopee.co.th/file/th-11134207-81ztn-mqqxyh5o1lota4,http://shopee.co.th/product/26544836/25847681439,0.28,1.95,3.24,3.87,3.99,2.84,4.6
简易安装马来西亚国旗手持旗所有州旗马来西亚国旗手持旗,50363033334,272738493573,MY,2026-06-29,2026-06-29,派对用品,背景幕布和横幅,,https://cf.shopee.com.my/file/my-11134207-820li-mqbfklrfffnx0b,http://shopee.com.my/product/1639069555/50363033334,-1.62,1.44,,0.04,2.18,2.83,3.21
价格实惠的带孔眼乙烯基横幅。免费乙烯基横幅设计。乙烯基横幅、廉价乙烯基横幅、市场标牌、经济型标牌。,47856011557,341183683316,TH,2026-02-09,2026-07-09,派对用品,背景幕布和横幅,,https://cf.shopee.co.th/file/th-11134207-81zti-mkh3s499hcsja1,http://shopee.co.th/product/1623812512/47856011557,-0.24,1.77,2.88,1.0,2.27,1.67,2.21
GeeParty 32英寸年龄数字气球套装，银蓝色星空气球，儿童生日派对装饰,17581990092,297744068435,MY,2022-08-12,2026-07-01,派对用品,气球,,https://cf.shopee.com.my/file/cn-11134207-820l4-mq48e16du32lad,http://shopee.com.my/product/833679123/17581990092,3.42,1.6,1.57,2.12,3.06,2.75,3.98
Meiwa 一次性泡沫塑料餐盘 23厘米 白色 耐用 | 25个、50个、75个、100个或125个装，适用于派对和烧烤,56113576454,244282268735,BR,2026-07-08,2026-07-08,派对用品,一次性餐具,,https://cf.shopee.com.br/file/br-11134207-820m5-mqdklvsisw76c3,http://shopee.com.br/product/1514468195/56113576454,-3.49,9.53,,,3.95,1.85,5.05
免费灯泡 现代水晶吊灯 北欧铁艺笼吊灯 餐厅客厅,25497508773,406234610872,PH,2025-10-17,2026-07-20,灯具,室内固定照明-水晶灯,水晶灯,https://cf.shopee.ph/file/ph-11134207-820lc-mqvlj5uqpsslca,http://shopee.ph/product/1649203263/25497508773,-8.44,2.58,2.54,1.29,4.3,5.22,8.29
触控式LED台灯，可调光，无线，3000K色温，可充电，适用于卧室、客厅、酒吧、餐厅,58214116776,238809795146,BR,2026-07-13,2026-07-13,灯具,室内移动照明,台灯/落地灯/夹子灯/学习灯/小夜灯,https://cf.shopee.com.br/file/br-11134207-820l8-mqkpwgp3z9xca1,http://shopee.com.br/product/1726837367/58214116776,-35.01,7.32,,,4.71,3.17,13.29
邀请函盒/洗礼/婚礼/伴娘/15岁生日派对回礼，采用180克纸制成，而非纸板。,22999460429,179728981596,BR,2026-05-14,2026-06-29,派对用品,牌,,https://cf.shopee.com.br/file/br-11134207-820m8-mo793gndhcskef,http://shopee.com.br/product/387951914/22999460429,3.28,4.55,0.71,2.93,3.11,2.33,2.86
白色节能LED球形灯泡 E27接口-5W 7W 12W 18W,44182104403,341127983510,PH,2026-06-29,2026-06-29,灯具,灯泡/灯管,灯泡/灯管,https://cf.shopee.ph/file/ph-11134207-820lg-mq191x5d1u6l27,http://shopee.ph/product/981401544/44182104403,-17.03,0.62,,0.18,2.4,0.72,1.64
粉色气球套装，包含数字、蝴蝶结和星星，适合女孩生日派对装饰,58214001274,239446198963,BR,2026-07-10,2026-07-10,派对用品,气球,,https://cf.shopee.com.br/file/sg-11134201-825au-mqgsbft23h8t59,http://shopee.com.br/product/1276615576/58214001274,0.96,5.75,,,5.36,6.17,14.71
定制横幅，请发送您的设计稿或照片（通过消息发送）,58213814966,228809933018,BR,2026-07-07,2026-08-02,派对用品,背景幕布和横幅,,https://cf.shopee.com.br/file/br-11134207-820ld-mr0oib4kkmpw64,http://shopee.com.br/product/1462180064/58213814966,2.03,7.51,,,6.21,9.83,16.0
【批量购买可享折扣】1厘米宽，1.9米长的仿毛皮绳，用于制作中秋节灯笼。,45557684585,406166048457,VN,2026-03-25,2026-07-06,其他,,,https://cf.shopee.vn/file/vn-11134207-81ztc-mqbia9lm3pxq9d,http://shopee.vn/product/602502085/45557684585,-11.17,0.35,0.29,2.51,4.38,5.0,5.06
12件套气球套装，含蝴蝶结丝带、气球支架，适用于生日派对背景、婴儿派对装饰,57058463072,436145952896,PH,2026-04-09,2026-07-02,派对用品,气球,,https://cf.shopee.ph/file/ph-11134207-820ld-mq5p94nqemmnbf,http://shopee.ph/product/681154582/57058463072,0.44,1.94,5.33,6.14,4.24,3.72,5.76
100/50气球套装，适用于派对、生日、装饰和拱门 - 7英寸,49213215421,262746208295,BR,2026-07-01,2026-07-01,派对用品,气球,,https://cf.shopee.com.br/file/br-11134207-820mb-mq4x5j8knpc0ce,http://shopee.com.br/product/369669985/49213215421,7.57,5.91,,0.04,14.74,17.5,18.96
一套 20 只粉色和金色的豪华 3D 蝴蝶，适用于蛋糕装饰 - 非常适合蝴蝶花园、魔法花园、15 岁生日派对等。,58261260412,229447276982,BR,2026-05-24,2026-07-28,派对用品,其他的,,https://cf.shopee.com.br/file/br-11134207-820mb-molbbzll67etde,http://shopee.com.br/product/486809966/58261260412,-10.92,3.93,0.07,0.78,2.25,1.83,2.71
【大号】超级英雄气球，儿童生日装饰,22272980890,401221841816,VN,2023-07-07,2026-07-17,派对用品,气球,,https://cf.shopee.vn/file/vn-11134207-81ztc-mm1mqvml7e2sfa,http://shopee.vn/product/807475139/22272980890,-5.3,0.61,0.56,1.59,2.66,2.42,3.56
一套20只双面3D蝴蝶，可用于墙面装饰、卧室装饰、派对装饰、生日装饰、蛋糕装饰，色彩缤纷，美观精致，适合DIY。,23098924502,436308853293,BR,2025-09-23,2026-08-02,派对用品,背景幕布和横幅,,https://cf.shopee.com.br/file/br-11134207-81z1k-mfj5duxvbldwc4,http://shopee.com.br/product/445215136/23098924502,-21.27,2.77,4.4,5.87,6.14,3.33,12.64
✅现货！推荐标牌、价格标牌、烤虾串/覆膜、透明、防水店铺装饰标牌（单张价格）- jakjai,55563197020,346143469381,TH,2026-07-02,2026-07-02,派对用品,背景幕布和横幅,,https://cf.shopee.co.th/file/th-11134207-81ztj-mq51q4qv5r7k3e,http://shopee.co.th/product/26600325/55563197020,-3.6,0.69,,0.11,2.04,1.64,2.36
【大号】超级英雄气球，儿童生日装饰,22272980890,401221841815,VN,2023-07-07,2026-07-17,派对用品,气球,,https://cf.shopee.vn/file/vn-11134207-81ztc-mm1mux2oe4uab3,http://shopee.vn/product/807475139/22272980890,-6.7,0.61,0.56,1.59,2.66,2.42,3.56
20个蓝色心形气球套装，上面写着“我爱你，爸爸”，直径22厘米，含气球杆,58264582015,219624449983,BR,2026-07-19,2026-07-19,派对用品,气球,,https://cf.shopee.com.br/file/br-11134207-820lf-mqtpq62v4q2pe7,http://shopee.com.br/product/679749082/58264582015,17.1,8.89,,,2.02,0.33,7.79
个性化人脸蛋糕装饰插牌 4.5 厘米 | 迷你派对装饰插牌 | 可印儿童照片的插牌 | 生日套装 | 派对 | 装饰,23694692816,169729205569,BR,2025-11-21,2026-07-06,派对用品,背景幕布和横幅,,https://cf.shopee.com.br/file/br-11134207-81z1k-mhbcbm7lmr5w9f,http://shopee.com.br/product/779376739/23694692816,-22.34,2.55,0.04,0.5,2.27,2.17,3.93
10个装气球套装 - 18英寸泡泡气球 + 16英寸封装气球,22199323365,149793351936,BR,2026-01-18,2026-07-03,派对用品,气球,,https://cf.shopee.com.br/file/br-11134207-820lq-mq6n0b9wafb75a,http://shopee.com.br/product/582351320/22199323365,13.22,7.89,41.52,34.51,49.29,45.5,54.67
20条装仙女灯，买10送10，1米/2米LED灯串，派对装饰，暖白光/混色,50863495046,436167811930,PH,2026-07-06,2026-07-06,派对用品,其他的,,https://cf.shopee.ph/file/sg-11134201-8259n-mqbt5vku5szve6,http://shopee.ph/product/1836175650/50863495046,-7.47,0.8,,,3.18,3.5,9.57
5/10个太阳能LED地插灯套装，适用于花园、小径、草坪，可选暖光或冷光,58213543267,219191281594,BR,2026-07-02,2026-07-02,灯具,太阳能灯,太阳能装饰灯,https://cf.shopee.com.br/file/br-11134207-820la-mq5vrzdr83r590,http://shopee.com.br/product/409939729/58213543267,-39.79,7.47,,,5.34,8.83,9.64
装饰布艺圣诞老人 30厘米 圣诞装饰品 Shopsul,42623420107,331261903688,BR,2025-10-10,2026-07-23,派对用品,其他的,,https://cf.shopee.com.br/file/br-11134207-820la-mr0bjp6sczr89e,http://shopee.com.br/product/1474606866/42623420107,15.61,9.27,,,3.23,,12.93
32英寸工程机械气球，拖拉机推土机主题生日派对儿童玩具气球,20303200174,406243188551,PH,2022-05-19,2026-07-21,派对用品,气球,,https://cf.shopee.ph/file/ph-11134207-820li-mqx1p1wpx05cc3,http://shopee.ph/product/646678126/20303200174,-0.28,1.78,2.01,2.56,2.23,1.96,3.41
20/40/50/60/80厘米超薄LED橱柜感应灯，3种颜色，2种模式，可充电，BOMSTORE,58263644804,149793377559,BR,2026-07-04,2026-07-04,灯具,室内移动照明,感应灯/磁吸灯/粘贴灯/橱柜灯/衣柜灯/走廊灯,https://cf.shopee.com.br/file/sg-11134201-82596-mq7yeazf4aa7d0,http://shopee.com.br/product/1374288201/58263644804,-10.85,6.52,,,3.46,3.17,5.14
生日个性化背包（不带姓名和年龄或可印制您的图案）,23392339081,376282989608,BR,2023-09-06,2026-07-27,派对用品,其他的,,https://cf.shopee.com.br/file/br-11134207-7r98q-llb2ic440y1703,http://shopee.com.br/product/286287413/23392339081,16.76,9.93,7.79,7.0,9.57,9.0,11.29
200W LED泛光灯，防水，双电压，冷白光,58263878897,228808427414,BR,2026-07-08,2026-07-08,灯具,室内固定照明-其他,筒灯/射灯/嵌灯/轨道灯/壁灯/镜前灯/橱窗灯,https://cf.shopee.com.br/file/sg-11134201-820m8-mnb3itk5ni124e,http://shopee.com.br/product/1553736756/58263878897,-27.44,9.29,,,10.77,12.25,23.0
